Attribute,Index,Dirty Value,Clean Value
surname,102,waldherr,weener
surname,215,haining,wolin
surname,232,haining,wolin
surname,636,rayne,senator
surname,794,waldherr,weener
surname,1163,haining,wolin
surname,1219,haining,wolin
surname,1245,waldherr,weener
surname,1421,waldherr,weener
surname,1539,waldherr,weener
surname,1548,waldherr,weener
surname,1830,haining,wolin
surname,1942,rayne,senator
surname,2265,rayne,senator
surname,2288,haining,wolin
surname,2391,rayne,senator
surname,2396,rayne,senator
surname,2478,waldherr,weener
surname,2662,haining,wolin
surname,2848,waldherr,weener
surname,2891,waldherr,weener
surname,3018,haining,wolin
surname,3052,rayne,senator
surname,3066,rayne,senator
surname,3306,haining,wolin
surname,3694,rayne,senator
surname,3775,waldherr,weener
surname,3871,waldherr,weener
surname,4013,haining,wolin
surname,4080,haining,wolin
surname,4307,rayne,senator
surname,4638,waldherr,weener
surname,4708,waldherr,weener
surname,4828,rayne,senator
surname,4924,rayne,senator
surname,4950,waldherr,weener
surname,5024,rayne,senator
surname,5025,rayne,senator
surname,5036,waldherr,weener
surname,5038,haining,wolin
surname,5178,haining,wolin
surname,5308,rayne,senator
surname,5343,rayne,senator
surname,5357,haining,wolin
surname,5535,haining,wolin
surname,5559,rayne,senator
surname,5643,waldherr,weener
surname,5663,waldherr,weener
surname,5970,waldherr,weener
surname,5986,haining,wolin
surname,6052,waldherr,weener
surname,6079,waldherr,weener
surname,6182,rayne,senator
surname,6327,haining,wolin
surname,6333,rayne,senator
surname,6451,waldherr,weener
surname,6485,waldherr,weener
surname,6492,haining,wolin
surname,6497,waldherr,weener
surname,6555,rayne,senator
surname,6556,haining,wolin
surname,6870,rayne,senator
surname,6935,rayne,senator
surname,6986,haining,wolin
surname,7041,waldherr,weener
surname,7207,rayne,senator
surname,7257,waldherr,weener
surname,7671,haining,wolin
surname,7851,waldherr,weener
surname,7912,waldherr,weener
surname,8137,waldherr,weener
surname,8240,waldherr,weener
surname,8422,haining,wolin
surname,8700,haining,wolin
surname,8762,waldherr,weener
surname,8894,haining,wolin
surname,8914,waldherr,weener
surname,8973,waldherr,weener
surname,9154,rayne,senator
surname,9162,waldherr,weener
surname,9381,rayne,senator
surname,9593,rayne,senator
surname,9694,waldherr,weener
surname,9727,rayne,senator
surname,9871,rayne,senator
surname,9907,waldherr,weener
surname,9914,haining,wolin
surname,9917,haining,wolin
surname,10071,waldherr,weener
surname,10104,haining,wolin
surname,10275,waldherr,weener
surname,10327,waldherr,weener
surname,10463,rayne,senator
surname,10512,waldherr,weener
surname,10526,rayne,senator
surname,10928,haining,wolin
surname,11037,haining,wolin
surname,11039,haining,wolin
surname,11068,waldherr,weener
surname,11258,haining,wolin
surname,11435,rayne,senator
surname,11617,rayne,senator
surname,11850,waldherr,weener
surname,11879,waldherr,weener
surname,12006,rayne,senator
surname,12057,waldherr,weener
surname,12343,rayne,senator
surname,12589,rayne,senator
surname,12640,waldherr,weener
surname,12741,waldherr,weener
surname,12860,rayne,senator
surname,12889,rayne,senator
surname,13159,waldherr,weener
surname,13306,haining,wolin
surname,13337,waldherr,weener
surname,13462,rayne,senator
surname,13476,rayne,senator
surname,13572,rayne,senator
surname,13799,haining,wolin
surname,13963,waldherr,weener
surname,14033,haining,wolin
surname,14348,haining,wolin
surname,14379,haining,wolin
surname,14659,haining,wolin
surname,14861,waldherr,weener
surname,14923,haining,wolin
surname,15186,haining,wolin
surname,15296,rayne,senator
surname,15593,rayne,senator
surname,15598,waldherr,weener
surname,15611,waldherr,weener
surname,15903,haining,wolin
surname,15931,waldherr,weener
surname,16104,waldherr,weener
surname,16119,rayne,senator
surname,16125,rayne,senator
surname,16158,waldherr,weener
surname,16656,rayne,senator
surname,16715,waldherr,weener
surname,16904,waldherr,weener
surname,16906,rayne,senator
surname,16940,rayne,senator
surname,17003,haining,wolin
surname,17319,rayne,senator
surname,17502,rayne,senator
surname,17554,waldherr,weener
surname,17686,waldherr,weener
surname,17764,waldherr,weener
surname,17873,haining,wolin
surname,18388,waldherr,weener
surname,18431,haining,wolin
surname,18551,haining,wolin
surname,18803,haining,wolin
surname,18862,rayne,senator
surname,18934,haining,wolin
surname,19009,waldherr,weener
surname,19491,waldherr,weener
surname,19572,waldherr,weener
surname,19589,waldherr,weener
surname,19591,rayne,senator
surname,19820,waldherr,weener
surname,20089,haining,wolin
surname,20119,rayne,senator
surname,20261,waldherr,weener
surname,20478,haining,wolin
surname,20603,rayne,senator
surname,20655,waldherr,weener
surname,20760,rayne,senator
surname,21044,haining,wolin
surname,21137,rayne,senator
surname,21324,haining,wolin
surname,21571,rayne,senator
surname,21574,waldherr,weener
surname,21813,waldherr,weener
surname,22090,rayne,senator
surname,22270,haining,wolin
surname,22459,haining,wolin
surname,22761,rayne,senator
surname,22922,waldherr,weener
surname,23014,waldherr,weener
surname,23085,rayne,senator
surname,23113,haining,wolin
surname,23349,haining,wolin
surname,23392,rayne,senator
surname,23663,waldherr,weener
surname,24370,waldherr,weener
surname,24492,waldherr,weener
surname,24587,rayne,senator
surname,24638,waldherr,weener
surname,24910,waldherr,weener
surname,25123,haining,wolin
surname,25270,devroye,weener
surname,25426,haining,wolin
surname,25731,devroye,weener
surname,26024,haining,wolin
surname,26212,devroye,weener
surname,26227,haining,wolin
surname,26229,haining,wolin
surname,26252,devroye,weener
surname,26365,haining,wolin
surname,26421,haining,wolin
surname,26432,haining,wolin
surname,26500,rayne,senator
surname,26580,haining,wolin
surname,26660,devroye,weener
surname,26749,haining,wolin
surname,26804,rayne,senator
surname,26924,devroye,weener
surname,27086,devroye,weener
surname,27162,devroye,weener
surname,27468,haining,wolin
surname,27685,haining,wolin
surname,27776,haining,wolin
surname,28151,haining,wolin
surname,28379,haining,wolin
surname,28393,haining,wolin
surname,28516,devroye,weener
surname,28536,devroye,weener
surname,28635,rayne,senator
surname,28694,haining,wolin
surname,28928,rayne,senator
surname,29088,devroye,weener
surname,29104,haining,wolin
surname,29324,haining,wolin
surname,29442,rayne,senator
surname,29932,haining,wolin
surname,29975,haining,wolin
surname,30171,rayne,senator
surname,30230,rayne,senator
surname,30252,rayne,senator
surname,30282,devroye,weener
surname,30394,devroye,weener
surname,30559,haining,wolin
surname,30778,rayne,senator
surname,30780,haining,wolin
surname,30829,rayne,senator
surname,30861,rayne,senator
surname,30978,rayne,senator
surname,31117,rayne,senator
surname,31296,haining,wolin
surname,31352,haining,wolin
surname,31358,haining,wolin
surname,31573,devroye,weener
surname,31614,devroye,weener
surname,31700,haining,wolin
surname,32037,haining,wolin
surname,32069,rayne,senator
surname,32097,rayne,senator
surname,32604,haining,wolin
surname,32738,haining,wolin
surname,33513,rayne,senator
surname,33518,haining,wolin
surname,33522,rayne,senator
surname,33562,devroye,weener
surname,33678,devroye,weener
surname,34068,devroye,weener
surname,34129,devroye,weener
surname,34159,devroye,weener
surname,34511,devroye,weener
surname,34522,rayne,senator
surname,34539,haining,wolin
surname,34561,devroye,weener
surname,34629,devroye,weener
surname,34784,rayne,senator
surname,34947,devroye,weener
surname,35088,rayne,senator
surname,35434,rayne,senator
surname,35473,devroye,weener
surname,35554,devroye,weener
surname,35691,devroye,weener
surname,35693,rayne,senator
surname,35995,rayne,senator
surname,36018,haining,wolin
surname,36113,rayne,senator
surname,36545,devroye,weener
surname,36671,devroye,weener
surname,36679,devroye,weener
surname,36847,devroye,weener
surname,37176,haining,wolin
surname,37529,rayne,senator
surname,37557,devroye,weener
surname,37704,devroye,weener
surname,37725,rayne,senator
surname,37801,haining,wolin
surname,37952,devroye,weener
surname,38061,devroye,weener
surname,38496,haining,wolin
surname,38518,devroye,weener
surname,38527,devroye,weener
surname,38602,rayne,senator
surname,38632,devroye,weener
surname,38767,haining,wolin
surname,38820,haining,wolin
surname,38911,rayne,senator
surname,39246,devroye,weener
surname,39435,rayne,senator
surname,39627,devroye,weener
surname,39714,haining,wolin
surname,39881,rayne,senator
surname,39941,rayne,senator
surname,40232,rayne,senator
surname,40360,rayne,senator
surname,40716,rayne,senator
surname,40780,devroye,weener
surname,40927,devroye,weener
surname,40948,haining,wolin
surname,41007,rayne,senator
surname,41044,haining,wolin
surname,41069,haining,wolin
surname,41124,rayne,senator
surname,41191,devroye,weener
surname,41378,haining,wolin
surname,41594,rayne,senator
surname,41606,devroye,weener
surname,41612,haining,wolin
surname,41640,devroye,weener
surname,41768,haining,wolin
surname,41823,devroye,weener
surname,41948,haining,wolin
surname,42127,rayne,senator
surname,42205,haining,wolin
surname,42231,haining,wolin
surname,42348,devroye,weener
surname,42349,rayne,senator
surname,42523,devroye,weener
surname,42986,rayne,senator
surname,43023,rayne,senator
surname,43336,devroye,weener
surname,43445,haining,wolin
surname,43510,devroye,weener
surname,43584,devroye,weener
surname,43838,rayne,senator
surname,43913,haining,wolin
surname,44056,devroye,weener
surname,44095,devroye,weener
surname,44177,rayne,senator
surname,44196,haining,wolin
surname,44289,rayne,senator
surname,44388,rayne,senator
surname,44534,haining,wolin
surname,44604,rayne,senator
surname,44646,rayne,senator
surname,44689,rayne,senator
surname,44727,devroye,weener
surname,44925,rayne,senator
surname,45079,haining,wolin
surname,45250,rayne,senator
surname,45530,rayne,senator
surname,45603,devroye,weener
surname,45662,haining,wolin
surname,45710,devroye,weener
surname,45815,rayne,senator
surname,45867,rayne,senator
surname,46036,devroye,weener
surname,46126,devroye,weener
surname,46137,rayne,senator
surname,46172,devroye,weener
surname,46354,rayne,senator
surname,46368,haining,wolin
surname,46416,devroye,weener
surname,46602,rayne,senator
surname,46612,rayne,senator
surname,46659,rayne,senator
surname,46733,rayne,senator
surname,46812,haining,wolin
surname,46878,haining,wolin
surname,46940,rayne,senator
surname,47118,rayne,senator
surname,47174,haining,wolin
surname,47251,rayne,senator
surname,47360,devroye,weener
surname,47495,devroye,weener
surname,47518,rayne,senator
surname,47569,rayne,senator
surname,47573,rayne,senator
surname,48270,rayne,senator
surname,48347,devroye,weener
surname,48562,rayne,senator
surname,48651,rayne,senator
surname,48662,devroye,weener
surname,48697,haining,wolin
surname,48799,haining,wolin
surname,48942,haining,wolin
surname,48964,devroye,weener
surname,49005,haining,wolin
surname,49214,haining,wolin
surname,49218,devroye,weener
surname,49790,haining,wolin
surname,49950,rayne,senator
surname,50072,rayne,senator
surname,50084,haining,wolin
surname,50279,rayne,senator
surname,50378,rayne,senator
surname,50444,devroye,weener
surname,50470,devroye,weener
surname,50485,rayne,senator
surname,50607,haining,wolin
surname,50627,devroye,weener
surname,51047,haining,wolin
surname,51050,rayne,senator
surname,51199,devroye,weener
surname,51420,rayne,senator
surname,51487,rayne,senator
surname,51492,rayne,senator
surname,51646,haining,wolin
surname,51853,devroye,weener
surname,52124,rayne,senator
surname,52586,haining,wolin
surname,52858,haining,wolin
surname,52997,devroye,weener
surname,53369,haining,wolin
surname,53373,haining,wolin
surname,53419,rayne,senator
surname,53684,devroye,weener
surname,53726,devroye,weener
surname,54498,haining,wolin
surname,54736,haining,wolin
surname,54853,haining,wolin
surname,54908,haining,wolin
surname,55085,rayne,senator
surname,55331,rayne,senator
surname,55376,rayne,senator
surname,55392,haining,wolin
surname,55816,rayne,senator
surname,55974,haining,wolin
surname,56037,haining,wolin
surname,56056,devroye,weener
surname,56079,devroye,weener
surname,56137,devroye,weener
surname,56419,devroye,weener
surname,56421,rayne,senator
surname,56445,devroye,weener
surname,56778,devroye,weener
surname,56789,rayne,senator
surname,56822,haining,wolin
surname,56938,haining,wolin
surname,56940,devroye,weener
surname,57082,haining,wolin
surname,57110,devroye,weener
surname,57247,rayne,senator
surname,57259,rayne,senator
surname,57295,devroye,weener
surname,57444,rayne,senator
surname,57601,devroye,weener
surname,57891,rayne,senator
surname,57931,devroye,weener
surname,58161,haining,wolin
surname,58315,devroye,weener
surname,58579,haining,wolin
surname,58765,haining,wolin
surname,58954,haining,wolin
surname,59095,haining,wolin
surname,59118,devroye,weener
surname,59230,rayne,senator
surname,59351,haining,wolin
surname,59479,rayne,senator
surname,59698,haining,wolin
surname,59730,rayne,senator
surname,59761,haining,wolin
surname,59893,rayne,senator
surname,60072,haining,wolin
surname,60114,haining,wolin
surname,60194,rayne,senator
surname,60215,haining,wolin
surname,60609,rayne,senator
surname,60697,haining,wolin
surname,60798,haining,wolin
surname,60847,devroye,weener
surname,61902,devroye,weener
surname,61915,devroye,weener
surname,61994,devroye,weener
surname,62556,devroye,weener
surname,62630,haining,wolin
surname,62651,haining,wolin
surname,62903,devroye,weener
surname,63012,haining,wolin
surname,63075,devroye,weener
surname,63151,rayne,senator
surname,63174,devroye,weener
surname,63211,haining,wolin
surname,63403,rayne,senator
surname,63447,haining,wolin
surname,63603,devroye,weener
surname,63634,devroye,weener
surname,63934,haining,wolin
surname,64004,haining,wolin
surname,64243,haining,wolin
surname,64456,devroye,weener
surname,64670,rayne,senator
surname,64844,rayne,senator
surname,65077,rayne,senator
surname,65201,devroye,weener
surname,65266,devroye,weener
surname,65378,devroye,weener
surname,65442,rayne,senator
surname,65461,devroye,weener
surname,65487,rayne,senator
surname,65656,haining,wolin
surname,65692,haining,wolin
surname,66041,devroye,weener
surname,66075,devroye,weener
surname,66236,haining,wolin
surname,66596,rayne,senator
surname,66668,haining,wolin
surname,66751,haining,wolin
surname,66767,haining,wolin
surname,66801,haining,wolin
surname,66841,rayne,senator
surname,66849,devroye,weener
surname,66933,haining,wolin
surname,66967,rayne,senator
surname,67129,haining,wolin
surname,67213,devroye,weener
surname,67315,haining,wolin
surname,67394,haining,wolin
surname,67452,rayne,senator
surname,67685,devroye,weener
surname,67826,rayne,senator
surname,67886,rayne,senator
surname,68091,rayne,senator
surname,68165,haining,wolin
surname,68214,rayne,senator
surname,68249,haining,wolin
surname,68278,devroye,weener
surname,68292,haining,wolin
surname,68447,devroye,weener
surname,68502,rayne,senator
surname,68588,devroye,weener
surname,68696,haining,wolin
surname,68936,rayne,senator
surname,69006,haining,wolin
surname,69283,devroye,weener
surname,69353,rayne,senator
surname,69826,rayne,senator
surname,69933,rayne,senator
surname,69973,rayne,senator
surname,70119,rayne,senator
surname,70673,devroye,weener
surname,70827,rayne,senator
surname,70880,haining,wolin
surname,71444,rayne,senator
surname,71886,devroye,weener
surname,71946,haining,wolin
surname,71961,haining,wolin
surname,71965,rayne,senator
surname,72004,devroye,weener
surname,72073,rayne,senator
surname,72087,devroye,weener
surname,72289,rayne,senator
surname,72481,rayne,senator
surname,72652,rayne,senator
surname,72745,rayne,senator
surname,73048,haining,wolin
surname,73144,rayne,senator
surname,73373,rayne,senator
surname,73409,haining,wolin
surname,73663,rayne,senator
surname,73703,rayne,senator
surname,73716,devroye,weener
surname,73787,haining,wolin
surname,73834,rayne,senator
surname,73883,devroye,weener
surname,74018,rayne,senator
surname,74292,rayne,senator
surname,74500,haining,wolin
surname,74640,devroye,weener
surname,75230,devroye,weener
surname,75245,rayne,senator
surname,75363,rayne,senator
surname,75373,haining,wolin
surname,75438,devroye,weener
surname,75656,devroye,weener
surname,75900,haining,wolin
surname,75993,haining,wolin
surname,75998,rayne,senator
surname,76010,haining,wolin
surname,76709,haining,wolin
surname,76773,devroye,weener
surname,76822,rayne,senator
surname,76920,haining,wolin
surname,76959,rayne,senator
surname,77236,rayne,senator
surname,77309,rayne,senator
surname,77332,rayne,senator
surname,77454,haining,wolin
surname,77536,haining,wolin
surname,77606,rayne,senator
surname,77656,devroye,weener
surname,77665,devroye,weener
surname,77745,devroye,weener
surname,77779,haining,wolin
surname,77944,haining,wolin
surname,78230,rayne,senator
surname,78316,devroye,weener
surname,78395,devroye,weener
surname,78443,haining,wolin
surname,78458,haining,wolin
surname,78652,devroye,weener
surname,78739,rayne,senator
surname,78836,rayne,senator
surname,78849,haining,wolin
surname,78884,haining,wolin
surname,79403,haining,wolin
surname,79421,haining,wolin
surname,79834,devroye,weener
surname,79848,devroye,weener
surname,79917,haining,wolin
surname,79988,devroye,weener
surname,80081,rayne,senator
surname,80177,devroye,weener
surname,80469,devroye,weener
surname,80547,haining,wolin
surname,80601,rayne,senator
surname,80649,devroye,weener
surname,80746,haining,wolin
surname,81015,devroye,weener
surname,81040,haining,wolin
surname,81163,haining,wolin
surname,81222,rayne,senator
surname,81363,devroye,weener
surname,81474,devroye,weener
surname,81584,haining,wolin
surname,81697,devroye,weener
surname,82123,rayne,senator
surname,82225,devroye,weener
surname,82753,rayne,senator
surname,82776,rayne,senator
surname,82933,devroye,weener
surname,83199,rayne,senator
surname,83394,rayne,senator
surname,83409,devroye,weener
surname,83464,devroye,weener
surname,83523,rayne,senator
surname,83547,haining,wolin
surname,83664,rayne,senator
surname,83751,devroye,weener
surname,83778,devroye,weener
surname,83960,devroye,weener
surname,83973,devroye,weener
surname,84032,devroye,weener
surname,84234,haining,wolin
surname,84241,haining,wolin
surname,84356,rayne,senator
surname,84411,devroye,weener
surname,84437,devroye,weener
surname,84474,haining,wolin
surname,84539,haining,wolin
surname,84555,haining,wolin
surname,84856,rayne,senator
surname,84946,rayne,senator
surname,84970,devroye,weener
surname,85269,haining,wolin
surname,85510,rayne,senator
surname,85609,rayne,senator
surname,85914,haining,wolin
surname,86190,devroye,weener
surname,86227,rayne,senator
surname,86247,rayne,senator
surname,86321,rayne,senator
surname,86408,devroye,weener
surname,86492,rayne,senator
surname,87002,devroye,weener
surname,87263,rayne,senator
surname,87285,haining,wolin
surname,87366,rayne,senator
surname,87445,devroye,weener
surname,87555,haining,wolin
surname,87789,devroye,weener
surname,87863,devroye,weener
surname,87959,devroye,weener
surname,87962,devroye,weener
surname,88019,haining,wolin
surname,88191,rayne,senator
surname,88415,rayne,senator
surname,88841,rayne,senator
surname,89503,rayne,senator
surname,89532,haining,wolin
surname,89557,haining,wolin
surname,89694,rayne,senator
surname,89785,rayne,senator
surname,90051,devroye,weener
surname,90207,devroye,weener
surname,90349,rayne,senator
surname,90431,rayne,senator
surname,90448,haining,wolin
surname,90689,devroye,weener
surname,90845,haining,wolin
surname,90876,rayne,senator
surname,90879,haining,wolin
surname,90880,devroye,weener
surname,90947,rayne,senator
surname,91221,haining,wolin
surname,91396,haining,wolin
surname,91563,haining,wolin
surname,91630,rayne,senator
surname,91664,haining,wolin
surname,91809,devroye,weener
surname,91991,rayne,senator
surname,92001,rayne,senator
surname,92072,haining,wolin
surname,92121,rayne,senator
surname,92149,haining,wolin
surname,92264,devroye,weener
surname,92339,rayne,senator
surname,92533,haining,wolin
surname,92954,rayne,senator
surname,92955,rayne,senator
surname,92958,devroye,weener
surname,92991,haining,wolin
surname,93053,devroye,weener
surname,93207,haining,wolin
surname,93270,rayne,senator
surname,93352,devroye,weener
surname,93416,rayne,senator
surname,93534,devroye,weener
surname,93546,rayne,senator
surname,93638,haining,wolin
surname,93754,rayne,senator
surname,93849,rayne,senator
surname,93978,rayne,senator
surname,94013,rayne,senator
surname,94150,devroye,weener
surname,94230,rayne,senator
surname,94237,devroye,weener
surname,94260,devroye,weener
surname,94369,haining,wolin
surname,94547,haining,wolin
surname,94759,devroye,weener
surname,94760,rayne,senator
surname,94924,rayne,senator
surname,94942,haining,wolin
surname,95009,devroye,weener
surname,95047,rayne,senator
surname,95078,haining,wolin
surname,95084,rayne,senator
surname,95170,devroye,weener
surname,95235,haining,wolin
surname,95552,devroye,weener
surname,95628,devroye,weener
surname,95811,haining,wolin
surname,95836,rayne,senator
surname,96050,haining,wolin
surname,96092,rayne,senator
surname,96585,rayne,senator
surname,96732,rayne,senator
surname,97068,rayne,senator
surname,97179,rayne,senator
surname,97287,rayne,senator
surname,97293,devroye,weener
surname,97496,haining,wolin
surname,97901,devroye,weener
surname,98268,rayne,senator
surname,98717,haining,wolin
surname,98858,devroye,weener
surname,98889,rayne,senator
surname,99234,devroye,weener
surname,99304,rayne,senator
surname,99486,devroye,weener
surname,100102,devroye,weener
surname,100215,haining,wolin
surname,100232,haining,wolin
surname,100636,rayne,senator
surname,100794,devroye,weener
surname,101163,haining,wolin
surname,101219,haining,wolin
surname,101245,devroye,weener
surname,101421,devroye,weener
surname,101539,devroye,weener
surname,101548,devroye,weener
surname,101830,haining,wolin
surname,101942,rayne,senator
surname,102265,rayne,senator
surname,102288,haining,wolin
surname,102391,rayne,senator
surname,102396,rayne,senator
surname,102478,devroye,weener
surname,102662,haining,wolin
surname,102848,devroye,weener
surname,102891,devroye,weener
surname,103018,haining,wolin
surname,103052,rayne,senator
surname,103066,rayne,senator
surname,103306,haining,wolin
surname,103694,rayne,senator
surname,103775,devroye,weener
surname,103871,devroye,weener
surname,104013,haining,wolin
surname,104080,haining,wolin
surname,104307,rayne,senator
surname,104638,devroye,weener
surname,104708,devroye,weener
surname,104828,rayne,senator
surname,104924,rayne,senator
surname,104950,devroye,weener
surname,105024,rayne,senator
surname,105025,rayne,senator
surname,105036,devroye,weener
surname,105038,haining,wolin
surname,105178,haining,wolin
surname,105308,rayne,senator
surname,105343,rayne,senator
surname,105357,haining,wolin
surname,105535,haining,wolin
surname,105559,rayne,senator
surname,105643,devroye,weener
surname,105663,devroye,weener
surname,105970,devroye,weener
surname,105986,haining,wolin
surname,106052,devroye,weener
surname,106079,devroye,weener
surname,106182,rayne,senator
surname,106327,haining,wolin
surname,106333,rayne,senator
surname,106451,devroye,weener
surname,106485,devroye,weener
surname,106492,haining,wolin
surname,106497,devroye,weener
surname,106555,rayne,senator
surname,106556,haining,wolin
surname,106870,rayne,senator
surname,106935,rayne,senator
surname,106986,haining,wolin
surname,107041,devroye,weener
surname,107207,rayne,senator
surname,107257,devroye,weener
surname,107671,haining,wolin
surname,107851,devroye,weener
surname,107912,devroye,weener
surname,108137,devroye,weener
surname,108240,devroye,weener
surname,108422,haining,wolin
surname,108700,haining,wolin
surname,108762,devroye,weener
surname,108894,haining,wolin
surname,108914,devroye,weener
surname,108973,devroye,weener
surname,109154,rayne,senator
surname,109162,devroye,weener
surname,109381,rayne,senator
surname,109593,rayne,senator
surname,109694,devroye,weener
surname,109727,rayne,senator
surname,109871,rayne,senator
surname,109907,devroye,weener
surname,109914,haining,wolin
surname,109917,haining,wolin
surname,110071,devroye,weener
surname,110104,haining,wolin
surname,110275,devroye,weener
surname,110327,devroye,weener
surname,110463,rayne,senator
surname,110512,devroye,weener
surname,110526,rayne,senator
surname,110928,haining,wolin
surname,111037,haining,wolin
surname,111039,haining,wolin
surname,111068,devroye,weener
surname,111258,haining,wolin
surname,111435,rayne,senator
surname,111617,rayne,senator
surname,111850,devroye,weener
surname,111879,devroye,weener
surname,112006,rayne,senator
surname,112057,devroye,weener
surname,112343,rayne,senator
surname,112589,rayne,senator
surname,112640,devroye,weener
surname,112741,devroye,weener
surname,112860,rayne,senator
surname,112889,rayne,senator
surname,113159,devroye,weener
surname,113306,haining,wolin
surname,113337,devroye,weener
surname,113462,rayne,senator
surname,113476,rayne,senator
surname,113572,rayne,senator
surname,113799,haining,wolin
surname,113963,devroye,weener
surname,114033,haining,wolin
surname,114348,haining,wolin
surname,114379,haining,wolin
surname,114659,haining,wolin
surname,114861,devroye,weener
surname,114923,haining,wolin
surname,115186,haining,wolin
surname,115296,rayne,senator
surname,115593,rayne,senator
surname,115598,devroye,weener
surname,115611,devroye,weener
surname,115903,haining,wolin
surname,115931,devroye,weener
surname,116104,devroye,weener
surname,116119,rayne,senator
surname,116125,rayne,senator
surname,116158,devroye,weener
surname,116656,rayne,senator
surname,116715,devroye,weener
surname,116904,devroye,weener
surname,116906,rayne,senator
surname,116940,rayne,senator
surname,117003,haining,wolin
surname,117319,rayne,senator
surname,117502,rayne,senator
surname,117554,devroye,weener
surname,117686,devroye,weener
surname,117764,devroye,weener
surname,117873,haining,wolin
surname,118388,devroye,weener
surname,118431,haining,wolin
surname,118551,haining,wolin
surname,118803,haining,wolin
surname,118862,rayne,senator
surname,118934,haining,wolin
surname,119009,devroye,weener
surname,119491,devroye,weener
surname,119572,devroye,weener
surname,119589,devroye,weener
surname,119591,rayne,senator
surname,119820,devroye,weener
surname,120089,haining,wolin
surname,120119,rayne,senator
surname,120261,devroye,weener
surname,120478,haining,wolin
surname,120603,rayne,senator
surname,120655,devroye,weener
surname,120760,rayne,senator
surname,121044,haining,wolin
surname,121137,rayne,senator
surname,121324,haining,wolin
surname,121571,rayne,senator
surname,121574,devroye,weener
surname,121813,devroye,weener
surname,122090,rayne,senator
surname,122270,haining,wolin
surname,122459,haining,wolin
surname,122761,rayne,senator
surname,122922,devroye,weener
surname,123014,devroye,weener
surname,123085,rayne,senator
surname,123113,haining,wolin
surname,123349,haining,wolin
surname,123392,rayne,senator
surname,123663,devroye,weener
surname,124370,devroye,weener
surname,124492,devroye,weener
surname,124587,rayne,senator
surname,124638,devroye,weener
surname,124910,devroye,weener
surname,125123,haining,wolin
surname,125270,devroye,weener
surname,125426,haining,wolin
surname,125731,devroye,weener
surname,126024,haining,wolin
surname,126212,devroye,weener
surname,126227,haining,wolin
surname,126229,haining,wolin
surname,126252,devroye,weener
surname,126365,haining,wolin
surname,126421,haining,wolin
surname,126432,haining,wolin
surname,126500,rayne,senator
surname,126580,haining,wolin
surname,126660,devroye,weener
surname,126749,haining,wolin
surname,126804,rayne,senator
surname,126924,devroye,weener
surname,127086,devroye,weener
surname,127162,devroye,weener
surname,127468,haining,wolin
surname,127685,haining,wolin
surname,127776,haining,wolin
surname,128151,haining,wolin
surname,128379,haining,wolin
surname,128393,haining,wolin
surname,128516,devroye,weener
surname,128536,devroye,weener
surname,128635,rayne,senator
surname,128694,haining,wolin
surname,128928,rayne,senator
surname,129088,devroye,weener
surname,129104,haining,wolin
surname,129324,haining,wolin
surname,129442,rayne,senator
surname,129932,haining,wolin
surname,129975,haining,wolin
surname,130171,rayne,senator
surname,130230,rayne,senator
surname,130252,rayne,senator
surname,130282,devroye,weener
surname,130394,devroye,weener
surname,130559,haining,wolin
surname,130778,rayne,senator
surname,130780,haining,wolin
surname,130829,rayne,senator
surname,130861,rayne,senator
surname,130978,rayne,senator
surname,131117,rayne,senator
surname,131296,haining,wolin
surname,131352,haining,wolin
surname,131358,haining,wolin
surname,131573,devroye,weener
surname,131614,devroye,weener
surname,131700,haining,wolin
surname,132037,haining,wolin
surname,132069,rayne,senator
surname,132097,rayne,senator
surname,132604,haining,wolin
surname,132738,haining,wolin
surname,133513,rayne,senator
surname,133518,haining,wolin
surname,133522,rayne,senator
surname,133562,devroye,weener
surname,133678,devroye,weener
surname,134068,devroye,weener
surname,134129,devroye,weener
surname,134159,devroye,weener
surname,134511,devroye,weener
surname,134522,rayne,senator
surname,134539,haining,wolin
surname,134561,devroye,weener
surname,134629,devroye,weener
surname,134784,rayne,senator
surname,134947,devroye,weener
surname,135088,rayne,senator
surname,135434,rayne,senator
surname,135473,devroye,weener
surname,135554,devroye,weener
surname,135691,devroye,weener
surname,135693,rayne,senator
surname,135995,rayne,senator
surname,136018,haining,wolin
surname,136113,rayne,senator
surname,136545,devroye,weener
surname,136671,devroye,weener
surname,136679,devroye,weener
surname,136847,devroye,weener
surname,137176,haining,wolin
surname,137529,rayne,senator
surname,137557,devroye,weener
surname,137704,devroye,weener
surname,137725,rayne,senator
surname,137801,haining,wolin
surname,137952,devroye,weener
surname,138061,devroye,weener
surname,138496,haining,wolin
surname,138518,devroye,weener
surname,138527,devroye,weener
surname,138602,rayne,senator
surname,138632,devroye,weener
surname,138767,haining,wolin
surname,138820,haining,wolin
surname,138911,rayne,senator
surname,139246,devroye,weener
surname,139435,rayne,senator
surname,139627,devroye,weener
surname,139714,haining,wolin
surname,139881,rayne,senator
surname,139941,rayne,senator
surname,140232,rayne,senator
surname,140360,rayne,senator
surname,140716,rayne,senator
surname,140780,devroye,weener
surname,140927,devroye,weener
surname,140948,haining,wolin
surname,141007,rayne,senator
surname,141044,haining,wolin
surname,141069,haining,wolin
surname,141124,rayne,senator
surname,141191,devroye,weener
surname,141378,haining,wolin
surname,141594,rayne,senator
surname,141606,devroye,weener
surname,141612,haining,wolin
surname,141640,devroye,weener
surname,141768,haining,wolin
surname,141823,devroye,weener
surname,141948,haining,wolin
surname,142127,rayne,senator
surname,142205,haining,wolin
surname,142231,haining,wolin
surname,142348,devroye,weener
surname,142349,rayne,senator
surname,142523,devroye,weener
surname,142986,rayne,senator
surname,143023,rayne,senator
surname,143336,devroye,weener
surname,143445,haining,wolin
surname,143510,devroye,weener
surname,143584,devroye,weener
surname,143838,rayne,senator
surname,143913,haining,wolin
surname,144056,devroye,weener
surname,144095,devroye,weener
surname,144177,rayne,senator
surname,144196,haining,wolin
surname,144289,rayne,senator
surname,144388,rayne,senator
surname,144534,haining,wolin
surname,144604,rayne,senator
surname,144646,rayne,senator
surname,144689,rayne,senator
surname,144727,devroye,weener
surname,144925,rayne,senator
surname,145079,haining,wolin
surname,145250,rayne,senator
surname,145530,rayne,senator
surname,145603,devroye,weener
surname,145662,haining,wolin
surname,145710,devroye,weener
surname,145815,rayne,senator
surname,145867,rayne,senator
surname,146036,devroye,weener
surname,146126,devroye,weener
surname,146137,rayne,senator
surname,146172,devroye,weener
surname,146354,rayne,senator
surname,146368,haining,wolin
surname,146416,devroye,weener
surname,146602,rayne,senator
surname,146612,rayne,senator
surname,146659,rayne,senator
surname,146733,rayne,senator
surname,146812,haining,wolin
surname,146878,haining,wolin
surname,146940,rayne,senator
surname,147118,rayne,senator
surname,147174,haining,wolin
surname,147251,rayne,senator
surname,147360,devroye,weener
surname,147495,devroye,weener
surname,147518,rayne,senator
surname,147569,rayne,senator
surname,147573,rayne,senator
surname,148270,rayne,senator
surname,148347,devroye,weener
surname,148562,rayne,senator
surname,148651,rayne,senator
surname,148662,devroye,weener
surname,148697,haining,wolin
surname,148799,haining,wolin
surname,148942,haining,wolin
surname,148964,devroye,weener
surname,149005,haining,wolin
surname,149214,haining,wolin
surname,149218,devroye,weener
surname,149790,haining,wolin
surname,149950,rayne,senator
surname,150072,rayne,senator
surname,150084,haining,wolin
surname,150279,rayne,senator
surname,150378,rayne,senator
surname,150444,devroye,weener
surname,150470,devroye,weener
surname,150485,rayne,senator
surname,150607,haining,wolin
surname,150627,devroye,weener
surname,151047,haining,wolin
surname,151050,rayne,senator
surname,151199,devroye,weener
surname,151420,rayne,senator
surname,151487,rayne,senator
surname,151492,rayne,senator
surname,151646,haining,wolin
surname,151853,devroye,weener
surname,152124,rayne,senator
surname,152586,haining,wolin
surname,152858,haining,wolin
surname,152997,devroye,weener
surname,153369,haining,wolin
surname,153373,haining,wolin
surname,153419,rayne,senator
surname,153684,devroye,weener
surname,153726,devroye,weener
surname,154498,haining,wolin
surname,154736,haining,wolin
surname,154853,haining,wolin
surname,154908,haining,wolin
surname,155085,rayne,senator
surname,155331,rayne,senator
surname,155376,rayne,senator
surname,155392,haining,wolin
surname,155816,rayne,senator
surname,155974,haining,wolin
surname,156037,haining,wolin
surname,156056,devroye,weener
surname,156079,devroye,weener
surname,156137,devroye,weener
surname,156419,devroye,weener
surname,156421,rayne,senator
surname,156445,devroye,weener
surname,156778,devroye,weener
surname,156789,rayne,senator
surname,156822,haining,wolin
surname,156938,haining,wolin
surname,156940,devroye,weener
surname,157082,haining,wolin
surname,157110,devroye,weener
surname,157247,rayne,senator
surname,157259,rayne,senator
surname,157295,devroye,weener
surname,157444,rayne,senator
surname,157601,devroye,weener
surname,157891,rayne,senator
surname,157931,devroye,weener
surname,158161,haining,wolin
surname,158315,devroye,weener
surname,158579,haining,wolin
surname,158765,haining,wolin
surname,158954,haining,wolin
surname,159095,haining,wolin
surname,159118,devroye,weener
surname,159230,rayne,senator
surname,159351,haining,wolin
surname,159479,rayne,senator
surname,159698,haining,wolin
surname,159730,rayne,senator
surname,159761,haining,wolin
surname,159893,rayne,senator
surname,160072,haining,wolin
surname,160114,haining,wolin
surname,160194,rayne,senator
surname,160215,haining,wolin
surname,160609,rayne,senator
surname,160697,haining,wolin
surname,160798,haining,wolin
surname,160847,devroye,weener
surname,161902,devroye,weener
surname,161915,devroye,weener
surname,161994,devroye,weener
surname,162556,devroye,weener
surname,162630,haining,wolin
surname,162651,haining,wolin
surname,162903,devroye,weener
surname,163012,haining,wolin
surname,163075,devroye,weener
surname,163151,rayne,senator
surname,163174,devroye,weener
surname,163211,haining,wolin
surname,163403,rayne,senator
surname,163447,haining,wolin
surname,163603,devroye,weener
surname,163634,devroye,weener
surname,163934,haining,wolin
surname,164004,haining,wolin
surname,164243,haining,wolin
surname,164456,devroye,weener
surname,164670,rayne,senator
surname,164844,rayne,senator
surname,165077,rayne,senator
surname,165201,devroye,weener
surname,165266,devroye,weener
surname,165378,devroye,weener
surname,165442,rayne,senator
surname,165461,devroye,weener
surname,165487,rayne,senator
surname,165656,haining,wolin
surname,165692,haining,wolin
surname,166041,devroye,weener
surname,166075,devroye,weener
surname,166236,haining,wolin
surname,166596,rayne,senator
surname,166668,haining,wolin
surname,166751,haining,wolin
surname,166767,haining,wolin
surname,166801,haining,wolin
surname,166841,rayne,senator
surname,166849,devroye,weener
surname,166933,haining,wolin
surname,166967,rayne,senator
surname,167129,haining,wolin
surname,167213,devroye,weener
surname,167315,haining,wolin
surname,167394,haining,wolin
surname,167452,rayne,senator
surname,167685,devroye,weener
surname,167826,rayne,senator
surname,167886,rayne,senator
surname,168091,rayne,senator
surname,168165,haining,wolin
surname,168214,rayne,senator
surname,168249,haining,wolin
surname,168278,devroye,weener
surname,168292,haining,wolin
surname,168447,devroye,weener
surname,168502,rayne,senator
surname,168588,devroye,weener
surname,168696,haining,wolin
surname,168936,rayne,senator
surname,169006,haining,wolin
surname,169283,devroye,weener
surname,169353,rayne,senator
surname,169826,rayne,senator
surname,169933,rayne,senator
surname,169973,rayne,senator
surname,170119,rayne,senator
surname,170673,devroye,weener
surname,170827,rayne,senator
surname,170880,haining,wolin
surname,171444,rayne,senator
surname,171886,devroye,weener
surname,171946,haining,wolin
surname,171961,haining,wolin
surname,171965,rayne,senator
surname,172004,devroye,weener
surname,172073,rayne,senator
surname,172087,devroye,weener
surname,172289,rayne,senator
surname,172481,rayne,senator
surname,172652,rayne,senator
surname,172745,rayne,senator
surname,173048,haining,wolin
surname,173144,rayne,senator
surname,173373,rayne,senator
surname,173409,haining,wolin
surname,173663,rayne,senator
surname,173703,rayne,senator
surname,173716,devroye,weener
surname,173787,haining,wolin
surname,173834,rayne,senator
surname,173883,devroye,weener
surname,174018,rayne,senator
surname,174292,rayne,senator
surname,174500,haining,wolin
surname,174640,devroye,weener
surname,175230,devroye,weener
surname,175245,rayne,senator
surname,175363,rayne,senator
surname,175373,haining,wolin
surname,175438,devroye,weener
surname,175656,devroye,weener
surname,175900,haining,wolin
surname,175993,haining,wolin
surname,175998,rayne,senator
surname,176010,haining,wolin
surname,176709,haining,wolin
surname,176773,devroye,weener
surname,176822,rayne,senator
surname,176920,haining,wolin
surname,176959,rayne,senator
surname,177236,rayne,senator
surname,177309,rayne,senator
surname,177332,rayne,senator
surname,177454,haining,wolin
surname,177536,haining,wolin
surname,177606,rayne,senator
surname,177656,devroye,weener
surname,177665,devroye,weener
surname,177745,devroye,weener
surname,177779,haining,wolin
surname,177944,haining,wolin
surname,178230,rayne,senator
surname,178316,devroye,weener
surname,178395,devroye,weener
surname,178443,haining,wolin
surname,178458,haining,wolin
surname,178652,devroye,weener
surname,178739,rayne,senator
surname,178836,rayne,senator
surname,178849,haining,wolin
surname,178884,haining,wolin
surname,179403,haining,wolin
surname,179421,haining,wolin
surname,179834,devroye,weener
surname,179848,devroye,weener
surname,179917,haining,wolin
surname,179988,devroye,weener
surname,180081,rayne,senator
surname,180177,devroye,weener
surname,180469,devroye,weener
surname,180547,haining,wolin
surname,180601,rayne,senator
surname,180649,devroye,weener
surname,180746,haining,wolin
surname,181015,devroye,weener
surname,181040,haining,wolin
surname,181163,haining,wolin
surname,181222,rayne,senator
surname,181363,devroye,weener
surname,181474,devroye,weener
surname,181584,haining,wolin
surname,181697,devroye,weener
surname,182123,rayne,senator
surname,182225,devroye,weener
surname,182753,rayne,senator
surname,182776,rayne,senator
surname,182933,devroye,weener
surname,183199,rayne,senator
surname,183394,rayne,senator
surname,183409,devroye,weener
surname,183464,devroye,weener
surname,183523,rayne,senator
surname,183547,haining,wolin
surname,183664,rayne,senator
surname,183751,devroye,weener
surname,183778,devroye,weener
surname,183960,devroye,weener
surname,183973,devroye,weener
surname,184032,devroye,weener
surname,184234,haining,wolin
surname,184241,haining,wolin
surname,184356,rayne,senator
surname,184411,devroye,weener
surname,184437,devroye,weener
surname,184474,haining,wolin
surname,184539,haining,wolin
surname,184555,haining,wolin
surname,184856,rayne,senator
surname,184946,rayne,senator
surname,184970,devroye,weener
surname,185269,haining,wolin
surname,185510,rayne,senator
surname,185609,rayne,senator
surname,185914,haining,wolin
surname,186190,devroye,weener
surname,186227,rayne,senator
surname,186247,rayne,senator
surname,186321,rayne,senator
surname,186408,devroye,weener
surname,186492,rayne,senator
surname,187002,devroye,weener
surname,187263,rayne,senator
surname,187285,haining,wolin
surname,187366,rayne,senator
surname,187445,devroye,weener
surname,187555,haining,wolin
surname,187789,devroye,weener
surname,187863,devroye,weener
surname,187959,devroye,weener
surname,187962,devroye,weener
surname,188019,haining,wolin
surname,188191,rayne,senator
surname,188415,rayne,senator
surname,188841,rayne,senator
surname,189503,rayne,senator
surname,189532,haining,wolin
surname,189557,haining,wolin
surname,189694,rayne,senator
surname,189785,rayne,senator
surname,190051,devroye,weener
surname,190207,devroye,weener
surname,190349,rayne,senator
surname,190431,rayne,senator
surname,190448,haining,wolin
surname,190689,devroye,weener
surname,190845,haining,wolin
surname,190876,rayne,senator
surname,190879,haining,wolin
surname,190880,devroye,weener
surname,190947,rayne,senator
surname,191221,haining,wolin
surname,191396,haining,wolin
surname,191563,haining,wolin
surname,191630,rayne,senator
surname,191664,haining,wolin
surname,191809,devroye,weener
surname,191991,rayne,senator
surname,192001,rayne,senator
surname,192072,haining,wolin
surname,192121,rayne,senator
surname,192149,haining,wolin
surname,192264,devroye,weener
surname,192339,rayne,senator
surname,192533,haining,wolin
surname,192954,rayne,senator
surname,192955,rayne,senator
surname,192958,devroye,weener
surname,192991,haining,wolin
surname,193053,devroye,weener
surname,193207,haining,wolin
surname,193270,rayne,senator
surname,193352,devroye,weener
surname,193416,rayne,senator
surname,193534,devroye,weener
surname,193546,rayne,senator
surname,193638,haining,wolin
surname,193754,rayne,senator
surname,193849,rayne,senator
surname,193978,rayne,senator
surname,194013,rayne,senator
surname,194150,devroye,weener
surname,194230,rayne,senator
surname,194237,devroye,weener
surname,194260,devroye,weener
surname,194369,haining,wolin
surname,194547,haining,wolin
surname,194759,devroye,weener
surname,194760,rayne,senator
surname,194924,rayne,senator
surname,194942,haining,wolin
surname,195009,devroye,weener
surname,195047,rayne,senator
surname,195078,haining,wolin
surname,195084,rayne,senator
surname,195170,devroye,weener
surname,195235,haining,wolin
surname,195552,devroye,weener
surname,195628,devroye,weener
surname,195811,haining,wolin
surname,195836,rayne,senator
surname,196050,haining,wolin
surname,196092,rayne,senator
surname,196585,rayne,senator
surname,196732,rayne,senator
surname,197068,rayne,senator
surname,197179,rayne,senator
surname,197287,rayne,senator
surname,197293,devroye,weener
surname,197496,haining,wolin
surname,197901,devroye,weener
surname,198268,rayne,senator
surname,198717,haining,wolin
surname,198858,devroye,weener
surname,198889,rayne,senator
surname,199234,devroye,weener
surname,199304,rayne,senator
surname,199486,devroye,weener
