Attribute,Index,Clean Value,Cleaned Value
article_title,885,nan,monteggia lesions in adults. a multicenter bota study
article_language,1,eng,en
article_language,2,eng,fre
article_language,3,eng,chinese     chinese english
article_language,5,eng,chinese     chinese english
article_language,6,eng,chinese     chinese english
article_language,7,eng,eng     por
article_language,9,english,heb
article_language,10,nan,english     italian
article_language,11,nan,chinese     english chinese
article_language,12,english,kor
article_language,13,eng,kor
article_language,14,nan,chinese     english chinese
article_language,16,eng,chinese     english chinese
article_language,17,eng,spa
article_language,18,eng,chinese     chinese english
article_language,19,eng,chi
article_language,20,eng,kor
article_language,21,eng,en
article_language,23,eng,kor
article_language,24,eng,english; abstract language:english
article_language,25,nan,dan
article_language,26,eng,eng     por
article_language,27,eng,en
article_language,29,eng,fre
article_language,32,eng,english
article_language,34,eng,fre
article_language,35,eng,eng     por
article_language,36,nan,chi
article_language,37,english,rus
article_language,38,eng,eng     por
article_language,39,english,ger
article_language,40,eng,chi
article_language,41,nan,engfre
article_language,42,eng,ger
article_language,43,nan,heb
article_language,44,eng,engfre
article_language,45,nan,en
article_language,46,eng,ger
article_language,47,nan,chi
article_language,48,eng,fre
article_language,49,eng,pol
article_language,50,nan,chi
article_language,53,eng,pol
article_language,54,eng,kor
article_language,55,nan,spa
article_language,56,eng,fre
article_language,57,eng,kor
article_language,58,eng,pol
article_language,59,nan,chi
article_language,60,eng,en
article_language,61,eng,engfre
article_language,62,eng,rus
article_language,63,english,eng     por
article_language,64,nan,engfre
article_language,65,eng,fre
article_language,66,eng,engfre
article_language,67,nan,chi
article_language,68,nan,chi
article_language,70,eng,chi
article_language,71,eng,eng     por
article_language,72,eng,eng     por
article_language,73,eng,engfre
article_language,74,english,heb
article_language,75,eng,chi
article_language,76,eng,engfre
article_language,77,nan,chi
article_language,78,nan,ger
article_language,79,eng,dut
article_language,80,nan,fre
article_language,81,eng,eng     por
article_language,82,eng,engfre
article_language,83,nan,chi
article_language,86,nan,chi
article_language,87,eng,chinese     chinese english
article_language,88,eng,engfre
article_language,89,eng,engfre
article_language,90,nan,chi
article_language,91,eng,chi
article_language,93,eng,chinese     chinese english
article_language,94,english,chinese     english chinese
article_language,95,eng,engfre
article_language,96,eng,spa
article_language,97,nan,pol
article_language,98,nan,chinese     english chinese
article_language,99,eng,chi
article_language,100,nan,chi
article_language,101,nan,chi
article_language,102,english,chi
article_language,104,eng,eng     por
article_language,105,eng,chinese     chinese english
article_language,106,eng,chi
article_language,107,nan,chi
article_language,108,eng,eng     por
article_language,109,eng,eng     por
article_language,110,eng,eng     por
article_language,111,eng,fre
article_language,113,eng,english; abstract language:english
article_language,114,nan,chinese     chinese english
article_language,115,eng,chinese     chinese english
article_language,116,nan,chi
article_language,117,nan,engfre
article_language,118,nan,chi
article_language,119,nan,chi
article_language,121,eng,chinese     english chinese
article_language,122,eng,eng     por
article_language,123,eng,fre
article_language,124,eng,fre
article_language,125,eng,eng     por
article_language,127,nan,chi
article_language,128,nan,engfre
article_language,129,eng,chinese     chinese english
article_language,130,nan,kor
article_language,131,nan,heb
article_language,132,eng,kor
article_language,133,nan,chi
article_language,134,nan,chi
article_language,135,nan,engfre
article_language,136,eng,en
article_language,137,eng,pol
article_language,138,nan,chi
article_language,139,nan,rus
article_language,141,eng,chinese     english chinese
article_language,142,eng,chi
article_language,143,nan,chinese     chinese english
article_language,144,eng,kor
article_language,145,eng,chi
article_language,147,nan,chinese     english chinese
article_language,148,eng,engfre
article_language,149,eng,chinese     chinese english
article_language,150,eng,chi
article_language,151,nan,eng     por
article_language,152,eng,en
article_language,153,dut,eng     por
article_language,154,eng,kor
article_language,155,english,eng     por
article_language,156,eng,english
article_language,157,nan,fre
article_language,158,eng,fre
article_language,160,english,rus
article_language,161,nan,pol
article_language,162,eng,chinese     english chinese
article_language,163,nan,chi
article_language,164,nan,chi
article_language,165,eng,chi
article_language,166,nan,eng     por
article_language,167,nan,engfre
article_language,168,eng,jpn
article_language,169,nan,english; abstract language:english
article_language,170,nan,chi
article_language,171,eng,heb
article_language,172,eng,rus
article_language,173,eng,kor
article_language,174,english,chinese     chinese english
article_language,176,eng,fre
article_language,177,eng,chi
article_language,178,nan,engfre
article_language,179,eng,rus
article_language,180,eng,ger
article_language,182,eng,fre
article_language,183,nan,chi
article_language,185,nan,chinese     english chinese
article_language,187,nan,chi
article_language,188,nan,kor
article_language,189,nan,eng     por
article_language,190,english,chi
article_language,191,nan,chinese     english chinese
article_language,192,eng,engfre
article_language,193,nan,kor
article_language,194,eng,german
article_language,195,nan,chi
article_language,196,eng,chi
article_language,197,eng,fre
article_language,198,eng,fre
article_language,199,eng,engfre
article_language,200,eng,chinese     chinese english
article_language,201,eng,fre
article_language,202,nan,chi
article_language,203,eng,jpn
article_language,204,english,chinese     english chinese
article_language,205,eng,engfre
article_language,206,english,engfre
article_language,207,nan,chi
article_language,208,nan,chi
article_language,209,eng,chi
article_language,210,eng,engfre
article_language,211,eng,kor
article_language,212,eng,chinese     english chinese
article_language,214,nan,chi
article_language,215,eng,engfre
article_language,216,eng,cze
article_language,217,nan,chi
article_language,218,nan,engfre
article_language,219,nan,chi
article_language,220,nan,engfre
article_language,221,eng,kor
article_language,222,nan,cze
article_language,223,nan,engfre
article_language,224,eng,chi
article_language,225,nan,chi
article_language,226,nan,chi
article_language,227,eng,fre
article_language,228,eng,chi
article_language,229,nan,chi
article_language,230,nan,chi
article_language,231,nan,chinese     chinese english
article_language,232,eng,chi
article_language,233,eng,chinese     chinese english
article_language,234,eng,chinese     english chinese
article_language,235,eng,engfre
article_language,236,eng,chi
article_language,237,eng,chinese     chinese english
article_language,239,eng,heb
article_language,240,eng,fre
article_language,241,eng,spa
article_language,242,eng,engfre
article_language,243,eng,heb
article_language,244,nan,chi
article_language,245,eng,chinese     chinese english
article_language,246,nan,chi
article_language,247,eng,engfre
article_language,249,eng,engfre
article_language,250,nan,eng     por
article_language,251,nan,chi
article_language,252,nan,eng     por
article_language,253,english,chi
article_language,254,nan,engfre
article_language,255,eng,en
article_language,256,eng,chinese     english chinese
article_language,257,eng,eng     por
article_language,258,nan,kor
article_language,259,eng,chinese     english chinese
article_language,261,nan,chinese     chinese english
article_language,264,eng,eng     por
article_language,266,eng,eng     por
article_language,267,eng,heb
article_language,268,nan,chi
article_language,269,english,chinese     english chinese
article_language,270,nan,chi
article_language,271,nan,chinese     english chinese
article_language,272,nan,chi
article_language,273,nan,chi
article_language,274,nan,chi
article_language,275,nan,chinese     chinese english
article_language,276,nan,chi
article_language,277,nan,chi
article_language,278,eng,chinese     english chinese
article_language,279,eng,pol
article_language,280,nan,chi
article_language,281,eng,jpn
article_language,282,nan,chi
article_language,283,eng,chinese     english chinese
article_language,284,nan,chi
article_language,285,nan,chinese     chinese english
article_language,286,nan,pol
article_language,287,eng,chinese     english chinese
article_language,288,nan,chi
article_language,289,eng,cze
article_language,290,english,fre
article_language,291,eng,pt
article_language,292,eng,engfre
article_language,293,eng,engfre
article_language,294,nan,chi
article_language,295,nan,chinese     chinese english
article_language,296,eng,chi
article_language,297,english,kor
article_language,298,eng,fre
article_language,300,eng,chinese     chinese english
article_language,301,nan,eng     por
article_language,302,english,jpn
article_language,303,eng,eng     por
article_language,304,nan,eng     por
article_language,305,nan,engfre
article_language,306,eng,heb
article_language,307,nan,chi
article_language,309,eng,kor
article_language,311,nan,chi
article_language,313,eng,fre
article_language,314,nan,chi
article_language,315,eng,chi
article_language,316,eng,eng     por
article_language,318,nan,jpn
article_language,319,eng,chi
article_language,320,eng,chi
article_language,321,nan,ger
article_language,322,eng,chinese     chinese english
article_language,323,eng,chi
article_language,324,eng,fre
article_language,325,nan,chi
article_language,326,nan,chi
article_language,327,eng,chi
article_language,328,nan,chi
article_language,329,nan,eng     por
article_language,330,nan,chi
article_language,331,nan,eng     por
article_language,332,eng,fre
article_language,333,nan,chi
article_language,335,eng,kor
article_language,336,eng,chinese     english chinese
article_language,337,eng,chinese     chinese english
article_language,338,nan,chinese     english chinese
article_language,339,eng,eng     por
article_language,340,nan,eng     por
article_language,341,eng,fre
article_language,342,eng,chi
article_language,343,nan,chi
article_language,344,eng,chinese     chinese english
article_language,345,nan,chi
article_language,346,nan,eng     por
article_language,347,eng,kor
article_language,348,eng,chi
article_language,349,eng,chi
article_language,350,eng,jpn
article_language,352,nan,en
article_language,354,eng,fre
article_language,355,eng,chinese     chinese english
article_language,356,nan,chi
article_language,357,eng,fre
article_language,358,eng,chinese     chinese english
article_language,359,eng,eng     por
article_language,360,nan,eng     por
article_language,361,eng,fre
article_language,363,eng,engfre
article_language,364,eng,chinese     chinese english
article_language,365,nan,cze
article_language,366,eng,fre
article_language,367,nan,chi
article_language,369,eng,pol
article_language,370,english,kor
article_language,371,eng,chi
article_language,372,eng,chinese     english chinese
article_language,373,nan,chi
article_language,375,nan,eng     por
article_language,376,eng,chinese     chinese english
article_language,378,eng,en
article_language,379,nan,engfre
article_language,380,nan,chinese     english chinese
article_language,381,eng,chinese     english chinese
article_language,382,eng,chinese     english chinese
article_language,384,nan,chi
article_language,385,eng,engfre
article_language,386,nan,chi
article_language,387,nan,english; abstract language:english
article_language,388,nan,chi
article_language,389,nan,chi
article_language,390,eng,chi
article_language,391,eng,eng     por
article_language,392,eng,eng     por
article_language,395,nan,kor
article_language,396,eng,english
article_language,397,eng,eng     por
article_language,398,eng,chi
article_language,399,nan,engfre
article_language,400,eng,chi
article_language,401,eng,chinese     chinese english
article_language,402,eng,eng     por
article_language,403,english,chinese     chinese english
article_language,404,nan,eng     por
article_language,405,eng,engfre
article_language,406,eng,en
article_language,407,nan,chinese     chinese english
article_language,408,eng,heb
article_language,409,nan,pol
article_language,411,eng,pol
article_language,412,nan,engfre
article_language,413,nan,kor
article_language,414,nan,chi
article_language,415,nan,chi
article_language,416,eng,english     italian
article_language,417,eng,eng     por
article_language,418,eng,eng     por
article_language,419,eng,pol
article_language,420,nan,chi
article_language,421,nan,chinese     chinese english
article_language,422,eng,fre
article_language,423,nan,jpn
article_language,424,eng,engfre
article_language,425,nan,chi
article_language,426,nan,chinese     english chinese
article_language,427,nan,chi
article_language,429,nan,cze
article_language,431,nan,engfre
article_language,432,eng,kor
article_language,433,nan,chi
article_language,435,eng,kor
article_language,436,eng,chi
article_language,437,eng,engfre
article_language,438,english,chi
article_language,439,nan,chi
article_language,440,eng,en
article_language,441,nan,chi
article_language,442,eng,eng     por
article_language,443,eng,kor
article_language,444,nan,spa
article_language,445,nan,ger
article_language,446,eng,fre
article_language,447,eng,spa
article_language,448,english,english; abstract language:english
article_language,449,eng,chi
article_language,450,eng,chinese     chinese english
article_language,451,eng,chi
article_language,452,eng,fre
article_language,453,eng,pol
article_language,454,eng,chi
article_language,455,english,engfre
article_language,457,eng,cze
article_language,458,eng,jpn
article_language,459,nan,chinese     chinese english
article_language,460,nan,english; abstract language:english
article_language,461,nan,engfre
article_language,462,eng,chinese     english chinese
article_language,463,eng,en
article_language,465,eng,chi
article_language,466,eng,chinese     english chinese
article_language,467,english,chi
article_language,468,nan,eng     por
article_language,469,nan,chi
article_language,470,nan,engfre
article_language,471,eng,chinese     english chinese
article_language,472,eng,chinese     english chinese
article_language,473,eng,chinese     english chinese
article_language,474,eng,fre
article_language,475,eng,engfre
article_language,476,eng,en
article_language,477,eng,chi
article_language,478,eng,chinese     english chinese
article_language,479,eng,heb
article_language,480,eng,eng     por
article_language,481,eng,chi
article_language,482,nan,chi
article_language,483,nan,eng     por
article_language,484,nan,eng     por
article_language,485,eng,chi
article_language,486,eng,eng     por
article_language,487,eng,engfre
article_language,488,nan,chi
article_language,489,nan,chi
article_language,490,nan,chi
article_language,491,nan,pol
article_language,492,eng,ita
article_language,493,eng,fre
article_language,494,nan,cze
article_language,495,jpn,chinese     chinese english
article_language,496,eng,korean
article_language,497,nan,chi
article_language,498,nan,engfre
article_language,499,nan,chi
article_language,500,nan,eng     por
article_language,501,dan,heb
article_language,503,nan,chinese     chinese english
article_language,504,nan,engfre
article_language,505,nan,engfre
article_language,506,eng,eng     por
article_language,507,nan,chinese     english chinese
article_language,510,nan,chinese     english chinese
article_language,511,nan,engfre
article_language,512,eng,kor
article_language,513,eng,fre
article_language,514,nan,chi
article_language,515,nan,engfre
article_language,516,eng,chinese     chinese english
article_language,517,nan,heb
article_language,518,eng,chinese     chinese english
article_language,519,eng,ger
article_language,522,nan,english     italian
article_language,523,eng,chinese     chinese english
article_language,524,eng,chinese     chinese english
article_language,525,eng,english
article_language,526,eng,chinese     english chinese
article_language,527,eng,eng     por
article_language,528,nan,engfre
article_language,529,eng,engfre
article_language,530,eng,kor
article_language,532,eng,chinese     chinese english
article_language,533,eng,fre
article_language,534,eng,fre
article_language,535,eng,chinese     english chinese
article_language,536,eng,eng     por
article_language,537,nan,chi
article_language,538,nan,chinese     chinese english
article_language,540,eng,eng     por
article_language,541,eng,chinese     english chinese
article_language,542,nan,chi
article_language,543,nan,chi
article_language,544,nan,english
article_language,545,nan,chi
article_language,546,nan,pol
article_language,548,nan,chi
article_language,549,eng,chi
article_language,550,eng,fre
article_language,551,eng,fre
article_language,552,nan,eng     por
article_language,553,nan,chi
article_language,554,eng,spa
article_language,555,eng,fre
article_language,556,eng,kor
article_language,558,nan,chi
article_language,559,eng,english; abstract language:english
article_language,560,eng,heb
article_language,561,nan,chi
article_language,562,nan,pol
article_language,563,nan,chi
article_language,564,eng,chinese     english chinese
article_language,565,nan,chi
article_language,566,eng,engfre
article_language,567,eng,english
article_language,568,nan,eng     por
article_language,569,nan,eng     por
article_language,570,eng,rus
article_language,572,nan,chi
article_language,574,eng,pol
article_language,575,eng,chi
article_language,576,nan,chinese     chinese english
article_language,577,eng,chinese     chinese english
article_language,578,english,chinese     chinese english
article_language,581,eng,kor
article_language,582,eng,chinese     chinese english
article_language,583,nan,chinese     english chinese
article_language,585,nan,chi
article_language,586,eng,ger
article_language,587,eng,fre
article_language,588,nan,ger
article_language,589,nan,fre
article_language,590,jpn,ger
article_language,591,eng,engfre
article_language,592,nan,heb
article_language,594,eng,chi
article_language,595,nan,chi
article_language,596,eng,chinese     chinese english
article_language,597,eng,chinese     chinese english
article_language,598,nan,fre
article_language,600,nan,chinese     chinese english
article_language,601,eng,chi
article_language,603,nan,jpn
article_language,604,eng,pol
article_language,605,eng,fre
article_language,606,eng,eng     por
article_language,607,nan,pol
article_language,608,nan,engfre
article_language,609,ger,engfre
article_language,610,eng,chinese     chinese english
article_language,611,nan,chinese     english chinese
article_language,612,eng,chinese     english chinese
article_language,613,eng,chinese     chinese english
article_language,614,nan,engspa
article_language,615,eng,chinese     english chinese
article_language,616,eng,engfre
article_language,617,eng,chi
article_language,618,nan,chi
article_language,619,nan,chinese     chinese english
article_language,621,english,chi
article_language,622,ger,cze
article_language,623,eng,chi
article_language,624,nan,en
article_language,625,nan,cze
article_language,626,eng,jpn
article_language,627,eng,chinese     english chinese
article_language,628,eng,en
article_language,629,eng,kor
article_language,630,english,eng     por
article_language,632,nan,chinese     english chinese
article_language,633,nan,chi
article_language,634,nan,chi
article_language,635,nan,chi
article_language,636,eng,eng     por
article_language,637,nan,chinese     chinese english
article_language,638,nan,chi
article_language,639,eng,chinese     chinese english
article_language,641,eng,kor
article_language,642,nan,heb
article_language,643,eng,fre
article_language,644,eng,english
article_language,645,eng,chi
article_language,646,nan,chi
article_language,647,eng,chi
article_language,648,eng,chinese     chinese english
article_language,649,eng,engfre
article_language,650,eng,eng     por
article_language,651,nan,chi
article_language,652,eng,kor
article_language,653,eng,engfre
article_language,654,nan,jpn
article_language,655,eng,engfre
article_language,656,nan,spa
article_language,657,eng,ger
article_language,658,eng,ger
article_language,659,eng,chi
article_language,660,eng,pol
article_language,661,eng,chinese     english chinese
article_language,662,nan,chi
article_language,663,eng,chi
article_language,664,eng,dan
article_language,665,eng,chinese     english chinese
article_language,668,nan,eng     por
article_language,669,nan,engfre
article_language,670,nan,eng     por
article_language,671,nan,fre
article_language,673,nan,chinese     english chinese
article_language,674,nan,engfre
article_language,675,eng,chinese     chinese english
article_language,676,nan,eng     por
article_language,677,eng,chi
article_language,678,nan,jpn
article_language,679,nan,chinese     chinese english
article_language,680,eng,chi
article_language,681,nan,heb
article_language,682,nan,chi
article_language,683,english,engfre
article_language,684,eng,fre
article_language,685,nan,chi
article_language,686,eng,engfre
article_language,687,nan,chinese     chinese english
article_language,688,eng,kor
article_language,689,eng,engfre
article_language,691,eng,pol
article_language,692,nan,chi
article_language,694,eng,chi
article_language,695,eng,chi
article_language,696,nan,en
article_language,697,nan,chinese     english chinese
article_language,698,nan,en
article_language,701,nan,chi
article_language,702,english,chi
article_language,703,eng,chi
article_language,704,nan,chi
article_language,705,eng,fre
article_language,706,eng,engfre
article_language,707,eng,chinese     chinese english
article_language,708,eng,heb
article_language,709,eng,eng     por
article_language,710,eng,chinese     chinese english
article_language,711,english,eng     por
article_language,712,nan,chi
article_language,713,eng,fre
article_language,714,eng,chi
article_language,715,nan,chinese     english chinese
article_language,716,eng,rus
article_language,717,nan,chinese     chinese english
article_language,718,eng,engfre
article_language,719,english,jpn
article_language,720,eng,engfre
article_language,721,nan,engfre
article_language,722,eng,ita
article_language,723,nan,pt
article_language,724,eng,jpn
article_language,725,nan,chi
article_language,726,nan,chi
article_language,727,nan,chi
article_language,728,nan,eng     por
article_language,729,nan,english; abstract language:english
article_language,730,nan,chinese     english chinese
article_language,731,nan,chi
article_language,732,nan,engfre
article_language,733,eng,english
article_language,734,eng,engfre
article_language,735,eng,engfre
article_language,736,eng,engfre
article_language,737,eng,eng     por
article_language,738,eng,chinese     english chinese
article_language,739,nan,german
article_language,740,eng,eng     por
article_language,741,nan,jpn
article_language,742,eng,engfre
article_language,743,nan,chi
article_language,744,nan,chi
article_language,745,eng,fre
article_language,746,nan,cze
article_language,747,eng,chi
article_language,748,nan,chi
article_language,749,nan,jpn
article_language,751,eng,pol
article_language,752,eng,jpn
article_language,753,nan,chi
article_language,754,eng,chi
article_language,755,jpn,en
article_language,756,eng,ger
article_language,757,eng,chinese     english chinese
article_language,758,nan,chi
article_language,760,nan,heb
article_language,761,eng,eng     por
article_language,762,eng,heb
article_language,763,eng,engfre
article_language,764,nan,pol
article_language,765,eng,ger
article_language,766,eng,eng     por
article_language,767,nan,chi
article_language,769,eng,fre
article_language,770,eng,pol
article_language,772,eng,fre
article_language,773,eng,heb
article_language,774,eng,pt
article_language,775,eng,eng     por
article_language,776,eng,eng     por
article_language,777,nan,eng     por
article_language,778,nan,chinese     chinese english
article_language,780,eng,chi
article_language,781,eng,engfre
article_language,782,eng,eng     por
article_language,783,nan,chi
article_language,784,nan,eng     por
article_language,786,nan,chi
article_language,788,rus,eng     por
article_language,789,eng,chi
article_language,790,nan,engfre
article_language,791,eng,kor
article_language,792,eng,fre
article_language,793,nan,eng     por
article_language,794,nan,chinese     english chinese
article_language,795,eng,chinese     english chinese
article_language,796,eng,en
article_language,798,eng,chinese     english chinese
article_language,799,nan,chi
article_language,800,eng,eng     por
article_language,801,eng,pol
article_language,802,eng,engfre
article_language,805,nan,engfre
article_language,806,nan,chi
article_language,807,eng,heb
article_language,808,eng,engfre
article_language,809,eng,spa
article_language,810,nan,ger
article_language,811,nan,chi
article_language,812,nan,chi
article_language,814,eng,chinese     chinese english
article_language,815,english,eng     por
article_language,816,eng,pol
article_language,818,english,chi
article_language,819,eng,chi
article_language,820,nan,jpn
article_language,821,nan,chi
article_language,822,eng,chinese     chinese english
article_language,823,nan,chi
article_language,824,eng,chinese     chinese english
article_language,825,eng,chinese     chinese english
article_language,826,eng,chinese     chinese english
article_language,827,nan,english
article_language,828,eng,pol
article_language,830,eng,eng     por
article_language,832,eng,jpn
article_language,833,nan,chi
article_language,834,eng,ger
article_language,835,eng,chinese     english chinese
article_language,836,nan,chi
article_language,837,eng,kor
article_language,838,eng,eng     por
article_language,839,eng,chinese     english chinese
article_language,840,eng,chi
article_language,841,nan,chi
article_language,842,eng,dut
article_language,843,eng,ger
article_language,844,nan,engfre
article_language,845,nan,chi
article_language,847,eng,fre
article_language,848,nan,chi
article_language,849,eng,ger
article_language,851,eng,chi
article_language,852,nan,chi
article_language,853,nan,kor
article_language,854,eng,fre
article_language,855,eng,cze
article_language,856,eng,chinese     chinese english
article_language,857,nan,chi
article_language,858,nan,english     italian
article_language,859,nan,chinese     english chinese
article_language,860,nan,chi
article_language,861,nan,chi
article_language,862,eng,fre
article_language,866,eng,engfre
article_language,867,eng,chi
article_language,868,eng,chinese     chinese english
article_language,869,nan,dan
article_language,870,eng,chi
article_language,871,nan,cze
article_language,872,eng,chinese     english chinese
article_language,873,eng,chi
article_language,874,eng,chinese     chinese english
article_language,875,eng,engfre
article_language,878,nan,chi
article_language,879,eng,chi
article_language,880,eng,chinese     english chinese
article_language,881,eng,kor
article_language,882,nan,chinese     english chinese
article_language,883,nan,engfre
article_language,884,nan,engfre
article_language,885,nan,chi
article_language,887,nan,kor
article_language,888,eng,fre
article_language,889,eng,heb
article_language,891,nan,chinese     english chinese
article_language,892,eng,engfre
article_language,893,eng,chi
article_language,894,eng,kor
article_language,895,nan,chi
article_language,896,eng,chinese     chinese english
article_language,897,nan,chinese     english chinese
article_language,898,eng,chi
article_language,899,nan,chi
article_language,900,eng,fre
article_language,901,nan,engfre
article_language,902,nan,kor
article_language,903,eng,chi
article_language,904,english,engfre
article_language,905,eng,chi
article_language,906,nan,rus
article_language,907,nan,chi
article_language,908,eng,chi
article_language,909,english,engfre
article_language,910,eng,chinese     english chinese
article_language,911,english,korean
article_language,912,eng,kor
article_language,914,eng,pol
article_language,915,eng,chi
article_language,916,nan,chi
article_language,917,nan,chi
article_language,918,eng,ger
article_language,919,eng,chi
article_language,920,eng,engfre
article_language,921,ita,chinese     english chinese
article_language,922,nan,chi
article_language,923,nan,chi
article_language,924,nan,chi
article_language,925,eng,chinese     chinese english
article_language,926,english,kor
article_language,927,nan,fre
article_language,928,nan,engfre
article_language,929,eng,pol
article_language,930,english,chinese     english chinese
article_language,931,eng,eng     por
article_language,932,eng,spa
article_language,933,nan,chi
article_language,934,nan,chi
article_language,935,nan,chi
article_language,936,eng,engfre
article_language,937,eng,chinese     english chinese
article_language,938,eng,chinese     english chinese
article_language,939,eng,chi
article_language,940,nan,chinese     chinese english
article_language,942,eng,chi
article_language,943,nan,chi
article_language,944,eng,chinese     chinese english
article_language,945,nan,engfre
article_language,947,nan,chi
article_language,948,nan,chi
article_language,949,nan,chi
article_language,950,nan,chi
article_language,951,eng,ger
article_language,952,nan,kor
article_language,954,eng,chinese     english chinese
article_language,955,eng,chi
article_language,956,nan,pol
article_language,957,nan,chi
article_language,958,eng,chinese     english chinese
article_language,959,nan,chi
article_language,960,eng,chinese     english chinese
article_language,961,nan,ger
article_language,962,eng,kor
article_language,963,nan,engfre
article_language,964,english,kor
article_language,965,nan,chi
article_language,966,eng,jpn
article_language,967,ger,jpn
article_language,968,nan,eng     por
article_language,969,eng,fre
article_language,972,english,engfre
article_language,974,eng,kor
article_language,975,eng,ita
article_language,976,eng,fre
article_language,977,nan,chi
article_language,978,eng,fre
article_language,980,eng,heb
article_language,981,nan,pol
article_language,982,eng,eng     por
article_language,983,eng,chi
article_language,984,eng,eng     por
article_language,985,nan,eng     por
article_language,986,nan,english; abstract language:english
article_language,987,eng,dan
article_language,988,eng,fre
article_language,989,nan,chi
article_language,990,eng,heb
article_language,991,nan,chinese     english chinese
article_language,992,eng,fre
article_language,993,eng,chinese     chinese english
article_language,994,nan,rus
article_language,995,eng,chinese     chinese english
article_language,996,eng,eng     por
article_language,997,nan,spa
article_language,998,eng,fre
article_language,999,english,fre
article_language,1000,nan,engfre
journal_title,4,nan,critical reviews in oncology/hematology
journal_title,5,dermatologic clinics,the american journal of medicine
journal_title,6,nan,pain medicine
journal_title,15,nan,international journal of obesity
journal_title,22,nan,international journal of oral and maxillofacial surgery
journal_title,32,eur. heart j.,burns : journal of the international society for burn injuries
journal_title,33,nan,respirology (carlton vic.)
journal_title,47,nan,american acupuncturist
journal_title,51,nan,thorax
journal_title,52,annals of the royal college of surgeons of england,annals of the rosyal college of surgeons of england
journal_title,55,nan,archives of physical medicine and rehabilitation
journal_title,58,nan,j. exp. clin. cancer res.
journal_title,73,journal of the neurological sciences,journal of the neurologcal sciences
journal_title,76,nan,am j manag care
journal_title,77,nan,clinical neuropsychologist
journal_title,88,nan,atherosclerosis. supplements
journal_title,101,nan,american acupuncturist
journal_title,103,nan,cancer epidemiology biomarkers and prevention
journal_title,107,nan,general dentistry
journal_title,108,nan,current opinion in pharmacology
journal_title,113,nan,canecr
journal_title,114,industrial robot: an international journal,molecular biology reports
journal_title,115,the journal of rheumatology,burns : journal of the international society for burn injuries
journal_title,116,nan,american acupuncturist
journal_title,118,nan,endodontics & dental traumatology
journal_title,120,nan,respirology (carlton vic.)
journal_title,127,nan,tech coloproctol
journal_title,133,nan,american acupuncturist
journal_title,139,nan,j okla state med assoc
journal_title,140,nan,american journal of infection control
journal_title,141,nan,j bone joint surg br
journal_title,142,nan,johns hopkins medical journal
journal_title,147,nan,haematologuica
journal_title,154,nan,int j gynaecol obstet
journal_title,156,swiss med. wkly,johns hopkins medical journal
journal_title,163,nan,child's nervous system : chns : official journal of the international society for pediatric neurosurgery
journal_title,164,nan,international journal of qualitative studies in education (qse)
journal_title,166,nan,rheumatology (oxford)
journal_title,170,nan,american acupuncturist
journal_title,172,nan,international psychogeriatrics / ipa
journal_title,183,nan,american acupuncturist
journal_title,184,nan,nowoczesne biomateria_y jako opatrunki hemostatyczne w chirurgii oszczedzajacej miazsz nerki--model zwierzecy. doniesienie wstepne.
journal_title,193,learning & leading with technology,learning& leading with technology
journal_title,195,journal of science & medicine in sport,european journal of emergency medicine : official journal of the european society for emergency medicine
journal_title,196,nan,int j obes (lond)
journal_title,201,the journal of headache and pain,cardiovascular and interventional radiology
journal_title,207,nan,american acupuncturist
journal_title,208,nan,american acupuncturist
journal_title,213,ugeskr laeger,umgeskr laeger
journal_title,214,nan,american acupuncturist
journal_title,216,nan,supply chain management
journal_title,219,nan,computerized medical imaging and graphics: the official journal of the computerized medical imaging society
journal_title,222,nan,family & community health
journal_title,225,nan,american acupuncturist
journal_title,226,nan,american acupuncturist
journal_title,230,nan,american acupuncturist
journal_title,236,acta cytologica,br j anaesth
journal_title,246,nan,clinical & translational oncology: official publication of the federation of spanish oncology societes & of the national cancer institute of mexico
journal_title,250,am. j. managed care,am j manag care
journal_title,256,cardiology in the young,cardiolgy in the young
journal_title,258,journal of epidemiology and community health,journal of epidemiology and fcommunity health
journal_title,276,nan,health technology assessment database
journal_title,277,nan,nippon seikeigeka gakkai zasshi
journal_title,284,nan,ann rheum dis
journal_title,285,nan,bmc musculoskelet disord
journal_title,286,nan,ann n y acad sci
journal_title,296,tumour biology : the journal of the international society for oncodevelopmental biology and medicine,tuumour biology : the journal of the international society for oncodevelopmental biology and medicine
journal_title,299,nan,european journal of heart failure
journal_title,304,nan,sleep
journal_title,307,nan,ann rheum dis
journal_title,311,nan,american acupuncturist
journal_title,312,nan,european journal of heart failure
journal_title,314,nan,the chartered society of physiotherapy annual congress and exhibition: defining practice friday october 17 to sunday october 19 2003 international convention centre birmingham.
journal_title,315,nan,european journal of cancer
journal_title,325,nan,archives de pediatrie
journal_title,326,nan,american acupuncturist
journal_title,328,nan,american acupuncturist
journal_title,329,expert opinion on emerging drugs,aging ment health
journal_title,330,nan,american acupuncturist
journal_title,333,nan,ann fr anesth reanim
journal_title,334,nan,j. thromb. haemost.
journal_title,339,the hematology journal : the official journal of the european haematology association / eha,rthe hematology journal : the official journal of the european haematology association / eha
journal_title,340,nan,paediatrics & child health
journal_title,343,nan,american acupuncturist
journal_title,345,nan,american acupuncturist
journal_title,350,nan,nulil
journal_title,353,nan,cancer treatment reviews
journal_title,359,nan,epilepsy research
journal_title,380,nan,clinical interventions in aging
journal_title,384,nan,anadolu kardiyoloji dergisi : akd = the anatolian journal of cardiology
journal_title,387,nan,chin. j. evid.-based med.
journal_title,388,nan,cirug_a peditrica: organo oficial de la sociedad espaola de cirug_a peditrica
journal_title,389,nan,american acupuncturist
journal_title,405,clinical psychology review,journal of sports medicine & physical fitness
journal_title,409,nan,american journal of veterinary research
journal_title,411,nan,infection and immunity
journal_title,414,nan,administration and policy in mental health
journal_title,415,nan,american acupuncturist
journal_title,420,nan,american acupuncturist
journal_title,425,nan,annals of oncology : official journal of the european society for medical oncology / esmo
journal_title,426,nan,journal of chemical physics
journal_title,427,nan,american acupuncturist
journal_title,430,nan,scandinavian journal of infectious diseases. supplementum
journal_title,432,nan,clinical cardiology
journal_title,436,nan,canecr
journal_title,457,nan,j. exp. clin. cancer res.
journal_title,470,nan,british journal of midwifery
journal_title,473,science (new york n.y.),sceince (new york n.y.)
journal_title,487,physiotherapy,physiothkerapy
journal_title,488,nan,american acupuncturist
journal_title,489,nan,european journal of cancer
journal_title,491,nan,j pain res
journal_title,493,knee surgery sports traumatology arthroscopy : official journal of the esska,knee surgery sports traumatology arthroscopy : offcial journal of the esska
journal_title,494,nan,actas urologicas espanolas
journal_title,499,nan,blood reviews
journal_title,502,nan,journal of neurotrauma
journal_title,514,nan,mount sinai journal of medicine
journal_title,523,cochrane database syst. rev.,cochrae database syst. rev.
journal_title,528,nan,environmental toxicology and pharmacology
journal_title,537,nan,american acupuncturist
journal_title,539,nan,scandinavian journal of gastroenterology
journal_title,540,nan,indian journal of ophthalmology
journal_title,542,nan,american acupuncturist
journal_title,545,nan,american acupuncturist
journal_title,546,rheumatology (oxford),rheumatology (ofxord)
journal_title,547,nan,european journal of radiology
journal_title,548,nan,ann rheum dis
journal_title,551,journal of stroke and cerebrovascular diseases : the official journal of national stroke association,journal of stroke and cerebrovascular diseases : the official journal of antional stroke association
journal_title,553,nan,american acupuncturist
journal_title,557,nan,acta neurol scand
journal_title,559,nan,arch intern med
journal_title,563,nan,int j obes (lond)
journal_title,565,nan,health technology assessment database
journal_title,569,nan,allergy and asthma proceedings : the official journal of regional and state allergy societies
journal_title,571,jornal brasileiro de pneumologia : publicacao oficial da sociedade brasileira de pneumologia e tisilogia,jornal brasileiro de pneumologia : publicacao oficial da sociedade brasileirad e pneumologia e tisilogia
journal_title,574,nan,minerva cardioangiologica
journal_title,583,nan,american indian and alaska native mental health research: the journal of the national center
journal_title,585,nan,american acupuncturist
journal_title,593,nan,the british journal of psychiatry
journal_title,594,nan,archives of physical medicine and rehabilitation
journal_title,598,nan,neurorehabilitation
journal_title,599,nan,international journal of qualitative studies in education (qse)
journal_title,605,neuropharmacology,journal of cerebral blood flow and metabolism : official journal of the international society of cerebral blood flow and metabolism
journal_title,606,nan,int j gynaecol obstet
journal_title,618,nan,experimental cell research
journal_title,623,nan,am j perinatol
journal_title,631,nan,physiotherapy theory and practice
journal_title,632,nan,j pediatr (rio j)
journal_title,635,nan,ann rheum dis
journal_title,638,haematologica,haematologuica
journal_title,640,nan,critical reviews in oncology/hematology
journal_title,646,nan,american acupuncturist
journal_title,651,journal of aging & physical activity,european journal of heart failure
journal_title,662,nan,the science of the total environment
journal_title,664,plos one,pmlos one
journal_title,666,nan,proceedings of the 23rd acm international conference on multimedia
journal_title,670,nan,food control
journal_title,671,nan,int j surg
journal_title,672,nan,current immunology reviews
journal_title,676,nan,global journal of health science
journal_title,677,nan,cardiology in the oung
journal_title,678,nan,blood pressure monitoring
journal_title,679,nan,j med toxicol
journal_title,685,nan,onkologie
journal_title,690,nan,journal of cerebral blood flow and metabolism : official journal of the international society of cerebral blood flow and metabolism
journal_title,699,nan,jaapa: journal of the american academy of physician assistants (haymarket media inc.)
journal_title,701,nan,rheumatology (united kingdom)
journal_title,704,nan,american acupuncturist
journal_title,705,biomed research international,biomed research inernational
journal_title,712,nan,american acupuncturist
journal_title,714,nan,neurobiology of aging
journal_title,725,nan,american acupuncturist
journal_title,726,nan,clin obstet gynecol
journal_title,727,nan,american acupuncturist
journal_title,728,nan,johns hopkins medical journal
journal_title,731,nan,annals of medicine
journal_title,734,nan,cardiology in the oung
journal_title,742,nan,mov disord
journal_title,743,nan,best practice & research. clinical gastroenterology
journal_title,744,nan,american acupuncturist
journal_title,748,nan,american acupuncturist
journal_title,751,nan,international archives of occupational and environmental health
journal_title,753,nan,croatian medical journal
journal_title,758,nan,american acupuncturist
journal_title,764,nan,indian journal of psychiatry
journal_title,767,nan,american acupuncturist
journal_title,770,plos one,plos yone
journal_title,777,nan,european journal of cancer care
journal_title,778,nan,acta neurochirurgica
journal_title,779,nan,mcneill mathematics program
journal_title,783,nan,ann rheum dis
journal_title,790,nan,neurosurgical focus
journal_title,797,nan,current opinion in pharmacology
journal_title,799,nan,american acupuncturist
journal_title,803,nan,genereviews(r)
journal_title,808,cardiology in the young,cardiology in the oung
journal_title,811,nan,rheumatology (united kingdom)
journal_title,812,nan,american acupuncturist
journal_title,813,nan,current opinion in infectious diseases
journal_title,816,nan,allergy: european journal of allergy and clinical immunology
journal_title,819,nan,int j epidemiol
journal_title,821,nan,bmc oral health
journal_title,823,nan,clinical medicine (london england)
journal_title,829,nan,am j obstet gynecol
journal_title,831,nan,neurol res
journal_title,832,cancer,canecr
journal_title,833,nan,american acupuncturist
journal_title,840,nan,int j gynaecol obstet
journal_title,841,nan,american acupuncturist
journal_title,845,nan,cognitive processing
journal_title,848,nan,administration and policy in mental health
journal_title,849,ann rheum dis,ann rheum ds
journal_title,850,nan,health technology assessment database
journal_title,852,nan,clinical trials
journal_title,855,respiration; international review of thoracic diseases,respiratbion; international review of thoracic diseases
journal_title,856,nan,acta neurochir suppl (wien)
journal_title,857,nan,proceedings of the asme pressure vessels and piping conference 2010 vol 7
journal_title,865,nan,indian journal of physiology and pharmacology
journal_title,870,nan,am j crit care
journal_title,874,nan,croatian medical journal
journal_title,876,nan,klinik psikofarmakoloji bulteni
journal_title,877,nan,genereviews(r)
journal_title,878,nan,american acupuncturist
journal_title,886,nan,european journal of clinical nutrition
journal_title,887,nan,acta radiologica (stockholm sweden : 1987)
journal_title,888,catheterization and cardiovascular interventions : official journal of the society for cardiac angiography & interventions,catheterization and cardiovascular interventions : official journal of the society for cardiac angiography & intervenztions
journal_title,889,plos one,pls one
journal_title,892,j hand surg am,j hand srg am
journal_title,893,nan,best practice & research. clinical gastroenterology
journal_title,895,nan,int j epidemiol
journal_title,898,nan,archives of physical medicine and rehabilitation
journal_title,899,nan,american acupuncturist
journal_title,902,nan,supplement: active living research - niche to norm
journal_title,915,psycho-oncology,psycho-oncoloigy
journal_title,917,nan,the british journal of psychiatry
journal_title,926,functional neurology,functional eurology
journal_title,929,nan,neurology
journal_title,933,nan,american acupuncturist
journal_title,934,nan,american acupuncturist
journal_title,935,nan,croatian medical journal
journal_title,946,nan,helicobacter
journal_title,948,nan,american acupuncturist
journal_title,949,nan,american acupuncturist
journal_title,950,nan,american journal of infection control
journal_title,952,nan,journal of the american board of family medicine : jabfm
journal_title,953,nan,aids (london england)
journal_title,959,annals of internal medicine,annals of internla medicine
journal_title,961,journal of rheumatology,journal of rheumatolgy
journal_title,976,steroids,veterinary clinical pathology / american society for veterinary clinical pathology
journal_title,977,nan,american acupuncturist
journal_title,980,endocrinology,endocrinoloy
journal_title,987,nan,rheumatology (united kingdom)
journal_title,989,nan,klinik psikofarmakoloji bulteni
journal_abbreviation,4,nan,crit. rev. oncol. hematol.
journal_abbreviation,6,nan,geriatrics & gerontology international
journal_abbreviation,8,nan,am. j. respir. crit. care med.
journal_abbreviation,9,nan,annales francaises d'anesthesie et de reanimation
journal_abbreviation,10,nan,annales francaises d'anesthesie et de reanimation
journal_abbreviation,11,nan,helicobacter
journal_abbreviation,14,nan,j.clin.diagn.res.
journal_abbreviation,15,nan,tumour biol.
journal_abbreviation,16,nan,jama otolaryngol head neck surg
journal_abbreviation,18,nan,croat.med.j.
journal_abbreviation,19,nan,acta cytol.
journal_abbreviation,22,nan,health education & behavior : the official publication of the society for public health education
journal_abbreviation,25,nan,acta radiol
journal_abbreviation,28,nan,clinical obstetrics and gynecology
journal_abbreviation,30,nan,plos one
journal_abbreviation,32,nan,aids
journal_abbreviation,33,nan,brain behav
journal_abbreviation,34,nan,ann. n. y. acad. sci.
journal_abbreviation,36,nan,expert opinion on drug metabolism & toxicology
journal_abbreviation,41,nan,arch phys med rehabil
journal_abbreviation,43,nan,j huazhong univ sci technolog med sci
journal_abbreviation,45,nan,[nihon koshu eisei zasshi] japanese journal of public health
journal_abbreviation,47,nan,paediatr child health
journal_abbreviation,48,nan,biomed eng online
journal_abbreviation,50,nan,european journal of cancer care
journal_abbreviation,51,nan,thorax
journal_abbreviation,55,nan,arch phys med rehabil
journal_abbreviation,58,nan,clin interv aging
journal_abbreviation,59,nan,geriatrics & gerontology international
journal_abbreviation,63,nan,respiration
journal_abbreviation,64,nan,integr. physiol. behav. sci.
journal_abbreviation,65,nan,blood rev.
journal_abbreviation,67,nan,can forces dent serv q
journal_abbreviation,68,nan,diabetes technol. ther.
journal_abbreviation,71,nan,parkinsonism relat. disord.
journal_abbreviation,75,nan,stroke
journal_abbreviation,76,nan,journal of nutrition in gerontology and geriatrics
journal_abbreviation,77,nan,annales francaises d'anesthesie et de reanimation
journal_abbreviation,78,nan,endod dent traumatol
journal_abbreviation,80,nan,j am acad child adolesc psychiatry
journal_abbreviation,83,nan,biomed rep
journal_abbreviation,86,nan,ophthalmol eye dis
journal_abbreviation,88,nan,am. j. acupunct.
journal_abbreviation,92,nan,j am board fam med
journal_abbreviation,94,nan,addict.behav.
journal_abbreviation,97,nan,cytokine
journal_abbreviation,101,nan,paediatr child health
journal_abbreviation,102,nan,journal of orthopaedic science : official journal of the japanese orthopaedic association
journal_abbreviation,103,nan,ann oncol
journal_abbreviation,107,nan,gen dent
journal_abbreviation,108,nan,cochrane database syst rev
journal_abbreviation,112,nan,curr opin pharmacol
journal_abbreviation,113,nan,cancer immunol. immunother.
journal_abbreviation,114,nan,pediatr ann
journal_abbreviation,116,nan,paediatr child health
journal_abbreviation,118,nan,european journal of cancer care
journal_abbreviation,119,nan,eur j cardiovasc nurs
journal_abbreviation,120,nan,brain behav
journal_abbreviation,121,nan,nepal med coll j
journal_abbreviation,123,nan,endod dent traumatol
journal_abbreviation,127,nan,techniques in coloproctology
journal_abbreviation,128,nan,journal of graduate medical education
journal_abbreviation,129,nan,geriatrics & gerontology international
journal_abbreviation,130,nan,eur j cardiovasc nurs
journal_abbreviation,132,nan,nepal med coll j
journal_abbreviation,133,nan,paediatr child health
journal_abbreviation,134,nan,brain behav
journal_abbreviation,135,nan,ann. intern. med.
journal_abbreviation,136,nan,phys med biol
journal_abbreviation,138,nan,pharmacoeconomics
journal_abbreviation,139,nan,the journal of the oklahoma state medical association
journal_abbreviation,140,nan,am j infect control
journal_abbreviation,141,nan,phys ther
journal_abbreviation,142,nan,johns hopkins med. j.
journal_abbreviation,143,nan,biomed eng online
journal_abbreviation,146,nan,cir pediatr
journal_abbreviation,147,nan,journal of alternative and complementary medicine (new york n.y.)
journal_abbreviation,151,nan,emerg radiol
journal_abbreviation,153,nan,circulation
journal_abbreviation,154,nan,nepal med coll j
journal_abbreviation,156,nan,johns hopkins med. j.
journal_abbreviation,157,nan,cancer chemother. pharmacol.
journal_abbreviation,159,nan,kekkaku
journal_abbreviation,161,nan,psychooncology
journal_abbreviation,163,nan,childs nerv syst
journal_abbreviation,164,nan,ann oncol
journal_abbreviation,166,nan,j psychiatr res
journal_abbreviation,167,nan,journal of orthopaedic science : official journal of the japanese orthopaedic association
journal_abbreviation,168,nan,blood press monit
journal_abbreviation,169,nan,j.am.geriatr.soc.
journal_abbreviation,170,nan,paediatr child health
journal_abbreviation,172,nan,einstein (sao paulo brazil)
journal_abbreviation,174,nan,public health rep
journal_abbreviation,181,nan,respirology
journal_abbreviation,183,nan,paediatr child health
journal_abbreviation,184,nan,addict.behav.
journal_abbreviation,185,nan,ann oncol
journal_abbreviation,186,nan,nepal med coll j
journal_abbreviation,187,nan,brain behav
journal_abbreviation,188,nan,j int neuropsychol soc
journal_abbreviation,189,nan,bmc med
journal_abbreviation,190,nan,neurosurg
journal_abbreviation,191,nan,health education & behavior : the official publication of the society for public health education
journal_abbreviation,193,nan,psychooncology
journal_abbreviation,195,nan,journal of orthopaedic science : official journal of the japanese orthopaedic association
journal_abbreviation,196,nan,steroids
journal_abbreviation,198,nan,bmc neurol
journal_abbreviation,202,nan,brain behav
journal_abbreviation,204,nan,endocrinology
journal_abbreviation,207,nan,paediatr child health
journal_abbreviation,208,nan,paediatr child health
journal_abbreviation,214,nan,paediatr child health
journal_abbreviation,216,nan,european journal of cancer care
journal_abbreviation,219,nan,aust j rural health
journal_abbreviation,220,nan,eur j appl physiol occup physiol
journal_abbreviation,222,nan,nicotine & tobacco research : official journal of the society for research on nicotine and tobacco
journal_abbreviation,223,nan,hawai'i journal of medicine & public health : a journal of asia pacific medicine & public health
journal_abbreviation,225,nan,paediatr child health
journal_abbreviation,226,nan,paediatr child health
journal_abbreviation,228,nan,oncol nurs forum
journal_abbreviation,229,nan,blood press monit
journal_abbreviation,230,nan,paediatr child health
journal_abbreviation,238,nan,j psychiatr res
journal_abbreviation,239,nan,am. j. acupunct.
journal_abbreviation,242,nan,trans. r. soc. trop. med. hyg.
journal_abbreviation,243,nan,am. j. acupunct.
journal_abbreviation,246,nan,journal of orthopaedic science : official journal of the japanese orthopaedic association
journal_abbreviation,250,nan,the american journal of managed care
journal_abbreviation,251,nan,american journal of physiology. endocrinology and metabolism
journal_abbreviation,252,nan,j health care poor underserved
journal_abbreviation,254,nan,cases journal
journal_abbreviation,258,nan,acta obstetricia et gynecologica scandinavica
journal_abbreviation,260,nan,circulation
journal_abbreviation,261,nan,american journal of perinatology
journal_abbreviation,263,nan,clin. infect. dis.
journal_abbreviation,265,nan,chest
journal_abbreviation,266,nan,anaesthesia
journal_abbreviation,268,nan,american journal of critical care : an official publication american association of critical-care nurses
journal_abbreviation,270,nan,american journal of critical care : an official publication american association of critical-care nurses
journal_abbreviation,271,nan,allergy asthma proc
journal_abbreviation,272,nan,transplantation
journal_abbreviation,273,nan,jama intern med
journal_abbreviation,274,nan,j am acad child adolesc psychiatry
journal_abbreviation,275,nan,eur. j. heart fail.
journal_abbreviation,276,nan,biomed eng online
journal_abbreviation,277,nan,brain behav
journal_abbreviation,278,nan,oper dent
journal_abbreviation,280,nan,american journal of perinatology
journal_abbreviation,282,nan,health education & behavior : the official publication of the society for public health education
journal_abbreviation,284,nan,respirology
journal_abbreviation,285,nan,bmc musculoskeletal disorders
journal_abbreviation,286,nan,annals of the new york academy of sciences
journal_abbreviation,288,nan,ann. med.
journal_abbreviation,290,nan,hawai'i journal of medicine & public health : a journal of asia pacific medicine & public health
journal_abbreviation,293,nan,neurosurgery
journal_abbreviation,294,nan,journal of pain research
journal_abbreviation,295,nan,clin interv aging
journal_abbreviation,297,nan,alcoholism clinical and experimental research
journal_abbreviation,299,nan,respiration
journal_abbreviation,301,nan,j huazhong univ sci technolog med sci
journal_abbreviation,304,nan,sleep
journal_abbreviation,307,nan,brain behav
journal_abbreviation,308,nan,can fam physician
journal_abbreviation,310,nan,chest
journal_abbreviation,311,nan,paediatr child health
journal_abbreviation,312,nan,eur. j. heart fail.
journal_abbreviation,314,nan,american journal of critical care : an official publication american association of critical-care nurses
journal_abbreviation,315,nan,appl radiat isot
journal_abbreviation,317,nan,public health rep
journal_abbreviation,318,nan,acta cytol.
journal_abbreviation,321,nan,health education & behavior : the official publication of the society for public health education
journal_abbreviation,325,nan,endod dent traumatol
journal_abbreviation,326,nan,paediatr child health
journal_abbreviation,328,nan,paediatr child health
journal_abbreviation,330,nan,paediatr child health
journal_abbreviation,331,nan,alcoholism clinical and experimental research
journal_abbreviation,333,nan,annales francaises d'anesthesie et de reanimation
journal_abbreviation,334,nan,aust nz j ment health nurs
journal_abbreviation,337,nan,eur. j. heart fail.
journal_abbreviation,338,nan,angew. chem. int. ed. engl.
journal_abbreviation,340,nan,ann oncol
journal_abbreviation,343,nan,paediatr child health
journal_abbreviation,344,nan,eur j anaesthesiol
journal_abbreviation,345,nan,paediatr child health
journal_abbreviation,346,nan,plos one
journal_abbreviation,347,nan,preventive medicine
journal_abbreviation,350,nan,biomed eng online
journal_abbreviation,351,nan,j am geriatr soc
journal_abbreviation,352,nan,am. j. vet. res.
journal_abbreviation,353,nan,childs nerv syst
journal_abbreviation,354,nan,bmc neurol
journal_abbreviation,356,nan,eur j cardiovasc nurs
journal_abbreviation,358,nan,cir pediatr
journal_abbreviation,359,nan,epilepsy res.
journal_abbreviation,360,nan,eur j radiol
journal_abbreviation,363,nan,clin psychol rev
journal_abbreviation,365,nan,acta neurochirurgica. supplementum
journal_abbreviation,367,nan,expert opinion on drug metabolism & toxicology
journal_abbreviation,368,nan,rinsho byori. the japanese journal of clinical pathology
journal_abbreviation,370,nan,ann oncol
journal_abbreviation,371,nan,br.j.anaesth.
journal_abbreviation,373,nan,rheumatology
journal_abbreviation,374,nan,plos one
journal_abbreviation,375,nan,eur. j. heart fail.
journal_abbreviation,377,nan,aids
journal_abbreviation,379,nan,eur j appl physiol occup physiol
journal_abbreviation,380,nan,clin interv aging
journal_abbreviation,384,nan,plos one
journal_abbreviation,387,nan,klin.psikofarmakol.bul.
journal_abbreviation,388,nan,cir pediatr
journal_abbreviation,389,nan,paediatr child health
journal_abbreviation,394,nan,rev bras ter intensiva
journal_abbreviation,395,nan,pediatrics
journal_abbreviation,399,nan,blood press monit
journal_abbreviation,403,nan,interact cardiovasc thorac surg
journal_abbreviation,404,nan,tumour biol.
journal_abbreviation,406,nan,anadolu kardiyol derg
journal_abbreviation,407,nan,scand. cardiovasc. j.
journal_abbreviation,409,nan,am. j. vet. res.
journal_abbreviation,410,nan,j. clin. oncol.
journal_abbreviation,411,nan,infect. immun.
journal_abbreviation,412,nan,psychooncology
journal_abbreviation,413,nan,j sci med sport
journal_abbreviation,414,nan,adm policy ment health
journal_abbreviation,415,nan,paediatr child health
journal_abbreviation,418,nan,ophthalmic surg lasers
journal_abbreviation,420,nan,paediatr child health
journal_abbreviation,421,nan,atheroscler suppl
journal_abbreviation,425,nan,ann oncol
journal_abbreviation,426,nan,j chem phys
journal_abbreviation,427,nan,paediatr child health
journal_abbreviation,429,nan,paediatr child health
journal_abbreviation,430,nan,scand j infect dis suppl
journal_abbreviation,431,nan,acta neurologica scandinavica
journal_abbreviation,432,nan,nepal med coll j
journal_abbreviation,433,nan,eur. heart j.
journal_abbreviation,434,nan,journal of nutrition in gerontology and geriatrics
journal_abbreviation,436,nan,bjog : an international journal of obstetrics and gynaecology
journal_abbreviation,439,nan,alcoholism clinical and experimental research
journal_abbreviation,440,nan,the journal of the oklahoma state medical association
journal_abbreviation,441,nan,j.am.geriatr.soc.
journal_abbreviation,444,nan,endod dent traumatol
journal_abbreviation,445,nan,acad radiol
journal_abbreviation,448,nan,bmc musculoskeletal disorders
journal_abbreviation,450,nan,pharmacoeconomics
journal_abbreviation,455,nan,j am acad child adolesc psychiatry
journal_abbreviation,456,nan,scand. j. rheumatol.
journal_abbreviation,457,nan,j rheumatol
journal_abbreviation,459,nan,geriatrics & gerontology international
journal_abbreviation,460,nan,cancer res.
journal_abbreviation,464,nan,childs nerv syst
journal_abbreviation,467,nan,american journal of perinatology
journal_abbreviation,468,nan,bundesgesundheitsblatt gesundheitsforschung gesundheitsschutz
journal_abbreviation,469,nan,cir pediatr
journal_abbreviation,470,nan,cir pediatr
journal_abbreviation,488,nan,paediatr child health
journal_abbreviation,489,nan,brain behav
journal_abbreviation,490,nan,j cell sci
journal_abbreviation,491,nan,journal of pain research
journal_abbreviation,494,nan,actas urol esp
journal_abbreviation,496,nan,jama
journal_abbreviation,497,nan,bmc med
journal_abbreviation,498,nan,journal of applied physiology
journal_abbreviation,499,nan,j rheumatol
journal_abbreviation,501,nan,acta radiol
journal_abbreviation,502,nan,the american review of respiratory disease
journal_abbreviation,503,nan,best pract res clin gastroenterol
journal_abbreviation,504,nan,thorax
journal_abbreviation,505,nan,best pract res clin gastroenterol
journal_abbreviation,509,nan,int j med inform
journal_abbreviation,510,nan,j psychiatr res
journal_abbreviation,511,nan,neurorehabilitation
journal_abbreviation,513,nan,case rep.med.
journal_abbreviation,514,nan,acta cytol.
journal_abbreviation,515,nan,curr opin pharmacol
journal_abbreviation,517,nan,pediatr ann
journal_abbreviation,519,nan,int arch occup environ health
journal_abbreviation,522,nan,cir pediatr
journal_abbreviation,523,nan,cochrane database syst rev
journal_abbreviation,524,nan,thorax
journal_abbreviation,527,nan,scand. j. rheumatol.
journal_abbreviation,528,nan,environ. toxicol. pharmacol.
journal_abbreviation,530,nan,journal of cardiovascular medicine (hagerstown md.)
journal_abbreviation,531,nan,brain behav
journal_abbreviation,535,nan,addict.behav.
journal_abbreviation,537,nan,paediatr child health
journal_abbreviation,538,nan,j huazhong univ sci technolog med sci
journal_abbreviation,539,nan,annales francaises d'anesthesie et de reanimation
journal_abbreviation,540,nan,bundesgesundheitsblatt gesundheitsforschung gesundheitsschutz
journal_abbreviation,542,nan,paediatr child health
journal_abbreviation,543,nan,archives of surgery (chicago ill. : 1960)
journal_abbreviation,544,nan,clin cardiol
journal_abbreviation,545,nan,paediatr child health
journal_abbreviation,547,nan,eur j radiol
journal_abbreviation,548,nan,respirology
journal_abbreviation,549,nan,acta cytol.
journal_abbreviation,552,nan,american journal of health-system pharmacy : ajhp : official journal of the american society of health-system pharmacists
journal_abbreviation,553,nan,paediatr child health
journal_abbreviation,557,nan,acta neurologica scandinavica
journal_abbreviation,558,nan,cancer immunol. immunother.
journal_abbreviation,559,nan,archives of internal medicine
journal_abbreviation,563,nan,clin psychol rev
journal_abbreviation,565,nan,biomed eng online
journal_abbreviation,568,nan,british medical bulletin
journal_abbreviation,569,nan,clin psychol rev
journal_abbreviation,571,nan,addict.behav.
journal_abbreviation,572,nan,actas esp psiquiatr
journal_abbreviation,573,nan,environ monit assess
journal_abbreviation,574,nan,minerva cardioangiol
journal_abbreviation,580,nan,j sports sci
journal_abbreviation,583,nan,journal of analytical toxicology
journal_abbreviation,584,nan,bmc med
journal_abbreviation,585,nan,paediatr child health
journal_abbreviation,588,nan,atheroscler suppl
journal_abbreviation,592,nan,acta radiol
journal_abbreviation,593,nan,archives of internal medicine
journal_abbreviation,594,nan,arch phys med rehabil
journal_abbreviation,595,nan,brain behav
journal_abbreviation,598,nan,neurorehabilitation
journal_abbreviation,599,nan,ann oncol
journal_abbreviation,600,nan,epilepsy res.
journal_abbreviation,602,nan,journal of nutrition in gerontology and geriatrics
journal_abbreviation,604,nan,int j clin exp pathol
journal_abbreviation,606,nan,international journal of gynaecology and obstetrics: the official organ of the international federation of gynaecology and obstetrics
journal_abbreviation,608,nan,anaesthesia
journal_abbreviation,610,nan,atheroscler suppl
journal_abbreviation,614,nan,cir pediatr
journal_abbreviation,618,nan,acta endocrinol suppl (copenh)
journal_abbreviation,620,nan,am j infect control
journal_abbreviation,621,nan,rev endocr metab disord
journal_abbreviation,623,nan,journal of nutrition in gerontology and geriatrics
journal_abbreviation,624,nan,j psychiatr res
journal_abbreviation,625,nan,tumour biol.
journal_abbreviation,627,nan,neurology
journal_abbreviation,630,nan,ann oncol
journal_abbreviation,631,nan,am j infect control
journal_abbreviation,632,nan,jornal de pediatria
journal_abbreviation,635,nan,brain behav
journal_abbreviation,638,nan,international journal of obesity (2005)
journal_abbreviation,640,nan,crit. rev. oncol. hematol.
journal_abbreviation,642,nan,journal of orthopaedic science : official journal of the japanese orthopaedic association
journal_abbreviation,646,nan,paediatr child health
journal_abbreviation,649,nan,rev lat am enfermagem
journal_abbreviation,651,nan,eur. j. heart fail.
journal_abbreviation,653,nan,j int neuropsychol soc
journal_abbreviation,656,nan,sheng wu yi xue gong cheng xue za zhi
journal_abbreviation,662,nan,sci. total environ.
journal_abbreviation,666,nan,american journal of perinatology
journal_abbreviation,668,nan,ann oncol
journal_abbreviation,670,nan,emerg radiol
journal_abbreviation,671,nan,am. j. respir. crit. care med.
journal_abbreviation,672,nan,clin interv aging
journal_abbreviation,673,nan,the journal of the oklahoma state medical association
journal_abbreviation,676,nan,glob j health sci
journal_abbreviation,677,nan,adm policy ment health
journal_abbreviation,678,nan,blood press monit
journal_abbreviation,679,nan,journal of medical toxicology : official journal of the american college of medical toxicology
journal_abbreviation,680,nan,johns hopkins med. j.
journal_abbreviation,681,nan,psychol med
journal_abbreviation,682,nan,biomed eng online
journal_abbreviation,683,nan,nephrol. dial. transplant.
journal_abbreviation,685,nan,onkologie
journal_abbreviation,687,nan,the european journal of general practice
journal_abbreviation,690,nan,j huazhong univ sci technolog med sci
journal_abbreviation,692,nan,aids
journal_abbreviation,693,nan,blood rev.
journal_abbreviation,696,nan,proc.natl.acad.sci.u.s.a.
journal_abbreviation,698,nan,onkologie
journal_abbreviation,699,nan,alcoholism clinical and experimental research
journal_abbreviation,700,nan,brain behav
journal_abbreviation,701,nan,acta cytol.
journal_abbreviation,703,nan,blood press monit
journal_abbreviation,704,nan,paediatr child health
journal_abbreviation,712,nan,paediatr child health
journal_abbreviation,714,nan,tumour biol.
journal_abbreviation,715,nan,nicotine & tobacco research : official journal of the society for research on nicotine and tobacco
journal_abbreviation,721,nan,neuropsychologia
journal_abbreviation,723,nan,j. cardiovasc. electrophysiol.
journal_abbreviation,725,nan,paediatr child health
journal_abbreviation,726,nan,clinical obstetrics and gynecology
journal_abbreviation,727,nan,paediatr child health
journal_abbreviation,728,nan,johns hopkins med. j.
journal_abbreviation,730,nan,bmc oral health
journal_abbreviation,731,nan,ann. med.
journal_abbreviation,733,nan,kekkaku
journal_abbreviation,734,nan,annales francaises d'anesthesie et de reanimation
journal_abbreviation,735,nan,annales francaises d'anesthesie et de reanimation
journal_abbreviation,736,nan,neurorehabilitation
journal_abbreviation,739,nan,j. clin. oncol.
journal_abbreviation,741,nan,mycoses
journal_abbreviation,742,nan,movement disorders : official journal of the movement disorder society
journal_abbreviation,743,nan,best pract res clin gastroenterol
journal_abbreviation,744,nan,paediatr child health
journal_abbreviation,745,nan,j am geriatr soc
journal_abbreviation,748,nan,paediatr child health
journal_abbreviation,751,nan,int arch occup environ health
journal_abbreviation,753,nan,croat.med.j.
journal_abbreviation,758,nan,paediatr child health
journal_abbreviation,760,nan,am j infect control
journal_abbreviation,761,nan,exp. cell res.
journal_abbreviation,762,nan,j sports sci
journal_abbreviation,763,nan,radiology
journal_abbreviation,764,nan,acta cytol.
journal_abbreviation,766,nan,scand. cardiovasc. j.
journal_abbreviation,767,nan,paediatr child health
journal_abbreviation,768,nan,eur j anaesthesiol
journal_abbreviation,771,nan,sleep
journal_abbreviation,772,nan,kekkaku
journal_abbreviation,777,nan,bmc oral health
journal_abbreviation,778,nan,endod dent traumatol
journal_abbreviation,779,nan,college teaching
journal_abbreviation,783,nan,brain behav
journal_abbreviation,784,nan,emerg radiol
journal_abbreviation,785,nan,eur. heart j.
journal_abbreviation,786,nan,appl radiat isot
journal_abbreviation,787,nan,acta cytol.
journal_abbreviation,790,nan,neurosurg
journal_abbreviation,793,nan,circulation
journal_abbreviation,794,nan,allergy asthma proc
journal_abbreviation,797,nan,curr opin pharmacol
journal_abbreviation,799,nan,paediatr child health
journal_abbreviation,802,nan,american journal of critical care : an official publication american association of critical-care nurses
journal_abbreviation,803,nan,public health rep
journal_abbreviation,804,nan,bmc oral health
journal_abbreviation,805,nan,journal of orthopaedic science : official journal of the japanese orthopaedic association
journal_abbreviation,806,nan,chin.j.evid.-based med.
journal_abbreviation,809,nan,scand. j. rheumatol.
journal_abbreviation,810,nan,czas stomatol
journal_abbreviation,811,nan,acta cytol.
journal_abbreviation,812,nan,paediatr child health
journal_abbreviation,813,nan,clin interv aging
journal_abbreviation,815,nan,arch. gynecol. obstet.
journal_abbreviation,816,nan,cytokine
journal_abbreviation,817,nan,comput chem eng
journal_abbreviation,819,nan,international journal of epidemiology
journal_abbreviation,820,nan,actas esp psiquiatr
journal_abbreviation,821,nan,bmc oral health
journal_abbreviation,823,nan,clin med
journal_abbreviation,827,nan,eur. heart j.
journal_abbreviation,829,nan,american journal of obstetrics and gynecology
journal_abbreviation,831,nan,neurological research
journal_abbreviation,832,nan,addict.behav.
journal_abbreviation,833,nan,paediatr child health
journal_abbreviation,836,nan,journal of orthopaedic science : official journal of the japanese orthopaedic association
journal_abbreviation,840,nan,international journal of gynaecology and obstetrics: the official organ of the international federation of gynaecology and obstetrics
journal_abbreviation,841,nan,paediatr child health
journal_abbreviation,844,nan,ann r coll surg engl
journal_abbreviation,845,nan,journal of orthopaedic science : official journal of the japanese orthopaedic association
journal_abbreviation,846,nan,journal of orthopaedic science : official journal of the japanese orthopaedic association
journal_abbreviation,848,nan,nepal med coll j
journal_abbreviation,850,nan,biomed eng online
journal_abbreviation,851,nan,aust j rural health
journal_abbreviation,852,nan,eur j cardiovasc nurs
journal_abbreviation,856,nan,acta endocrinol suppl (copenh)
journal_abbreviation,857,nan,european journal of cancer care
journal_abbreviation,859,nan,j cell sci
journal_abbreviation,860,nan,j. cardiovasc. electrophysiol.
journal_abbreviation,861,nan,ann. med.
journal_abbreviation,863,nan,sleep
journal_abbreviation,864,nan,american journal of perinatology
journal_abbreviation,865,nan,j am acad child adolesc psychiatry
journal_abbreviation,867,nan,annales francaises d'anesthesie et de reanimation
journal_abbreviation,869,nan,health education & behavior : the official publication of the society for public health education
journal_abbreviation,870,nan,american journal of critical care : an official publication american association of critical-care nurses
journal_abbreviation,871,nan,neurorehabilitation
journal_abbreviation,872,nan,am. j. acupunct.
journal_abbreviation,874,nan,croat.med.j.
journal_abbreviation,876,nan,clin cardiol
journal_abbreviation,877,nan,public health rep
journal_abbreviation,878,nan,paediatr child health
journal_abbreviation,880,nan,ann r coll surg engl
journal_abbreviation,882,nan,curr. opin. pediatr.
journal_abbreviation,883,nan,plos one
journal_abbreviation,884,nan,korean j.anesth.
journal_abbreviation,885,nan,eur j appl physiol occup physiol
journal_abbreviation,886,nan,eur j clin nutr
journal_abbreviation,887,nan,acta radiol
journal_abbreviation,890,nan,international journal of obesity (2005)
journal_abbreviation,891,nan,best pract res clin gastroenterol
journal_abbreviation,893,nan,best pract res clin gastroenterol
journal_abbreviation,895,nan,international journal of epidemiology
journal_abbreviation,898,nan,arch phys med rehabil
journal_abbreviation,899,nan,paediatr child health
journal_abbreviation,901,nan,am.j.epidemiol.
journal_abbreviation,902,nan,journal of nutrition in gerontology and geriatrics
journal_abbreviation,906,nan,j int neuropsychol soc
journal_abbreviation,907,nan,rheumatology
journal_abbreviation,912,nan,j korean neurosurg soc
journal_abbreviation,913,nan,adm policy ment health
journal_abbreviation,917,nan,archives of internal medicine
journal_abbreviation,922,nan,brain behav
journal_abbreviation,923,nan,aust j rural health
journal_abbreviation,924,nan,american journal of critical care : an official publication american association of critical-care nurses
journal_abbreviation,926,nan,public health rep
journal_abbreviation,927,nan,med teach
journal_abbreviation,928,nan,cancer
journal_abbreviation,929,nan,neurology
journal_abbreviation,933,nan,paediatr child health
journal_abbreviation,934,nan,paediatr child health
journal_abbreviation,935,nan,croat.med.j.
journal_abbreviation,940,nan,atheroscler suppl
journal_abbreviation,941,nan,pharmacogenomics
journal_abbreviation,943,nan,behav brain sci
journal_abbreviation,944,nan,bundesgesundheitsblatt gesundheitsforschung gesundheitsschutz
journal_abbreviation,946,nan,helicobacter
journal_abbreviation,947,nan,am. j. acupunct.
journal_abbreviation,948,nan,paediatr child health
journal_abbreviation,949,nan,paediatr child health
journal_abbreviation,950,nan,am j infect control
journal_abbreviation,952,nan,nepal med coll j
journal_abbreviation,953,nan,aids
journal_abbreviation,955,nan,oral oncol.
journal_abbreviation,956,nan,aust nz j ment health nurs
journal_abbreviation,957,nan,annales francaises d'anesthesie et de reanimation
journal_abbreviation,961,nan,[nihon koshu eisei zasshi] japanese journal of public health
journal_abbreviation,963,nan,actas urol esp
journal_abbreviation,970,nan,the american review of respiratory disease
journal_abbreviation,971,nan,movement disorders : official journal of the movement disorder society
journal_abbreviation,973,nan,nephrol. dial. transplant.
journal_abbreviation,977,nan,paediatr child health
journal_abbreviation,979,nan,public health rep
journal_abbreviation,981,nan,fertil. steril.
journal_abbreviation,987,nan,rheumatology
journal_abbreviation,989,nan,klin.psikofarmakol.bul.
journal_abbreviation,994,nan,eur j cardiovasc nurs
journal_abbreviation,997,nan,scand j infect dis suppl
journal_abbreviation,999,nan,int j colorectal dis
journal_abbreviation,1000,nan,movement disorders : official journal of the movement disorder society
journal_issn,4,nan,1872-8243
journal_issn,6,nan,nuxll
journal_issn,8,1535-4970,0041-5782 (print) 0041-5782
journal_issn,10,nan,0929-693x
journal_issn,15,nan,nul
journal_issn,19,68-jan,jan-68
journal_issn,22,nan,0143-991x
journal_issn,25,nan,0022-3956
journal_issn,28,nan,0301-5149
journal_issn,33,nan,nll
journal_issn,47,nan,nnull
journal_issn,49,1555-2101,j1555-2101
journal_issn,50,nan,nkull
journal_issn,51,nan,-94325
journal_issn,55,nan,nkull
journal_issn,56,0098-1354,1538-7445
journal_issn,58,nan,1756-9966
journal_issn,67,nan,9790000000000
journal_issn,76,nan,1466-187x
journal_issn,77,nan,0143-991x
journal_issn,79,nan,22-mar
journal_issn,81,0961-5423 (print) 0961-5423,1170-7690
journal_issn,86,9788480000000,9790000000000
journal_issn,88,nan,jan-47
journal_issn,97,nan,0020-7292
journal_issn,101,nan,nnull
journal_issn,103,nan,0361-6843 print 1471-6402 electronic
journal_issn,107,nan,0035-9157 (print) 0035-9157
journal_issn,108,nan,0035-9157 (print) 0035-9157
journal_issn,109,1471-4892,0035-9157 (print) 0035-9157
journal_issn,110,1469-493x,0035-9157 (print) 0035-9157
journal_issn,111,1432-0851,0035-9157 (print) 0035-9157
journal_issn,112,2044-6055,0035-9157 (print) 0035-9157
journal_issn,113,nan,0035-9157 (print) 0035-9157
journal_issn,116,nan,nnull
journal_issn,118,nan,1744-7623
journal_issn,120,nan,nll
journal_issn,127,nan,0143-991x
journal_issn,132,37-feb,feb-37
journal_issn,133,nan,nnull
journal_issn,134,nan,0-8077-4913-3
journal_issn,135,nan,1539-3704
journal_issn,139,nan,0030-1876 (print) 0030-1876
journal_issn,140,nan,0196-6553
journal_issn,141,nan,nul
journal_issn,142,nan,1424-7860
journal_issn,143,nan,nlul
journal_issn,146,nan,0969-4900
journal_issn,147,nan,1558-0520
journal_issn,154,nan,0020-7292
journal_issn,157,nan,1531-5053
journal_issn,161,nan,1057-9249
journal_issn,163,nan,0266-7681 (print) 0266-7681
journal_issn,164,nan,0143-991x
journal_issn,166,nan,nkull
journal_issn,167,nan,0949-2658 (print) 0949-2658
journal_issn,169,nan,2162-3279
journal_issn,170,nan,nnull
journal_issn,172,nan,0960-8923
journal_issn,183,nan,nnull
journal_issn,184,nan,nkull
journal_issn,186,nan,0020-7640
journal_issn,187,nan,0-8077-4913-3
journal_issn,193,nan,1051-1970 1051-1970
journal_issn,196,nan,1878-5867
journal_issn,201,1129-2377,1129q-2377
journal_issn,204,nan,1945-7170
journal_issn,207,nan,nnull
journal_issn,208,nan,nnull
journal_issn,214,nan,nnull
journal_issn,216,nan,jan-47
journal_issn,219,nan,1744-7623
journal_issn,220,nan,0301-5548
journal_issn,222,nan,0020-7292
journal_issn,223,nan,0022-9032
journal_issn,225,nan,nnull
journal_issn,226,nan,nnull
journal_issn,230,nan,nnull
journal_issn,231,87567555,8767555
journal_issn,236,47-jan,jan-47
journal_issn,246,nan,14402440
journal_issn,251,nan,0193-1849
journal_issn,260,nan,0305-1862
journal_issn,262,nan,0096-3445
journal_issn,268,nan,1139-6121
journal_issn,270,nan,1535-7414
journal_issn,276,nan,0143-991x
journal_issn,277,nan,nll
journal_issn,284,nan,nll
journal_issn,285,nan,nkull
journal_issn,286,nan,0077-8923 (print) 0077-8923
journal_issn,288,nan,0340-2592
journal_issn,297,nan,09663622 (issn)
journal_issn,299,nan,13598546
journal_issn,301,nan,1466-4860
journal_issn,304,nan,1699-5198
journal_issn,307,nan,nll
journal_issn,308,nan,1535-7414
journal_issn,311,nan,nnull
journal_issn,312,nan,1063-8652
journal_issn,314,nan,nll
journal_issn,315,nan,1744-7623
journal_issn,317,nan,0030-1876 (print) 0030-1876
journal_issn,318,nan,0954-3007
journal_issn,325,nan,0929-693x
journal_issn,326,nan,nnull
journal_issn,328,nan,nnull
journal_issn,330,nan,nnull
journal_issn,333,nan,0750-7658
journal_issn,334,nan,nkull
journal_issn,340,nan,nnull
journal_issn,343,nan,nnull
journal_issn,345,nan,nnull
journal_issn,348,1462-8910,1463-1318
journal_issn,350,nan,nuxll
journal_issn,353,nan,0266-7681 (print) 0266-7681
journal_issn,356,nan,2115-7863(electronic);2115-8789(print)
journal_issn,359,nan,ull
journal_issn,365,nan,0021-4892
journal_issn,374,nan,19326203
journal_issn,375,nan,1356-7500
journal_issn,377,nan,-4473
journal_issn,378,1932-6203,1923-6203
journal_issn,379,0098-4108 (print)     0098-4108 (linking),0301-5548
journal_issn,380,nan,0143-991x
journal_issn,384,nan,nnull
journal_issn,387,nan,nkull
journal_issn,388,nan,nkull
journal_issn,389,nan,nnull
journal_issn,392,62-feb,feb-62
journal_issn,397,1827-1618,1827-618
journal_issn,404,nan,0893-133x
journal_issn,407,nan,1098-240x
journal_issn,409,nan,0012-835x
journal_issn,410,nan,0022-5347
journal_issn,411,nan,1744-7623
journal_issn,414,nan,nll
journal_issn,415,nan,nnull
journal_issn,417,1569-8041,0195-6744
journal_issn,420,nan,nnull
journal_issn,425,nan,0277-3732
journal_issn,426,nan,1089-7690
journal_issn,427,nan,nnull
journal_issn,429,nan,0143-991x
journal_issn,430,nan,0300-8878
journal_issn,432,nan,nkull
journal_issn,433,nan,1522-9645
journal_issn,434,nan,0025-7753
journal_issn,435,65-feb,feb-65
journal_issn,436,nan,0008-543x
journal_issn,439,nan,0023-6837
journal_issn,457,nan,0315-162x
journal_issn,459,nan,nuxll
journal_issn,460,nan,1538-7445
journal_issn,464,nan,0266-7681 (print) 0266-7681
journal_issn,470,nan,nkull
journal_issn,487,1873-1465,18k73-1465
journal_issn,488,nan,nnull
journal_issn,489,nan,nll
journal_issn,491,nan,1749-8546
journal_issn,493,1433-7347,4133-7347
journal_issn,494,nan,nkull
journal_issn,496,nan,0098-7484
journal_issn,498,nan,1523-536x
journal_issn,499,nan,0195-668x
journal_issn,502,nan,0003-0805 (print) 0003-0805
journal_issn,508,53-nov,nov-53
journal_issn,509,nan,1872-8243
journal_issn,511,nan,1523-536x
journal_issn,514,nan,jan-68
journal_issn,520,0376-2491,376-2491
journal_issn,528,nan,1872-7077
journal_issn,531,nan,1440-1843
journal_issn,537,nan,nnull
journal_issn,539,nan,0022-3956
journal_issn,540,nan,0301-4738
journal_issn,542,nan,nnull
journal_issn,545,nan,nnull
journal_issn,547,nan,-4928
journal_issn,548,nan,nll
journal_issn,553,nan,nnull
journal_issn,557,nan,1744-7623
journal_issn,559,nan,nll
journal_issn,563,nan,1558-0520
journal_issn,565,nan,0143-991x
journal_issn,569,nan,1558-0520
journal_issn,573,nan,1573-2959
journal_issn,574,nan,1827-618
journal_issn,583,nan,1533-7731
journal_issn,584,nan,1547-5271
journal_issn,585,nan,nnull
journal_issn,586,1532-821x,153-821x
journal_issn,591,nan,0735-1631
journal_issn,593,nan,nll
journal_issn,594,nan,153-821x
journal_issn,596,0949-2658 (print) 0949-2658,0949-2658 (print) 0949-658
journal_issn,598,nan,1523-536x
journal_issn,599,nan,0143-991x
journal_issn,600,nan,0033-3549
journal_issn,602,nan,1557-8550
journal_issn,606,nan,0195-668x
journal_issn,612,1075-5535,0935-8943
journal_issn,614,nan,0969-4900
journal_issn,620,nan,09593985 (issn)
journal_issn,623,nan,1098-240x
journal_issn,625,nan,0893-133x
journal_issn,629,1753-4666,1753-4w666
journal_issn,630,nan,0361-6843 print 1471-6402 electronic
journal_issn,631,nan,0143-991x
journal_issn,632,nan,0021-7557
journal_issn,635,nan,nll
journal_issn,640,nan,1872-8243
journal_issn,643,0737-1209,152-51446
journal_issn,644,22-sep,1524-4539
journal_issn,645,55-jan,jan-55
journal_issn,646,nan,nnull
journal_issn,649,1547-1896,1381-4788
journal_issn,657,1460-2385,1406-2385
journal_issn,659,0039-2499,1524-4628
journal_issn,662,nan,nul
journal_issn,666,nan,nll
journal_issn,670,nan,nkull
journal_issn,671,nan,0022-9032
journal_issn,672,nan,0143-991x
journal_issn,676,nan,nul
journal_issn,677,nan,0195-6701 (print) 0195-6701
journal_issn,678,nan,0143-991x
journal_issn,679,nan,1744-7623
journal_issn,682,nan,1475-925x
journal_issn,684,0019-9567,0273-1223
journal_issn,685,nan,0378-584x
journal_issn,690,nan,0160-6379
journal_issn,691,60-sep,sep-60
journal_issn,692,nan,-4473
journal_issn,693,nan,0268-1153
journal_issn,699,nan,nkull
journal_issn,700,nan,1440-1843
journal_issn,701,nan,14402440
journal_issn,704,nan,nnull
journal_issn,712,nan,nnull
journal_issn,714,nan,1745-0128 1745-0136
journal_issn,721,nan,0036-8148 0036-8148
journal_issn,723,nan,1540-8167
journal_issn,725,nan,nnull
journal_issn,726,nan,0301-5149
journal_issn,727,nan,nnull
journal_issn,728,nan,0266-7681 (print) 0266-7681
journal_issn,731,nan,0340-2592
journal_issn,734,nan,1678-4464
journal_issn,742,nan,1353-3452 (print)     1353-3452
journal_issn,743,nan,0305-1862
journal_issn,744,nan,nnull
journal_issn,746,22-sep,22-esp
journal_issn,747,67-may,mar-67
journal_issn,748,nan,nnull
journal_issn,751,nan,1470-2738
journal_issn,753,nan,nll
journal_issn,758,nan,nnull
journal_issn,761,nan,1090-2422
journal_issn,764,nan,jan-47
journal_issn,767,nan,nnull
journal_issn,770,1932-6203,19326203
journal_issn,773,1460-2105,146q0-2105
journal_issn,777,nan,0961-5423
journal_issn,778,nan,0175-3851
journal_issn,779,nan,8767555
journal_issn,783,nan,nll
journal_issn,786,nan,0095-1137 (print) 0095-1137
journal_issn,787,nan,0954-3007
journal_issn,790,nan,ull
journal_issn,794,nan,-10475
journal_issn,797,nan,-14400
journal_issn,798,0363-5023,0363-50i23
journal_issn,799,nan,nnull
journal_issn,803,nan,1063-8652
journal_issn,808,1467-1107,1467-o1107
journal_issn,810,0049-8610,nov-53
journal_issn,811,nan,14402440
journal_issn,812,nan,nnull
journal_issn,813,nan,0951-7375
journal_issn,816,nan,0020-7292
journal_issn,817,nan,2168-6157
journal_issn,819,nan,0300-5771 (print) 0300-5771
journal_issn,821,nan,1472-6831
journal_issn,822,1930-7381,1930-739x
journal_issn,823,nan,nnull
journal_issn,827,nan,0041-1132
journal_issn,828,14-feb,1532-5415
journal_issn,829,nan,14402440
journal_issn,831,nan,0161-6412 (print) 0161-6412
journal_issn,833,nan,nnull
journal_issn,836,nan,0093-934x
journal_issn,840,nan,0020-7292
journal_issn,841,nan,nnull
journal_issn,844,nan,0035-8843
journal_issn,845,nan,14402440
journal_issn,846,nan,0949-2658 (print) 0949-2658
journal_issn,848,nan,0143-991x
journal_issn,849,67-may,mar-67
journal_issn,850,nan,0143-991x
journal_issn,852,nan,2115-7863(electronic);2115-8789(print)
journal_issn,856,nan,0065-1419 (print)     0065-1419
journal_issn,857,nan,1744-7623
journal_issn,858,22-sep,22a-sep
journal_issn,860,nan,0214-9915
journal_issn,861,nan,0340-2592
journal_issn,865,nan,1744-7623
journal_issn,869,nan,0143-991x
journal_issn,870,nan,1471-2288
journal_issn,871,nan,1523-536x
journal_issn,874,nan,nll
journal_issn,876,nan,nkull
journal_issn,877,nan,0030-1876 (print) 0030-1876
journal_issn,878,nan,nnull
journal_issn,881,nan,feb-37
journal_issn,882,nan,1385-4046
journal_issn,884,nan,2005-7563
journal_issn,885,nan,0146-4760 (print) 0146-4760
journal_issn,886,nan,jan-47
journal_issn,887,nan,1079-5006
journal_issn,889,1932-6203,9132-6203
journal_issn,890,nan,0307-0565
journal_issn,893,nan,9790000000000
journal_issn,894,0903-1936,1399-3003
journal_issn,895,nan,0300-5771 (print) 0300-5771
journal_issn,898,nan,153-821x
journal_issn,899,nan,nnull
journal_issn,902,nan,0361-073x     1096-4657
journal_issn,906,nan,1469-7661
journal_issn,912,nan,2005-3711
journal_issn,915,1057-9249,1099-1611
journal_issn,917,nan,nll
journal_issn,922,nan,0-8077-4913-3
journal_issn,923,nan,1535-7414
journal_issn,929,nan,0910-5050
journal_issn,932,1527-7755,1527-7755***
journal_issn,933,nan,nnull
journal_issn,934,nan,nnull
journal_issn,935,nan,0091-6749 (print)
journal_issn,946,nan,0143-991x
journal_issn,947,nan,0021-8987
journal_issn,948,nan,nnull
journal_issn,949,nan,nnull
journal_issn,950,nan,jan-47
journal_issn,952,nan,1557-2625
journal_issn,953,nan,ull
journal_issn,954,1476-5497,147-5497
journal_issn,961,nan,0378-7788
journal_issn,970,nan,0003-0805 (print) 0003-0805
journal_issn,971,nan,1471-2458
journal_issn,977,nan,nnull
journal_issn,979,nan,0030-1876 (print) 0030-1876
journal_issn,981,nan,1556-5653
journal_issn,984,65-feb,feb-65
journal_issn,987,nan,1462-0324
journal_issn,989,nan,nkull
journal_issn,991,65-feb,feb-65
journal_issn,992,1535-4970,0340-6245
journal_issn,994,nan,1474-5151
journal_issn,997,nan,0300-8878
journal_issn,1000,nan,0885-3185
article_jcreated_at,41,nan,1/9/10
article_jcreated_at,47,nan,1/1/66
article_jcreated_at,101,nan,1/1/66
article_jcreated_at,116,nan,1/1/66
article_jcreated_at,119,nan,1/9/03
article_jcreated_at,130,nan,1/9/03
article_jcreated_at,133,nan,1/1/66
article_jcreated_at,134,nan,1/1/66
article_jcreated_at,147,nan,1/4/10
article_jcreated_at,161,nan,1/5/06
article_jcreated_at,170,nan,1/1/66
article_jcreated_at,183,nan,1/1/66
article_jcreated_at,187,nan,1/1/66
article_jcreated_at,207,nan,1/1/66
article_jcreated_at,208,nan,1/1/66
article_jcreated_at,214,nan,1/1/66
article_jcreated_at,223,nan,1/11/03
article_jcreated_at,225,nan,1/1/66
article_jcreated_at,226,nan,1/1/66
article_jcreated_at,230,nan,1/1/66
article_jcreated_at,244,nan,4/1/90
article_jcreated_at,250,nan,1/13/12
article_jcreated_at,271,nan,1/15/10
article_jcreated_at,275,nan,4/1/68
article_jcreated_at,294,nan,8/1/65
article_jcreated_at,305,nan,1/14/12
article_jcreated_at,307,nan,1/1/66
article_jcreated_at,311,nan,1/1/66
article_jcreated_at,326,nan,1/1/66
article_jcreated_at,328,nan,1/1/66
article_jcreated_at,330,nan,1/1/66
article_jcreated_at,343,nan,1/1/66
article_jcreated_at,345,nan,1/1/66
article_jcreated_at,360,nan,1/3/10
article_jcreated_at,389,nan,1/1/66
article_jcreated_at,399,nan,6/1/97
article_jcreated_at,415,nan,1/1/66
article_jcreated_at,420,nan,1/1/66
article_jcreated_at,427,nan,1/1/66
article_jcreated_at,441,nan,1/9/03
article_jcreated_at,469,nan,1/12/03
article_jcreated_at,488,nan,1/1/66
article_jcreated_at,489,nan,1/1/66
article_jcreated_at,490,nan,1/11/11
article_jcreated_at,505,nan,1/8/10
article_jcreated_at,515,nan,1/3/04
article_jcreated_at,531,nan,1/1/90
article_jcreated_at,537,nan,1/1/66
article_jcreated_at,542,nan,1/1/66
article_jcreated_at,545,nan,1/1/66
article_jcreated_at,553,nan,1/1/66
article_jcreated_at,585,nan,1/1/66
article_jcreated_at,635,nan,1/1/66
article_jcreated_at,646,nan,1/1/66
article_jcreated_at,673,nan,6/17/02
article_jcreated_at,704,nan,1/1/66
article_jcreated_at,712,nan,1/1/66
article_jcreated_at,725,nan,1/1/66
article_jcreated_at,727,nan,1/1/66
article_jcreated_at,739,nan,1/1/04
article_jcreated_at,744,nan,1/1/66
article_jcreated_at,748,nan,1/1/66
article_jcreated_at,758,nan,1/1/66
article_jcreated_at,759,nan,1/5/01
article_jcreated_at,760,nan,4/1/89
article_jcreated_at,767,nan,1/1/66
article_jcreated_at,783,nan,1/1/66
article_jcreated_at,797,nan,1/3/04
article_jcreated_at,799,nan,1/1/66
article_jcreated_at,806,nan,1/8/06
article_jcreated_at,812,nan,1/1/66
article_jcreated_at,820,nan,1/13/05
article_jcreated_at,833,nan,1/1/66
article_jcreated_at,841,nan,1/1/66
article_jcreated_at,878,nan,1/1/66
article_jcreated_at,899,nan,1/1/66
article_jcreated_at,922,nan,1/1/66
article_jcreated_at,924,nan,1/2/04
article_jcreated_at,928,nan,1/13/12
article_jcreated_at,933,nan,1/1/66
article_jcreated_at,934,nan,1/1/66
article_jcreated_at,943,nan,9/1/97
article_jcreated_at,948,nan,1/1/66
article_jcreated_at,949,nan,1/1/66
article_jcreated_at,953,nan,11/13/12
article_jcreated_at,956,nan,3/1/00
article_jcreated_at,977,nan,1/1/66
article_pagination,2,nan,6-jan
article_pagination,47,nan,s32-47
article_pagination,59,nan,288-94
article_pagination,66,nan,13-may
article_pagination,83,nan,464-468
article_pagination,101,nan,s32-47
article_pagination,112,nan,e004623
article_pagination,114,nan,4327-4335
article_pagination,116,nan,s32-47
article_pagination,133,nan,s32-47
article_pagination,134,nan,-
article_pagination,143,nan,207-220
article_pagination,169,nan,-
article_pagination,170,nan,s32-47
article_pagination,182,nan,6-jan
article_pagination,183,nan,s32-47
article_pagination,187,nan,-
article_pagination,197,nan,6-jan
article_pagination,202,nan,-
article_pagination,207,nan,s32-47
article_pagination,208,nan,s32-47
article_pagination,210,nan,6-jan
article_pagination,214,nan,s32-47
article_pagination,225,nan,s32-47
article_pagination,226,nan,s32-47
article_pagination,230,nan,s32-47
article_pagination,260,nan,289-318
article_pagination,276,nan,207-220
article_pagination,285,nan,193-9
article_pagination,288,nan,p3021
article_pagination,294,nan,121-36
article_pagination,307,nan,-
article_pagination,311,nan,s32-47
article_pagination,313,nan,6-jan
article_pagination,324,nan,1219-1220
article_pagination,326,nan,s32-47
article_pagination,328,nan,s32-47
article_pagination,330,nan,s32-47
article_pagination,341,nan,341-6
article_pagination,343,nan,s32-47
article_pagination,345,nan,s32-47
article_pagination,357,nan,310-4
article_pagination,361,nan,6-jan
article_pagination,384,nan,1323-30
article_pagination,389,nan,s32-47
article_pagination,415,nan,s32-47
article_pagination,420,nan,s32-47
article_pagination,427,nan,s32-47
article_pagination,446,nan,6-jan
article_pagination,488,nan,s32-47
article_pagination,531,nan,-
article_pagination,534,nan,6-jan
article_pagination,537,nan,s32-47
article_pagination,542,nan,s32-47
article_pagination,545,nan,s32-47
article_pagination,548,nan,120 [tp 184]
article_pagination,551,nan,362-9
article_pagination,553,nan,s32-47
article_pagination,585,nan,s32-47
article_pagination,595,nan,-
article_pagination,643,nan,327-35
article_pagination,646,nan,s32-47
article_pagination,666,nan,761-762
article_pagination,693,nan,113-129
article_pagination,701,nan,25
article_pagination,704,nan,s32-47
article_pagination,712,nan,s32-47
article_pagination,725,nan,s32-47
article_pagination,726,nan,20-4 st  - preferences and practices of americans and their physicians in antihypertensive therapy-
article_pagination,727,nan,s32-47
article_pagination,739,nan,113-129
article_pagination,744,nan,s32-47
article_pagination,746,nan,221-32
article_pagination,747,nan,1296-304
article_pagination,748,nan,s32-47
article_pagination,758,nan,s32-47
article_pagination,767,nan,s32-47
article_pagination,769,nan,6-jan
article_pagination,773,nan,1078-87
article_pagination,783,nan,-
article_pagination,792,nan,447-55
article_pagination,799,nan,s32-47
article_pagination,801,nan,1078-87
article_pagination,811,nan,25
article_pagination,812,nan,s32-47
article_pagination,821,nan,66
article_pagination,833,nan,s32-47
article_pagination,841,nan,s32-47
article_pagination,845,nan,283-296
article_pagination,857,nan,277-286
article_pagination,862,nan,6-jan
article_pagination,869,nan,1024-1025
article_pagination,878,nan,s32-47
article_pagination,883,nan,1323-30
article_pagination,885,nan,78-83
article_pagination,888,nan,6-jan
article_pagination,899,nan,s32-47
article_pagination,907,nan,25
article_pagination,917,nan,53
article_pagination,922,nan,-
article_pagination,933,nan,s32-47
article_pagination,934,nan,s32-47
article_pagination,948,nan,s32-47
article_pagination,949,nan,s32-47
article_pagination,965,nan,-
article_pagination,977,nan,s32-47
article_pagination,979,nan,138-52 st  - the cost of depression-complicated alcoholism: health-care utilization and treatment effectiveness-
article_pagination,998,nan,6-jan
