index,tno,fname,lname,gender,areacode,phone,city,state,zip,maritalstatus,haschild,salary,rate,singleexemp,marriedexemp,childexemp
1,0,Pengyuan,Zendler,F,508,744-9007,ERWIN,SD,0,M,N,90000,5.3,0,7150,0
2,90,Dung,Pike,F,774,133-6113,BRIDGEWATER,MA,2325,S,N,55000,5.3,3575,0,0
3,100,Uinam,Hekken,F,339,769-6182,BELMONT,MA,2478,M,Y,35000,5.3,0,7150,1000
4,102,Baoquan,Guha,F,339,730-7750,EAST WALPOLE,MA,2032,S,Y,40000,5.3,3575,0,1000
5,114,Refael,Hasida,F,939,677-3999,LUQUILLO,PR,773,S,Y,30000,0.0,0,0,0
6,120,Kayo,Haralick,F,339,730-9081,DORCHESTER,MA,2125,M,Y,40000,5.3,0,7150,1000
7,153,John,Sherratt,empty,978,184-9558,OCEAN BLUFF,MA,2065,S,N,60000,5.3,3575,0,0
8,162,Taylor,Sanada,F,787,500-5910,MOCA,PR,676,M,Y,85000,0.0,0,0,0
9,206,Suzan,Duclos,F,401,664-5371,PAWTUCKET,RI,2861,S,Y,90000,0.0,0,0,0
10,220,Anthong,Huuskonen,M,939,661-2631,LUQUILLO,PR,773,S,N,15000,0.0,0,0,0
11,243,Sonoko,Dam,F,939,206-1159,CABO ROJO,PR,623,S,N,45000,0.0,0,0,0
12,279,Imari,Kleinjohann,F,401,143-3552,CUMBERLAND,RI,2864,S,Y,30000,0.0,0,0,0
13,281,Bilhanan,Sione,F,774,767-4605,NEEDHAM HEIGHTS,MA,2494,M,N,15000,5.3,0,7150,0
14,293,Xiannong,Pinzani,M,339,361-4214,SOUTH DARTMOUTH,MA,2748,S,N,30000,5.3,3575,empty,0
15,296,Humphrey,Ramamoorthy,F,401,466-2957,CALYVILLE,RI,0,M,N,90000,0.0,0,0,0
16,308,Ljiljana,Smeets,F,508,693-9220,AGAWAM,MA,0,M,Y,45000,5.3,0,7150,1000
17,353,Nitsan,Ertl,M,351,912-9267,WEST WARREN,MA,1092,S,Y,75000,5.3,3575,0,1000
18,357,Ludwik,Hamburg,M,978,529-7308,ASHFIELD,MA,1330,M,Y,5000,5.3,0,7150,1000
19,373,Lein,Ang,F,857,188-6322,HOLYOKE,MA,1041,S,Y,90000,5.3,355,0,1000
20,386,Fernand,Panagopoulou,F,508,205-7989,CHICOPEE,MA,1013,M,Y,90000,5.3,0,7150,1000
21,421,Avadis,Dattasharma,M,508,449-5112,ACCORD,MA,2018,S,Y,85000,5.3,3575,0,1000
22,430,Toshifumi,Leguy,F,939,334-4361,ANOVANAS,PR,729,M,Y,45000,0.0,0,0,0
23,432,Houssem,Sewry,M,401,266-7110,HARRISVILLE,RI,2830,S,N,55000,0.0,0,0,0
24,433,Saydean,Banare,M,508,137-3292,EAST WEYMOUTH,MA,2189,S,Y,5000,5.3,3575,0,1000
25,486,Staphane,Spitz,F,774,393-2358,STOW,MA,1775,M,N,50000,5.3,0,7150,0
26,495,Hongwei,Clo,M,413,475-1491,EAST FALMOUTH,MA,2536,M,Y,80000,5.3,0,7150,1000
27,502,Paramsothy,Orgass,F,0,823-8510,MILL RIVER,MA,1244,M,Y,10000,5.3,0,7150,1000
28,504,Toshihiro,Gerla,F,351,318-2767,BOSTON,MA,2284,S,Y,20000,5.3,3575,0,1000
29,549,Gennaro,Trumbly,M,787,595-5613,COTO LAUREL,PR,780,S,Y,15000,0.0,0,0,0
30,577,Mel,Kiesler,M,787,296-3383,BOQUERON,PR,622,S,Y,100000,0.0,0,0,0
31,583,Cathryn,Melton,F,401,486-2392,ADAMSVILLE,RI,0,M,Y,90000,0.0,0,0,0
32,614,Minghui,Kubota,M,508,612-5997,CHARLTON DEPOT,MA,1509,M,Y,80000,5.3,0,7150,1000
33,616,Shao,Reece,M,508,565-6451,BOSTON,MA,2118,M,Y,5000,5.3,0,7150,1000
34,625,Sylvian,Hinnebusch,M,0,925-8319,ADJUNTAS,PR,0,S,Y,45000,0.0,0,0,0
35,672,Bette,Szymczak,M,781,777-2635,BOSTON,MA,2114,S,Y,20000,5.3,3575,0,1000
36,684,Darwyn,Seegmuller,fM,774,223-3659,NORTH ATTLEBORO,MA,2760,M,Y,95000,5.3,0,7150,1000
37,746,Lenhart,Birch,M,413,257-5349,SANDWICH,MA,2563,S,N,50000,5.3,3575,0,0
38,754,Parosh,Takaki,M,781,792-2993,SOUTH EGREMONT,MA,1258,M,N,95000,5.3,0,7150,0
39,768,Soheil,Aluja,F,939,903-6883,QUEBRADILLAS,PR,678,M,N,15000,0.0,0,0,0
40,793,Mayford,Bhagavan,F,939,996-9079,SAN JUAN,PR,917,S,Y,30000,0.0,0,0,0
41,817,Tammy,Hohberg,F,787,336-2031,AGUADILLA,PR,603,S,N,75000,0.0,0,0,0
42,827,Berend,Hodas,F,0,261-9512,SAN JUAN,PR,0,M,N,15000,0.0,0,0,0
43,835,Willy,Oates,M,413,145-2185,LAKEVILLE,MA,2347,M,Y,60000,5.3,0,7150,1000
44,875,Soufiane,Tryon,F,787,212-3685,JUNCOS,PR,777,S,Y,70000,0.0,0,0,0
45,881,Glauco,Belanche,M,508,791-9297,GREEN HARBOR,MA,2041,M,Y,100000,5.3,0,7150,1000
46,918,Erdogan,Shepherdson,F,857,384-5820,MARSTONS MILLS,MA,2648,M,Y,100000,5.3,0,7150,1000
47,941,Paul,Ying,M,939,493-8231,PONCE,PR,730,S,Y,60000,0.0,0,0,0
48,946,Gherin,Raja,M,413,925-1387,WORCESTER,MA,1653,M,Y,95000,5.3,0,7150,1000
49,951,Mybrid,Biryukov,F,339,793-3760,BOYLSTON,MA,1505,S,N,20000,5.3,3575,0,0
50,972,Brig,Obtulowicz,F,939,291-3171,SAN JUAN,PR,902,M,N,45000,0.0,0,0,0
51,977,Thang,Sever,M,617,134-5111,LYNN,MA,1910,M,Y,45000,5.3,0,7150,1000
52,1022,Tuong,Hancart,M,0,786-4546,ALBION,RI,2802,S,N,65000,0.0,0,0,0
53,1045,Nipun,Palaniappan,M,939,288-7408,PONCE,PR,731,S,N,20000,0.0,0,0,0
54,1060,Foong,Marefat,M,787,552-5728,HUMACAO,PR,791,S,Y,35000,0.0,0,0,0
55,1070,Nagui,Milicia,M,401,515-4778,NORTH KINGSTOWN,RI,2852,M,N,40000,0.0,0,0,0
56,1071,Brij,Schrock,F,351,145-7396,EASTHAMPTON,MA,1027,S,N,100000,5.3,3575,0,0
57,1100,Jianqiang,Twardowski,F,787,433-8689,SAN SEBASTIAN,PR,685,S,N,90000,0.0,0,0,0
58,1153,Serge,Olveszky,F,401,510-4370,ASHAWAY,RI,2804,S,N,5000,0.0,0,0,0
59,1175,Moss,Lindberg,M,339,668-5118,BERKSHIRE,MA,1224,M,Y,5000,5.3,0,7150,1000
60,1184,Ramadan,Roelofsen,F,401,216-3801,NEWPORT,RI,2840,M,Y,55000,0.0,0,0,0
61,1191,Jerzy,Uchiyama,M,339,404-2765,MONROE BRIDGE,MA,1350,M,N,20000,5.3,0,7150,0
62,1235,Lukas,Villoldo,M,401,325-3194,ACROLINA,RI,0,0,Y,50000,0.0,0,0,0
63,1241,Clarence,Lyle,M,857,908-2582,SAUGUS,MA,1906,M,N,100000,5.3,0,7150,0
64,1266,Chengdian,Schulman,F,401,302-7791,GLENDALE,RI,2826,S,Y,100000,0.0,0,0,0
65,1287,Nagabhushana,Tepfenhart,M,401,962-7041,PORTSMOUTH,RI,2871,M,N,90000,0.0,0,0,0
66,1303,Kazutoshi,Madeira,M,787,975-9903,RINCON,PR,677,S,N,60000,0.0,0,0,0
67,1307,Jerald,Worona,M,787,260-4365,CAEYY,PR,737,M,Y,95000,0.0,0,0,0
68,1308,Wolfgang,Steckler,M,0,535-5922,BLOCK ISLAND,RI,2807,S,N,15000,0.0,0,0,0
69,1329,Kensaku,Guth,M,787,936-8782,SAN JUAN,PR,0,M,0,30000,0.0,0,0,0
70,1353,Shangzhi,Akiyama,F,939,167-3517,CAOMO,PR,769,S,Y,95000,0.0,0,0,0
71,1358,Pranav,Graf,F,857,564-8209,HOLYOKE,MA,1040,M,N,85000,5.3,0,7150,0
72,1392,Corin,Gauyacq,F,401,671-4284,BRADFORD,RI,2808,M,N,75000,0.0,0,0,0
73,1402,Sangjyu,Oehlmann,F,0,865-2287,CENTERVILLE,MA,2636,M,Y,70000,5.3,0,7150,1000
74,1427,Masahichi,Bregier,F,781,228-2356,WEST NEWBURY,MA,0,M,Y,60000,5.3,empty,7150,1000
75,1431,Jitender,Rahm,F,401,272-5479,PAWTUCKET,RI,2862,S,Y,65000,0.0,0,0,0
76,1450,Mina,Lucco,F,339,583-2291,PEMBROKE,MA,2359,M,N,15000,5.3,0,7150,0
77,1482,Letha,Goldsworthy,F,617,911-3118,BOSTON,MA,0,M,N,35000,5.3,0,7150,0
78,1588,Jarogniew,Kroll,F,787,770-9070,MERCEDITA,PR,0,M,Y,55000,0.0,empty,0,0
79,1626,Kwang,Rubinfield,M,857,806-1703,CHERRY VALLEY,MA,1611,M,Y,20000,5.3,0,7150,1000
80,1695,Hiroshige,Tomii,M,401,584-7563,MIDDLETOWN,RI,0,M,N,25000,0.0,0,0,0
81,1723,Kieran,Philipp,F,787,928-9561,LUQUILLO,PR,0,M,Y,5000,0.0,0,0,0
82,1748,Monica,Cranor,F,401,593-2151,NEWPORT,RI,2840,M,Y,75000,0.0,0,0,0
83,1756,Uttam,Nori,M,939,141-3235,SAN ANTONIO,PR,690,M,Y,10000,0.0,0,0,0
84,1776,Walt,Katiyar,M,774,656-1108,AMESBURY,MA,1913,S,Y,50000,5.3,3575,empty,1000
85,1782,Deven,Akiyama,F,939,873-1427,COTO LAUREL,PR,780,M,Y,30000,0.0,0,0,0
86,1796,Carrie,Eastaughffe,F,401,638-2020,OAKLAND,RI,2858,S,N,5000,0.0,0,0,0
87,1807,Singaravel,Ravat,M,939,860-5038,SAN JUAN,PR,0,S,N,50000,0.0,0,0,***
88,1809,Daishi,Iacobetz,F,401,320-4802,HOPE VALLEY,RI,2832,S,Y,55000,0.0,0,0,0
89,1845,Yunfei,Sidhu,F,401,752-7755,PORTSMOUTH,RI,2871,M,N,60000,0.0,0,0,0
90,1862,LeRoy,Geraci,M,401,781-6491,OAKLAND,RI,2858,S,Y,25000,0.0,0,0,0
91,1878,Anany,Otterloo,F,401,324-5128,ASHAWAY,RI,2804,S,N,100000,0.0,0,0,0
92,1893,Yishay,Martello,M,401,507-4286,ADAMSVILLE,RI,2801,S,N,65000,0.0,0,0,0
93,1895,Chengfeng,Grandage,F,978,329-7599,FORESTDALE,MA,2644,M,N,30000,5.3,0,7150,empty
94,1925,Toshio,Wiggert,M,339,907-2074,LEICESTER,MA,1524,M,N,55000,5.3,0,7150,0
95,1937,Tetsuzo,Maslov,M,351,960-2722,WALES,MA,1081,S,Y,80000,5.3,3575,0,1000
96,1943,Toyohisa,Wolford,F,774,726-6768,WORONOCO,MA,1097,S,Y,15000,5.3,3575,0,1000
97,1945,Lampros,Batenin,F,787,119-4870,SAN JUAN,PR,0,M,N,70000,0.0,0,0,0
98,1971,Narvardin,Zochling,F,787,533-5771,QUEBRADILLAS,PR,678,S,Y,65000,0.0,0,0,0
99,1976,Morteza,Ursu,F,787,288-2631,SAN JUAN,PR,0,M,Y,45000,0.0,0,0,0
100,1978,Tonny,Shepherd,M,351,642-5685,STOW,MA,1775,S,N,20000,5.3,3575,0,0
101,1994,Allesandro,McMorris,F,0,446-9631,TAUNTON,MA,2780,S,Y,95000,5.3,3575,0,1000
102,1996,Bede,Ramras,F,401,359-2057,ADAMSVILLE,RI,2801,M,Y,80000,0.0,0,0,0
103,2003,Pierangelo,Favero,F,787,489-9118,TOA BAJA,PR,951,S,Y,90000,0.0,0,0,0
104,2057,Oris,Kraiman,M,339,990-7479,BOSTON,MA,2204,M,N,10000,5.3,0,7150,0
105,2090,Monish,Peschl,M,939,684-8971,LUQUILLO,PR,773,S,Y,55000,0.0,0,0,0
106,2105,Brailey,Tarr,M,787,816-2496,vCAROLINA,PR,0,S,Y,10000,0.0,0,0,0
107,2108,Alfredo,Tierney,F,939,490-7399,SAN JUAN,PR,901,M,Y,90000,0.0,0,0,0
108,2137,Rachelle,Charissis,F,401,933-3845,ADAMSVILLE,RI,2801,M,Y,70000,0.0,0,0,0
109,2191,Domenico,Skeen,F,939,771-1146,CATAON,PR,0,S,Y,45000,0.0,0,0,0
110,2195,Hisashi,Egg,empty,339,853-7912,ROCHESTER,MA,0,S,Y,70000,5.3,3575,empty,1000
111,2201,Yujiun,Llaberia,F,939,433-1852,BARCELONETA,PR,617,S,N,85000,0.0,0,0,0
112,2240,Samudra,Graeb,F,413,702-2835,SUTrTON,MA,1590,S,Y,100000,5.3,3575,0,1000
113,2332,Seinosuke,Cheikes,F,857,396-9489,YARMOUTH PORT,MA,2675,S,N,25000,5.3,3575,0,0
114,2349,Yanni,Pietak,M,781,413-7298,DALTON,MA,1227,M,Y,15000,5.3,0,7150,1000
115,2354,Simonas,Jesus,F,939,614-5971,HUMACAO,PR,791,M,N,45000,0.0,0,0,0
116,2384,Yingsha,Blackard,F,401,859-5454,NEWPORT,RI,2841,M,Y,25000,0.0,0,0,0
117,2390,Kunwadee,Diehl,M,339,919-9854,SPRINGFIELD,MA,1139,S,Y,60000,5.3,355,0,1000
118,2401,Mamoun,Leslie,M,339,653-8726,HARVARD,MA,1451,S,N,10000,5.3,3575,0,0
119,2402,Aylmer,Messner,F,939,531-6123,FORT BUCHANAN,PR,934,M,Y,75000,0.0,0,0,0
120,2406,Haldon,Fargier,F,339,419-7474,NAHANT,MA,1908,S,Y,100000,5.3,3575,0,1000
121,2431,Mitsuhiko,Huleihel,M,401,168-2831,MAPLEVILLE,RI,0,0,Y,90000,0.0,0,x0,0
122,2478,Miquel,Ampratwum,F,787,411-1613,TOA BAJA,PR,0,S,N,90000,0.0,0,0,0
123,2571,Kees,Waschkowski,F,774,325-2448,WORCESTER,MA,1601,M,N,10000,5.3,0,7150,0
124,2574,Anshu,Trudel,F,413,282-5759,SOUTHBOROUGH,MA,1772,S,N,20000,5.3,3575,0,0
125,2577,Duanning,Vinze,M,401,550-4106,ACROLINA,RI,2812,M,N,15000,0.0,0,0,0
126,2587,Thom,Nykanen,M,0,820-2069,PONCE,PR,0,S,N,40000,0.0,0,0,0
127,2589,Muralidharan,Basnet,M,978,584-3617,EASTHAM,MA,2642,M,N,15000,5.3,0,150,0
128,2595,Evangelos,Welker,M,508,533-1435,SOUTH HADLEY,MA,1075,M,N,100000,5.3,0,7150,0
129,2628,Hirosi,Pelecq,F,857,776-1114,MANCHESTER,MA,1944,M,Y,40000,5.3,0,7150,1000
130,2652,Jun''ichi,Raju,M,939,770-2931,PENUELAS,PR,624,S,N,65000,0.0,0,0,0
131,2674,Ibibia,Lehot,M,939,757-4087,MAYAGUEZ,PR,682,M,Y,80000,0.0,0,0,0
132,2725,Honghui,Gennip,M,413,244-9672,DEVENS,MA,1434,S,N,80000,5.3,3575,0,0
133,2729,Pak,Ebbinghaus,M,401,577-1329,EAST GREENWICH,RI,2818,M,Y,10000,0.0,0,0,0
134,2760,Kazumitsu,Abramov,F,508,511-9850,BOSTON,MA,2207,S,N,45000,5.3,3575,0,0
135,2791,Yul,Sikic,M,939,591-4757,JAYUYA,PR,664,S,Y,25000,0.0,0,0,0
136,2808,Lisa,Christ,M,0,627-3372,ADAMSVILLE,RI,0,M,0,40000,0.0,0,0,empty
137,2825,Shigeichi,Lodderstedt,M,0,506-5635,WEST BOYLSTON,MA,1583,S,N,5000,5.3,3575,0,0
138,2835,Jyhjong,Dussa,F,787,329-2677,GUAYANIgLLA,PR,656,M,Y,80000,0.0,empty,0,0
139,2837,Marisela,Rusmann,M,939,340-4942,ARECIBO,PR,613,S,N,5000,0.0,0,0,0
140,2857,Theodor,Bofill,M,339,931-6005,WRENTHAM,MA,2093,S,Y,90000,5.3,3575,0,1000
141,2863,Narutoshi,Bitton,M,939,144-6920,AGUAS BUENAS,PR,703,M,N,25000,0.0,0,0,0
142,2884,Shingo,Forier,F,617,160-1264,HANOVER,MA,2340,M,Y,65000,5.3,0,7150,1000
143,2899,Gerti,Herbst,wF,401,948-1288,OAKLAND,RI,2858,M,N,85000,0.0,0,0,0
144,2908,Donn,Grad,M,787,169-7022,BARCELONETA,PR,617,M,N,55000,0.0,0,0,0
145,2925,Dick,Bertelsen,M,413,775-1383,EAST BOSTON,MA,2228,S,Y,35000,5.3,3575,0,1000
146,2931,Jogg,Fanti,M,401,734-5038,GREENVILLE,RI,2828,M,N,40000,0.0,0,0,0
147,2932,Hironori,Kirchherr,F,401,431-8436,NORTH KINGSTOWN,RI,2852,M,N,5000,0.0,0,0,0
148,2948,Xiaorong,Montenyohl,F,401,589-8148,MAPLEVILLE,RI,2839,S,Y,55000,0.0,0,0,0
149,2960,Zhenyi,Geertgens,F,787,897-8757,BARCELONETA,PR,617,S,N,80000,0.0,0,0,0
150,2963,Casey,Pampoukis,M,781,106-7633,BROCKTON,MA,2305,M,N,70000,5.3,0,7150,0
151,2989,Xiaolei,Alsio,F,781,336-5698,HAVERHILL,MA,1831,S,Y,35000,5.3,3575,0,1000
152,3006,Lofti,Toyoshima,F,787,796-6187,SAN JUAN,PR,0,M,N,5000,0.0,0,0,0
153,3021,Dongmo,Orejas,F,0,503-5782,NORWELL,MA,2061,S,Y,35000,5.3,3575,0,1000
154,3033,Yuqun,Mosciatti,F,401,173-3941,GREENVILLE,RI,2828,S,Y,100000,0.0,0,0,0
155,3034,0,Philipose,F,339,531-8719,NEWTON LOWER FALLS,MA,2462,M,Y,55000,5.3,0,7150,1000***
156,3072,Michio,Kayashima,F,401,554-9302,MIDDLETOWN,RI,2842,S,N,65000,0.0,0,0,empty
157,3080,Raul,Krone,M,503,707-2236,ERWIN,OR,0,M,Y,30000,9.0,0,318,159
158,3081,Emilie,Sybre,F,787,504-8421,ERWIN,SD,0,M,Y,35000,0.0,0,0,0
159,3082,Debatosh,Gille,F,203,540-5039,ERWIN,CT,0,M,Y,20000,5.0,0,24500,0
160,3083,Greta,Raalte,F,267,900-1811,SOUTH MOUNTAIN,PA,0,S,Y,20000,3.07,0,0,0
161,3084,Letizia,Kalb,M,304,243-4205,ERWIN,SD,0,M,Y,90000,6.5,0,4000,2000
162,3085,Cristobal,Fraenkel,F,503,390-5899,ERWIN,OR,0,M,N,50000,9.0,0,318,0
163,3086,Anatoli,Maasen,M,605,453-1603,ERWIN,SD,0,S,N,70000,0.0,0,0,0
164,3098,Tulika,Gessel,M,401,896-2555,PORTSMOUTH,RI,2871,S,Y,100000,0.0,0,0,0
165,3103,Rabab,Heuser,M,617,654-9541,BRIDGEWATER,MA,2324,S,Y,70000,5.3,3575,0,1000
166,3107,Subhasis,Borgstrom,M,939,269-2081,CwATANO,PR,0,M,Y,5000,0.0,0,0,0
167,3133,Anup,Samarati,F,401,625-4143,FORESTDALE,RI,2824,M,Y,15000,0.0,0,0,0
168,3143,Tokuyasu,Perez,F,978,461-6774,WORCESTER,MA,1608,S,Y,35000,5.3,3575,0,1000
169,3166,Dirk,Seliger,***,351,245-1827,RUTLAND,MA,1543,S,N,15000,5.3,3575,0,0
170,3219,Klichiro,Rall,M,401,420-2170,CHEPACHET,RI,2814,S,N,55000,0.0,0,0,0
171,3222,Susanna,Morrill,M,617,580-7754,WESTBOROUGH,MA,1581,M,N,95000,5.3,0,7150,0
172,3241,Ludmila,Tapken,M,774,623-9656,SHARON,MA,2067,M,N,5000,5.3,0,7150,0
173,3258,Zheru,Louie,M,413,465-7930,MARSTONS MILLS,MA,2648,M,N,25000,5.3,0,7150,0
174,3286,Brett,Malitz,M,401,584-1731,PASCOAG,RI,2859,S,Y,20000,0.0,0,0,0
175,3315,Guri,Fussichen,F,401,946-9195,HOPKINTON,RI,2833,M,Y,55000,0.0,0,empty,0
176,3331,0,Ludovice,M,939,741-4017,CABO ROJO,PR,623,M,Y,55000,0.0,0,0,0
177,3354,Ori,Nergos,F,413,656-4960,CENTERVILLpE,MA,2632,S,Y,70000,5.3,3575,0,1000
178,3361,Kouji,Tennenhouse,M,774,496-5424,AYER,MA,1432,S,Y,20000,5.3,3575,0,1000
179,3391,Bran,Capon,empty,787,569-3321,BAYAMON,PR,0,M,N,15000,0.0,0,0,0
180,3399,Yuki,Kreveld,F,939,857-7831,ENSENADA,PR,0,S,N,80000,0.0,0,t0,0
181,3499,Mikiya,Poletto,F,939,319-6001,LUQUILLO,PR,773,S,Y,20000,0.0,0,0,0
182,3514,Giovanni,Hashii,F,939,264-1336,SAN JUAN,PR,0,S,0,70000,0.0,0,0,0
183,3531,Neil,Chweh,F,617,324-6249,HOLLISTON,MA,1746,M,Y,75000,5.3,0,7150,1000
184,3561,Hongguang,Bolsens,M,857,484-3742,EAST WALPOLE,MA,2032,S,Y,100000,5.3,3575,0,1000
185,3577,Kamaljit,Machida,M,787,162-6894,HORMIGUEROS,PR,660,M,N,25000,0.0,0,0,0
186,3582,Meikel,Miculan,F,939,700-9785,CcIDRA,PR,739,M,Y,25000,0.0,0,0,0
187,3584,Bernard,Lunn,F,857,380-9856,WORCESTER,MA,1608,S,Y,40000,5.3,3575,0,1000
188,3608,Tadao,Bencivenga,M,401,107-8913,COVENTRY,RI,2816,S,N,40000,0.0,0,0,0
189,3616,Anne,Lubin,F,939,644-1935,SAN JUAN,PR,908,S,Y,50000,0.0,0,empty,0
190,3659,Girome,Thery,M,401,986-8254,PASCOAG,RI,2859,S,Y,85000,0.0,0,0,0
191,3676,Nicolau,Marechal,M,857,538-2705,ROCKPORT,MA,1966,M,Y,80000,5.3,0,7150,1000
192,3745,Yuqun,Drewnowski,F,774,426-1676,ASHLEY FALLS,MA,1222,S,Y,60000,5.3,3575,0,1000
193,3755,Bethina,Fontet,F,939,659-5376,PUERTO REAL,PR,740,S,N,35000,0.0,0,0,0
194,3759,Shaodi,Dutra,F,787,242-8549,ENSENADA,PR,0,M,Y,95000,0.0,0,0,0
195,3770,Ayako,Merckt,M,401,797-8415,LINCOLN,RI,2865,S,Y,20000,0.0,empty,0,0
196,3771,Nur,Redmiles,M,978,824-7120,FALL RIVER,MA,2722,M,Y,25000,5.3,0,7150,1000
197,3785,Reino,Dehene,M,787,798-8314,GUAYNABO,PR,965,S,Y,80000,0.0,0,0,0
198,3802,Wojtek,Fechter,M,508,156-6386,GILBERTVILLE,MA,1031,S,Y,60000,5.3,3575,0,1000
199,3812,Chiradeep,Isakowitz,F,413,132-2182,SILVER BEACH,MA,2565,S,N,95000,5.3,3575,0,0
200,3820,Sitaram,Neuhaus,F,413,231-8073,BOSTON,MA,2109,M,N,75000,5.3,0,7150,0
201,3828,Shannon,Boday,M,401,174-7527,CHARELSTOWN,RI,0,S,Y,5000,0.0,0,0,0
202,3857,Kemal,Klimov,F,939,422-4070,SAN JUAN,PR,0,M,0,85000,0.0,0,0,0
203,3873,Srikant,Muntz,F,939,990-6545,VEGA ALTA,PR,692,S,Y,35000,0.0,0,0,0
204,3890,Arani,Hansdah,F,939,545-8916,PATILLAS,PR,723,S,Y,20000,0.0,0,0,0
205,3903,Vladimir,Oberman,M,939,967-9063,GUAYNABO,PR,971,M,Y,90000,0.0,0,0,0
206,3905,Xiangzhen,Zartmann,empty,787,680-6105,RIO GRANDE,PR,745,S,Y,100000,0.0,0,0,0
207,3906,Roselyn,Junping,F,781,473-3597,LOWELL,MA,1852,S,N,70000,5.3,3575,0,0
208,3931,Iskender,Masullo,F,787,979-1328,AGUIRRE,PR,704,M,N,55000,0.0,0,0,0
209,3935,Rushed,Uchiyama,M,774,293-3626,MONTEREY,MA,1245,S,Y,45000,5.3,3575,0,1000
210,3964,Yasmin,Beke,M,339,113-5416,WORCESTER,MA,1605,S,N,20000,5.3,3575,0,0
211,3980,Celia,Wellman,M,401,825-3277,FOSTER,RI,2825,M,Y,90000,0.0,0,0,0
212,4008,Zhongde,Tawera,F,857,597-6126,empty,MA,0,S,N,80000,5.3,3557,0,x0
213,4101,Limsoon,Dolken,M,939,481-6109,CAGUAS,PR,726,M,N,15000,0.0,0,0,0
214,4121,Sumeet,Zviran,M,401,502-6392,ACROLINA,RI,0,S,N,25000,0.0,0,0,0
215,4152,Uzi,Nascimento,M,939,558-9564,PONCE,PR,0,S,N,40000,0.0,0,0,0
216,4165,Sahibsingh,Jevtic,F,339,994-2573,DANVERS,MA,1923,S,Y,10000,5.3,3575,0,1000
217,4200,Ruslan,Winzen,M,401,775-2039,NEWPORT,RI,2841,S,Y,65000,0.0,0,0,0
218,4208,Dattatraya,Kovalyov,M,939,697-7355,GUAYNABO,PR,969,M,Y,10000,0.0,0,0,0
219,4254,Munehiko,Zallocco,M,787,315-9831,CAROLIA,PR,984,S,Y,60000,0.0,0,0,0
220,4260,Dilian,Martyna,M,939,220-1380,ENSENADA,PR,647,S,Y,95000,0.0,0,0,0
221,4268,Abdoulaye,Houssain,M,351,593-1766,WALES,MA,1081,M,Y,80000,5.3,0,7150,1000
222,4410,Vijayshankar,Guttman,F,939,427-1937,TRUJILLO ALTO,PR,0,M,0,60000,0.0,0,0,0
223,4411,Sonja,Fullerton,F,339,672-1352,SWAMPSCOTT,MA,0,M,Y,100000,5.3,0,7150,1000
224,4419,Yanqiang,Tizhoosh,F,857,261-3427,HOLBROOK,MA,2343,M,N,90000,5.3,0,7150,0
225,4435,Yida,Schmezko,M,939,849-2264,PONCE,PR,734,S,Y,15000,0.0,0,0,0
226,4440,Okuhiko,Laval,M,787,593-8732,SAN JUAN,PR,926,M,Y,35000,0.0,0,0,0
227,4442,Dayun,Pols,F,781,465-3827,HAMILTON,MA,1936,M,N,95000,5.3,0,7150,0
228,4502,Josiah,Tyugu,M,413,320-8545,NEWTON CENTER,MA,2459,M,Y,55000,5.3,0,7150,1000
229,4516,Stefanos,Gire,M,401,343-1060,PRUDENCE ISLAND,RI,0,S,N,60000,0.0,***,0,0
230,4549,Valentino,Diz,F,339,759-1156,BRANT ROCK,MA,2020,M,N,100000,5.3,0,7150,h0
231,4567,Stijn,Skuppin,M,401,220-5863,GREENVILLE,RI,2828,S,N,35000,0.0,0,0,0
232,4581,ChengFu,Meysembourg,M,401,238-5725,FOSTER,RI,2825,M,N,60000,0.0,0,0,0
233,4595,Yatsuka,Paragot,M,978,628-2817,DUXBURY,MA,2331,M,N,20000,5.3,0,7150,0
234,4622,Houria,Tiskin,M,617,990-2563,ROCHESTER,MA,2770,S,N,60000,5.3,3575,0,0
235,4639,Llorenc,Zaumen,M,351,239-4973,PLYMOUTH,MA,2361,S,N,15000,5.3,3575,0,0
236,4656,Rowena,McGranaghan,M,401,708-5108,BRADFORD,RI,2808,S,Y,30000,0.0,0,0,0
237,4664,Yasuyoshi,Kinley,M,339,262-9792,NANTUCKET,MA,2554,S,N,30000,5.3,3575,0,0
238,4680,Arlene,Syed,M,401,486-9458,PRUDENCE ISLAND,RI,2872,S,N,50000,0.0,0,0,0
239,4692,Heekyoung,Hallam,F,401,526-4302,FISKEVILLE,RI,2823,M,Y,5000,0.0,0,0,0
240,4698,Dang,Asser,F,939,458-9685,SAN JUAN,PR,922,S,Y,75000,0.0,0,0,0
241,4783,Gennaro,Kamo,M,787,988-4556,PONCE,PR,717,M,N,70000,0.0,0,0,0
242,4790,Luai,Fasbender,M,939,225-6520,FORT BUCHANAN,PR,934,S,Y,50000,0.0,0,0,0
243,4839,Chuchang,Cecil,F,508,810-5001,WORCESTER,MA,1609,M,N,20000,5.3,0,7150,0
244,4848,Huaxiong,Manber,F,774,500-9318,THREE RIVERS,MA,1080,S,Y,65000,5.3,3575,0,1000
245,4854,Olli,Sutter,F,617,395-1852,MILL RIVER,MA,1244,S,N,60000,5.3,3575,0,0
246,4857,Kyoichi,Nicolson,M,939,932-1519,PATILLAS,PR,723,M,Y,20000,0.0,0,0,0
247,4865,Cory,Erez,M,401,652-6655,CALYVILLE,RI,0,M,Y,15000,0.0,0,0,0
248,4869,Benn,Vitiello,F,787,994-5559,CAGUAS,PR,726,S,N,5000,0.0,0,0,0
249,4876,Lyn,McCrossin,M,781,975-7984,HANOVER,MA,2339,S,N,30000,5.3,3575,0,0
250,4924,Floris,Lueh,F,401,334-4225,NEWPORT,RI,2841,M,Y,55000,0.0,0,0,0
251,4931,Tian,Basagni,F,939,556-7695,SAN JUAN,PR,955,S,N,35000,0.0,0,0,***
252,4961,Gardiner,Bharadwaj,***,978,311-3062,MILFORD,MA,1757,S,Y,60000,5.3,3575,0,1000
253,4982,Bett,Groenboom,M,787,151-7751,SAN JUAN,PR,906,M,N,40000,0.0,0,0,f0
254,5003,Rhonda,Brune,M,939,397-9546,BARRANQUITAS,PR,794,M,Y,35000,0.0,0,0,0
255,5031,Levent,Policriti,F,401,298-7525,BRADFORD,RI,0,S,Y,65000,0.0,0,0,0
256,5084,Toru,Gavoille,F,939,819-2748,PENUELAS,PR,624,S,Y,15000,0.0,0,0,0
257,5112,Georghios,Wester,F,781,896-2073,READING,MA,0,S,Y,75000,5.3,x3575,0,1000
258,5122,Yunn,Cools,M,339,969-4164,FALMOUTH,MA,2540,S,N,80000,5.3,3575,0,0
259,5131,Lilly,Tretiakoff,M,774,139-2152,LAKEVILLE,MA,2348,M,Y,95000,5.3,0,7150,1000
260,5134,Alyn,Giloi,M,339,137-9194,WEST WAREHAM,MA,2576,S,Y,80000,5.3,3575,0,1000
261,5154,Vinay,Abella,F,339,759-7118,CENTERVILLpE,MA,2632,S,Y,30000,5.3,3575,0,1000
262,5155,Fereidoon,Rayside,M,401,625-3056,BRADFORD,RI,0,0,N,45000,0.0,x0,0,0
263,5164,Akshay,Guck,M,939,569-1006,SAN JUAN,PR,931,S,N,35000,0.0,0,0,0
264,5175,Olympia,Rosin,M,252,463-7991,BRISTOL,RI,2809,M,N,70000,0.0,0,0,0
265,5185,Marek,Casaubieilh,F,781,252-8444,NANTUCKET,MA,2554,S,N,80000,5.3,3575,0,0
266,5190,Mahadev,Schiefer,F,617,323-8286,SPRINGFIELD,MA,0,S,N,30000,5.3,3575,0,0
267,5218,Elisabeth,Slysz,F,401,237-3033,NEWPORT,RI,2841,M,N,25000,0.0,0,0,0
268,5224,Hilan,Rubsam,F,939,579-3554,PONCE,PR,728,M,Y,85000,0.0,0,0,0
269,5262,Alun,Nota,F,617,415-5828,GREEN HARBOR,MA,2041,M,Y,35000,5.3,0,7150,1000
270,5281,Yibin,America,F,617,890-4383,DEERFIELD,MA,1342,M,N,5000,5.3,0,7150,0
271,5307,Horace,Chandhok,F,787,794-3082,SAN JUAN,PR,902,S,Y,35000,0.0,0,0,0
272,5314,Fereidoon,Salustowicz,M,781,404-7354,HEATH,MA,1346,M,Y,80000,5.3,0,7150,1000
273,5322,Avner,Taghva,F,406,825-1188,JOLIET,MT,0,S,Y,55000,6.9,1900,0,1900
274,5323,Hafedh,Lupu,empty,973,505-9351,LANDISVILLE,NJ,0,S,Y,5000,1.4,1000,0,1500
275,5324,Yoshifumi,Pokrovskii,M,712,475-4668,DES MOINES,IA,0,S,N,15000,2.479763,40,0,0
276,5325,Carma,Czaja,F,857,876-4704,BOYLSTON,MA,0,M,N,100000,5.3,0,7150,0
277,5326,Asser,Wijk,F,504,260-8812,METAIRIE,LA,0,M,Y,80000,6.0,0,9000,1000
278,5327,Hemang,Kreveld,F,980,704-1016,CRESTON,NC,0,M,Y,15000,6.047202599999999,0,6600,3300
279,5328,Hamilton,Bentzien,empty,210,669-2776,SAN JUAN,empty,0,S,N,25000,0.0,0,0,0
280,5337,Loic,Brookson,F,857,528-9156,READING,MA,1867,S,Y,20000,5.3,3575,0,1000
281,5349,Guoping,Deminet,F,787,390-9973,CAROLINA,PR,979,S,Y,75000,0.0,0,0,0
282,5356,Manikya,Putzolu,M,401,660-8168,HARMONY,RI,2829,M,Y,55000,0.0,0,0,0
283,5367,Yehia,Nanard,F,939,372-5218,CATANO,PR,0,M,N,90000,0.0,0,0,0
284,5381,Bostjan,Franzblau,F,617,276-1107,SOUTHBRIDGE,MA,1550,S,Y,35000,5.3,empty,0,1000
285,5386,Martina,Bogliolo,F,508,435-5052,RAYNHAM,MA,2767,M,N,10000,5.3,0,7150,0
286,5392,Meir,Jousselin,M,939,288-5852,CAROLIA,PR,984,M,N,40000,0.0,0,0,0
287,5406,Gift,Wachs,M,0,149-3318,SHUTESBURY,MA,1072,M,N,5000,5.3,0,7150,empty
288,5439,Soummya,Kornyak,M,508,146-2681,JAMAICA PLAIN,MA,2130,M,N,85000,5.3,0,7150,0
289,5446,Imre,Noot,F,787,708-5419,QUEBRADILLAS,PR,678,S,N,45000,0.0,0,0,0
290,5494,Mitchell,Duran,M,787,241-9918,LAS MARIAS,PR,670,S,N,35000,0.0,0,0,0
291,5496,Gurudatta,Polupanov,F,787,634-7838,GUAYNABO,PR,966,M,Y,20000,0.0,0,0,0
292,5498,Hoi,Kandogan,F,978,302-3883,PETERSHAM,MA,1366,M,N,45000,5.3,0,7150,0
293,5501,Friedemann,Berges,***,978,173-4404,BRAINTREE,MA,2184,S,N,10000,5.3,3575,0,0
294,5544,Ingemar,Ang,M,401,400-6962,CUMBERLAND,RI,2864,S,N,45000,0.0,0,0,0
295,5568,Ronit,Spenke,M,939,801-8889,CAROLINA,PR,0,M,N,80000,0.0,0,0,0
296,5569,Toshitsugu,Flowers,F,787,962-5869,MOCA,PR,676,S,Y,40000,0.0,0,0,0
297,5571,Dhabaleswar,Pettorossi,F,787,380-5930,CEIAB,PR,735,S,N,70000,0.0,0,0,0
298,5600,Ugis,Reggia,M,978,728-5414,LYNN,MA,1903,M,N,85000,5.3,0,7150,0
299,5650,Eunsam,Serre,M,787,503-7681,MAYAGUEZ,PR,682,M,N,35000,0.0,0,0,0
300,5653,Huifen,Vrajitoru,***,774,504-1285,SOUTH YARMOUTH,MA,2664,M,Y,20000,5.3,0,empty,1000
301,5670,Gaid,Koutny,empty,351,162-7087,GARDNER,MA,1440,S,Y,70000,5.3,3575,0,1000
302,5680,Nihar,Monnard,M,351,901-8704,CAMBRIDGE,MA,2142,S,N,35000,5.3,3575,0,0
303,5684,Krishnan,Widera,M,857,644-9133,CUMMINGTON,MA,1026,S,Y,100000,5.3,3575,0,1000
304,5690,Davood,Chvatal,M,939,393-2454,TRUJILLO ALTO,PR,0,M,N,45000,0.0,0,0,y0
305,5709,Douadi,Almasi,F,351,236-5644,HUBBARDSTON,MA,1452,M,N,10000,5.3,0,7150,0
306,5712,Satoshi,Widmer,M,787,402-6973,GUAYAMA,PR,785,S,Y,25000,0.0,0,empty,0
307,5717,Harumi,Clint,M,939,530-7177,LARES,PR,669,S,Y,20000,0.0,0,0,0
308,5738,Vagan,Gudeman,M,939,224-9733,SAN JUAN,PR,0,M,0,25000,0.0,0,0,***
309,5762,Benn,Anson,F,351,793-9975,WENDELL,MA,1379,S,N,5000,5.3,3575,empty,0
310,5772,Parto,Chelegatski,empty,787,242-2287,SAN JUAN,PR,0,S,N,100000,0.0,0,0,0
311,5773,Yih,Garratt,F,401,273-2066,ADAMSVILLE,RI,2801,M,N,95000,0.0,0,0,0
312,5794,Kati,Smallbone,tM,0,540-2733,CIALS,PR,0,S,N,70000,0.0,0,0,0
313,5821,Diomidis,Arent,F,351,621-1324,GILL,MA,1354,M,Y,20000,5.3,0,7150,1000
314,5824,Gesualdo,Easwarakumar,M,781,737-3080,ANDOVER,MA,1810,M,N,50000,5.3,0,7150,0
315,5828,Kien,McCluskey,F,774,108-8565,WAKEFIELD,MA,1880,M,Y,10000,5.3,a0,7150,1000
316,5840,Sanping,Kroon,F,401,808-8916,JAMESTOWN,RI,2835,M,Y,60000,0.0,0,0,0
317,5848,Surapol,Proskurowski,F,617,770-2697,CARVER,MA,2330,M,N,40000,5.3,0,7150,0
318,5855,Kazuya,Blumrich,empty,339,313-6835,LITTLETON,MA,1460,M,N,20000,5.3,0,7150,0
319,5864,Gwang,Roelofsen,M,401,338-5778,MIDDLETOWN,RI,0,M,N,80000,0.0,0,0,0
320,5874,Nadia,Chenoweth,F,787,809-3252,CAGUAS,PR,725,M,N,70000,0.0,0,0,0
321,5901,Manuel,Chvalosky,F,401,815-8029,JAMESTOWN,RI,2835,S,Y,10000,0.0,0,0,0
322,5929,Changyuan,Souquieres,F,939,365-4390,OROCOVIS,PR,720,S,N,75000,0.0,0,0,0
323,5944,Bernold,Reddi,M,939,213-9173,MAYAGUEZ,PR,682,M,Y,100000,0.0,0,0,0
324,5959,Venkata,Colombet,F,413,493-5725,LYNN,MA,1910,M,N,20000,5.3,0,7150,0
325,5963,Hubertus,Tulley,M,857,743-6360,WESTPORT,MA,2790,S,Y,25000,5.3,3575,0,1000
326,5997,Epaminondas,Uellner,F,787,322-9797,UTUADO,PR,641,M,Y,25000,0.0,0,0,0
327,6051,Tyler,Weiland,F,401,883-8087,ACROLINA,RI,0,S,Y,85000,0.0,0,0,0
328,6088,Shyue,McMahan,M,787,432-3281,FORT BUCHANAN,PR,934,S,Y,65000,0.0,0,0,0
329,6145,Minsuk,Pacholski,F,774,880-2299,JAMAICA PLAIN,MA,2130,S,N,10000,5.3,3575,0,0
330,6254,Duane,Denti,F,508,226-8208,EAST LONGMEADOW,MA,0,M,N,20000,5.3,empty,7150,0
331,6289,Wiebe,Fahringer,F,339,743-2294,LYNN,MA,1904,S,Y,40000,5.3,3575,0,1000
332,6299,Patrizia,Walinsky,M,939,594-4845,YAUCO,PR,698,M,N,60000,0.0,0,0,0
333,6331,Chander,Swoboda,F,939,547-8500,MOROVIS,PR,687,M,N,35000,0.0,0,0,0
334,6347,Steven,Kamoun,M,351,730-8648,BOSTON,MA,2113,M,Y,85000,5.3,0,7150,1000
335,6374,Qiong,Assadi,M,781,934-6520,NORTH EASTON,MA,2356,M,N,85000,5.3,0,7150,0
336,6377,Phobe,Ying,F,774,197-2822,ROCHDALE,MA,1542,S,Y,60000,5.3,3575,0,1000
337,6386,Kirsty,Insfran,F,401,450-4105,PORTSMOUTH,RI,0,M,N,90000,0.0,0,0,0
338,6390,Parimala,Brockman,F,351,554-4967,BELLINGHAM,MA,2019,M,Y,40000,5.3,0,7150,1000
339,6399,Chienhua,Zisman,***,401,387-3187,HARRISVILLE,RI,2830,S,Y,60000,0.0,0,0,0
340,6423,Jamie,Ahrenberg,M,978,398-8462,ACTON,MA,1720,M,N,70000,5.3,0,7150,0
341,6455,Alean,Jumpertz,M,939,132-6147,LA PLATA,PR,786,S,N,15000,0.0,0,0,0
342,6461,Aarron,Rodier,M,401,560-2733,FISKEVILLE,RI,2823,S,Y,90000,0.0,0,0,0
343,6493,Edison,Smotroff,M,787,992-4395,BOQUERON,PR,622,M,N,45000,0.0,0,0,0
344,6514,Chittur,Meilijson,M,401,693-6318,FOSTER,RI,2825,S,Y,30000,0.0,0,0,0
345,6534,Chyuan,Powers,M,939,888-3672,SAN JUAN,PR,907,S,N,25000,0.0,0,0,0
346,6552,Bevin,Orphanoudakis,F,939,806-7536,LOIZA,PR,772,S,Y,5000,0.0,0,0,0
347,6647,Eddi,Konomi,F,787,640-7942,SAN JUAN,PR,913,M,Y,55000,0.0,0,0,0
348,6648,Hidetsune,Mutzel,M,781,710-9116,LOWELL,MA,1850,M,N,20000,5.3,0,7150,0
349,6672,Sajjad,Hiraishi,F,401,968-4420,EXETER,RI,2822,S,Y,20000,0.0,0,0,0
350,6701,Loyce,Eyrolle,F,787,305-7097,CAGUAS,PR,726,S,N,95000,0.0,0,0,0
351,6787,Subhodev,Seiler,F,617,295-6611,AMHERST,MA,1003,M,Y,75000,5.3,0,7150,empty
352,6790,Nobukazu,Nyrup,F,787,636-4985,SAN JUAN,PR,930,S,N,10000,0.0,0,0,***
353,6805,Octavio,Krackhardt,F,939,724-4078,SAINT JUST,PR,978,S,N,50000,0.0,0,0,0
354,6807,Kuorong,Seibert,M,401,307-5019,PORTSMOUTH,RI,0,M,0,70000,0.0,0,0,0
355,6822,Iakovos,Wiering,empty,787,390-6886,ANASCO,PR,610,S,Y,25000,0.0,0,0,0
356,6825,Dayne,Hegner,M,774,485-4952,FRAMINGHAM,MA,0,M,N,35000,5.3,0,7150,0
357,6827,Prasan,Bierman,M,939,452-6596,RIO BLANCO,PR,744,M,N,75000,0.0,0,0,0
358,6847,Arjen,Lapez,M,781,351-2259,BECKET,MA,1223,M,Y,20000,5.3,0,7150,1000
359,6889,Sakae,Koschke,M,787,444-1681,AGUADA,PR,0,S,Y,35000,0.0,0,0,0
360,6893,Mikey,Budzinski,F,401,405-5945,GREENVILLE,RI,2828,M,Y,10000,0.0,0,0,0
361,6910,Xiaobo,Nierstrasz,F,939,137-7950,GURABO,PR,778,M,Y,45000,0.0,0,0,0
362,6923,Piet,Hohler,F,787,682-6347,PATILLAS,PR,0,0,Y,45000,0.0,0,empty,0
363,6945,Billie,Ramsak,M,401,644-8220,ACROLINA,RI,2812,M,Y,20000,0.0,0,0,0
364,6949,Jackson,Erde,M,781,762-4042,EAST LONGMEADOW,MA,1028,M,Y,30000,5.3,0,7150,1000
365,6959,Corin,Board,F,787,982-8249,TRUJILLO ALTO,PR,977,M,Y,55000,0.0,0,0,0
366,6974,Kayoko,Lennartson,F,351,664-6177,GILL,MA,1354,M,Y,40000,5.3,0,7150,1000
367,6983,Saroja,Demeyer,F,339,777-2599,NEWBURYPORT,MA,1950,S,N,70000,5.3,3575,0,0
368,6992,Harngdar,N''Dong,F,401,720-4205,WEST GREENWICH,RI,2817,S,N,5000,0.0,0,0,0
369,7020,Jian,Devroye,M,508,648-5186,NORTH CHATHAM,MA,2650,S,N,30000,5.3,3575,0,0
370,7046,Thodoros,Yuguchi,M,401,869-9545,HOPE,RI,2831,S,N,45000,0.0,0,0,0
371,7057,Kincho,Unni,M,787,605-2450,SAN JUAN,PR,975,S,Y,30000,0.0,0,0,0
372,7085,Cohavit,Wolpe,F,413,454-9798,GpROTON,MA,1471,M,Y,50000,5.3,0,7150,1000
373,7134,Terrye,Plus,F,939,985-2961,CASANER,PR,0,S,Y,75000,0.0,0,0,0
374,7135,Debabrata,Dickey,M,939,698-2092,BAYAMON,PR,0,M,N,65000,0.0,0,0,0
375,7173,ShouHan,Kapp,F,401,346-4002,HARMONY,RI,2829,S,Y,35000,0.0,0,0,0
376,7175,Sumant,Kornacker,F,781,218-6854,EAST MANSFIELD,MA,2031,S,N,65000,5.3,3575,0,0
377,7181,Moheb,Riguzzi,M,857,854-9272,FAYVILLE,MA,1745,M,Y,100000,5.3,0,7150,1000
378,7193,Gesine,Tomii,M,339,401-8697,WEST TOWNSEND,MA,1474,S,Y,25000,5.3,3575,0,1000
379,7205,Dian,Ruano,M,939,573-5567,PUERTO REAL,PR,740,M,N,15000,0.0,0,0,0
380,7210,Folco,Lenowitz,M,774,503-4640,CHICOEPE,MA,1014,S,N,95000,5.3,3575,0,0
381,7240,Mana,Vaananen,F,508,408-7723,GROVELAND,MA,1834,M,N,45000,5.3,0,7150,0
382,7275,Xuan,Mitsuhashi,M,939,840-5731,BAYAMON,PR,959,S,Y,85000,0.0,0,0,0
383,7305,Shichao,Aimeur,F,401,558-1023,NEWPORT,RI,2840,S,Y,70000,0.0,0,0,0
384,7308,Cornelis,Skeel,F,351,510-2234,BOSTON,MA,2109,S,N,65000,5.3,3575,empty,0
385,7312,Setsuo,Leifert,M,617,757-7901,BUZZARDS BAY,MA,2542,S,N,20000,5.3,3575,0,0
386,7362,Natalia,Tomer,M,0,147-9589,BOSTON,MA,2205,S,N,85000,5.3,3575,0,0
387,7409,Jianxiu,Burston,M,401,795-2341,BRADFORD,RI,2808,S,Y,50000,0.0,0,0,0
388,7439,Shichao,Carrier,F,787,456-2298,MAUNABO,PR,0,M,Y,70000,0.0,0,0,0
389,7462,Refael,Konuma,F,978,851-4454,SPRINGFIELD,MA,1108,S,N,55000,5.3,3575,0,0
390,7475,Saddek,Brune,M,339,159-2009,BROCKTON,MA,2303,M,Y,15000,5.3,0,7150,1000
391,7492,Hafeda,Shanblatt,M,781,250-6706,WHITE HORSE BEACH,MA,2381,M,Y,75000,5.3,0,7150,1000
392,7503,Changguan,Felgentreu,M,939,992-3762,CATAON,PR,0,M,Y,95000,0.0,0,0,0
393,7522,Wijnand,Rahman,F,939,100-4102,SAN JUAN,PR,935,S,Y,45000,0.0,0,0,0
394,7528,Devindra,Dusse,F,939,172-1935,TOA BAJA,PR,951,M,N,20000,0.0,0,0,0
395,7567,Eckhard,Lonchamp,M,401,271-1941,CHARELSTOWN,RI,0,S,N,95000,0.0,0,0,0
396,7640,Lihong,Roizen,M,939,943-6611,PONCE,PR,733,M,N,30000,0.0,0,0,0
397,7648,Mounia,Clint,F,781,860-1255,COLRAIN,MA,1340,S,N,65000,5.3,3575,0,0
398,7649,Vijayshankar,Butterfield,F,339,836-2831,HOPEDALE,MA,1747,S,N,100000,5.3,3575,0,0
399,7651,Juichirou,Ducasse,F,781,842-5274,MARLBOROUGH,MA,1752,S,N,90000,5.3,3575,0,0
400,7663,Yulu,Heidecker,M,617,889-1004,NORTHAMPTON,MA,1063,S,N,100000,5.3,3575,0,0
401,7686,Toby,Mackaness,F,939,240-7464,MERCEDITA,PR,715,S,N,80000,0.0,0,0,0
402,7690,Marcelino,Decatur,F,939,210-6303,PONCE,PR,734,S,Y,60000,0.0,0,0,0
403,7700,Manoranjan,Grospietsch,F,787,654-4370,PATILLAS,PR,723,M,N,100000,0.0,0,0,0
404,7723,Zhenzhou,Santucci,F,508,123-2300,LYNN,MA,1910,S,N,85000,5.3,3575,0,0
405,7744,Manjai,Rahier,M,781,891-6576,WINCHENDON SPRINGS,MA,1477,M,Y,45000,5.3,0,7150,1000
406,7750,Shiro,Mikitiuk,F,939,154-8241,GUANICA,PR,653,S,N,45000,0.0,0,0,0
407,7764,Vijaj,Stuempfle,F,401,332-7889,CALYVILLE,RI,0,M,Y,25000,0.0,0,0,0
408,7798,Cass,McKeague,M,401,110-5814,EXETER,RI,2822,M,N,55000,0.0,0,0,0
409,7809,Seizaburo,Haselbock,M,978,185-1217,SOUTH HARWICH,MA,2661,M,Y,65000,5.3,0,7150,1000
410,7820,Haldon,Vaidyanathan,F,939,419-9009,MAYAGUEZ,PR,680,S,N,60000,0.0,0,0,0
411,7824,Hongzhu,Schaft,M,939,443-2521,MERCEDITA,PR,715,S,N,75000,0.0,0,0,0
412,7825,Tareq,Estier,F,978,767-3390,NORTH DARTMOUTH,MA,2747,S,Y,50000,5.3,3575,0,1000
413,7851,Katashi,Vogler,M,401,175-4060,CUMBERLAND,RI,2864,S,N,45000,0.0,0,0,0
414,7908,Sonu,Guckenheimer,M,939,957-7339,BAYAMON,PR,961,S,N,100000,0.0,0,0,o0
415,7922,Barnaby,Garrett,F,401,416-9607,HARMONY,RI,2829,M,Y,65000,0.0,0,0,0
416,7932,Sajjan,Wilfing,F,351,671-7913,SWANSEA,MA,2777,M,Y,100000,5.3,0,7150,1000
417,7944,Delgado,Jambor,F,401,575-7281,JAMESTOWN,RI,2835,S,N,35000,0.0,0,0,0
418,7949,Youshou,Gerberich,F,939,216-5787,CAEYY,PR,737,M,N,95000,0.0,0,0,0
419,7966,Dinah,Eisinger,M,939,644-8272,GUAYNABO,PR,971,M,Y,20000,0.0,0,0,0
420,8007,Akshar,Haverkamp,M,774,595-5275,NORTH CARVER,MA,2355,S,N,25000,5.3,3575,0,0
421,8047,Nazife,Balfanz,empty,508,562-1422,QUINCY,MA,2169,S,N,55000,5.3,3575,0,0
422,8059,Istvan,White,M,787,779-2731,MAYAGUEZ,PR,680,S,Y,50000,0.0,0,0,0
423,8097,Hussein,Greca,F,787,317-9561,CATAON,PR,963,S,N,50000,0.0,0,0,***
424,8098,Qinglan,Jockusch,M,401,614-3827,MAPLEVILLE,RI,2839,M,Y,50000,0.0,0,0,0
425,8107,Fergal,Sindoni,F,787,803-9281,LOIZA,PR,772,M,Y,35000,0.0,0,0,0
426,8129,Russel,Gershman,F,339,389-8874,BOSTON,MA,2207,M,Y,60000,5.3,0,7150,1000
427,8130,Ruizao,Nasset,empty,781,238-9475,NEEDHAM,MA,2492,M,N,30000,5.3,0,7150,0
428,8179,Toralf,Caspi,F,939,841-9405,SAN JUAN,PR,919,S,N,30000,0.0,0,0,0
429,8209,Eckart,Etzion,M,939,140-6353,PONCE,PR,728,S,N,5000,0.0,0,0,0
430,8210,Kyung,Ternovskaia,F,401,812-3909,LITTLE COMPTON,RI,2837,S,N,65000,0.0,0,0,0
431,8219,Rayond,Giesl,M,401,490-2201,NEWPORT,RI,2841,S,N,55000,0.0,0,0,0
432,8252,Bich,Thompson,F,939,591-7248,AGUADA,PR,602,M,Y,80000,0.0,0,0,c0
433,8265,Takanari,Zajac,M,939,646-2849,HORMIGUEROS,PR,660,S,N,5000,0.0,0,0,0
434,8316,Jill,Dicks,F,787,394-8785,ROSARIO,PR,636,S,Y,95000,0.0,0,0,0
435,8333,Kenichi,Pinckney,F,339,255-9968,SOUTH DEERFIELD,MA,1373,S,N,50000,5.3,3575,0,0
436,8353,Sovanna,Indiresan,M,774,584-8486,HUBBARDSTON,MA,1452,M,N,20000,5.3,0,7150,0
437,8367,Samiha,Bedard,F,413,801-7684,DUNSTABLE,MA,1827,S,Y,15000,5.3,3575,0,1000
438,8368,Dechang,Merle,F,401,860-9250,GLENDALE,RI,2826,S,N,85000,0.0,0,0,0
439,8369,Ryouji,Schultze,F,781,244-6208,EAST TAUNTON,MA,2718,M,N,30000,5.3,0,7150,0
440,8392,Plamena,Jervis,F,339,218-2839,PLYMOUTH,MA,2360,S,Y,95000,5.3,3575,0,1000
441,8396,Rabah,Martucci,M,939,176-7088,GUANICA,PR,653,S,N,80000,0.0,0,0,0
442,8403,Kablan,Hemmingsen,F,939,558-8068,CAGUAS,PR,725,S,Y,90000,0.0,0,0,0
443,8404,Shaoyu,Gerschenfeld,F,787,999-9967,SAN JUAN,PR,955,M,Y,70000,0.0,0,0,empty
444,8405,Ravindranath,Schmalz,F,939,275-6991,GUAYNABO,PR,965,M,Y,55000,0.0,0,0,0
445,8409,Yuewei,Plummer,F,978,776-7187,LOWELL,MA,1853,M,N,20000,5.3,0,7150,0
446,8425,Lichun,Bressan,F,787,568-9098,AGUADILLA,PR,605,M,Y,100000,0.0,0,0,0
447,8436,Jozo,Streich,M,339,241-9546,HANOVER,MA,2340,S,N,60000,5.3,3575,0,0
448,8445,Bertil,Tsujishita,F,939,625-4353,GUAYAMA,PR,785,M,N,40000,0.0,0,0,0
449,8447,Sankaran,Tari,M,401,429-4422,COVENTRY,RI,2816,S,Y,100000,0.0,0,0,0
450,8477,Donny,Sohoni,F,787,462-1753,FORT BUCHANAN,PR,934,M,N,95000,0.0,0,0,0
451,8487,Russel,Warwick,F,978,675-9283,LANESBORO,MA,1237,S,Y,95000,5.3,3575,0,1000
452,8511,Harvinder,Kamkar,M,978,794-2500,EAST PRINCETON,MA,1517,S,Y,80000,5.3,3575,0,1000
453,8521,Ajay,Noack,M,508,335-6122,HINSDALE,MA,1235,S,Y,65000,5.3,3575,0,1000
454,8565,Jesas,Banachowski,F,787,962-4671,SAN JUAN,PR,926,M,Y,70000,0.0,0,0,0
455,8575,Gopal,Zartmann,F,401,905-1743,PAWTUCKET,RI,2860,M,N,70000,0.0,0,0,0
456,8582,Marcelo,Skronn,M,351,932-6035,LYNN,MA,1905,S,Y,30000,5.3,3575,0,1000
457,8586,Jinjoo,Lybanon,M,939,266-2974,PONCE,PR,728,M,N,95000,0.0,0,0,0
458,8639,Gradimir,Riexinger,F,787,739-3734,DORADO,PR,646,S,Y,85000,0.0,0,0,0
459,8701,Sonoko,Rustenburg,F,401,460-5615,GREENE,RI,2827,M,N,15000,0.0,0,0,0
460,8714,Geir,Davoren,M,401,102-4605,LITTLE COMPTON,RI,2837,M,N,50000,0.0,0,0,0
461,8754,Neff,Zingaretti,empty,939,611-1247,VILLALBA,PR,766,S,N,15000,0.0,0,0,0
462,8755,Wade,Gingras,M,351,122-1126,ORANGE,MA,1364,M,Y,5000,5.3,0,7150,1000
463,8865,Timo,Class,M,617,784-7433,AGAWAM,MA,1001,S,Y,10000,5.3,3575,0,1000
464,8866,Hiromu,Karnin,M,939,165-1479,CAvTANO,PR,0,M,N,5000,0.0,0,0,empty
465,8875,Dannz,Baak,M,617,551-7045,ROXBURY CROSSING,MA,2120,M,N,5000,5.3,0,7150,empty
466,8972,Arcot,Chellappa,M,978,394-4448,GRANBY,MA,1033,M,N,50000,5.3,0,7150,0
467,8979,Ziyad,Boville,M,787,175-2048,PUERTO REAL,PR,740,S,N,55000,0.0,0,0,0
468,8983,Yuval,Lvov,M,401,932-6134,BARRINGTON,RI,2806,M,N,100000,0.0,0,0,0
469,8988,Janaina,Samarati,M,939,565-8371,SAN JUAN,PR,912,S,Y,95000,0.0,0,0,0
470,9009,Hiroyuke,Remy,F,617,272-7532,MEDFIELD,MA,2052,M,Y,50000,5.3,0,7150,1000
471,9013,Jadwiga,Masden,F,401,319-9853,CENTRAL ALLS,RI,0,M,N,100000,0.0,0,0,0
472,9023,Ferroudja,Gagvani,empty,787,359-4385,SAN JUAN,PR,0,M,N,60000,0.0,0,0,0
473,9038,Teruko,Hokimoto,empty,0,997-5172,DORADO,PR,0,S,N,10000,0.0,0,0,0
474,9065,Tapas,Gruenberg,M,787,127-1293,PONCE,PR,716,M,Y,70000,0.0,0,0,0
475,9088,Duangkaew,Carriere,M,781,286-8040,WEYMOUTH,MA,2188,M,Y,45000,5.3,0,7150,1000
476,9145,Vijaj,Poulakidas,F,339,225-2068,FALL RIVER,MA,2723,S,N,25000,5.3,3575,0,0
477,9181,Danny,Felger,M,978,998-2795,DENNIS PORT,MA,2639,M,N,90000,5.3,0,7150,0
478,9184,Aria,Mackie,F,787,628-1756,ROOSEVELT ROADS,PR,742,M,Y,40000,0.0,0,0,0
479,9191,Ladjel,Stille,M,401,832-3700,ADAMSVILLE,RI,2801,S,N,50000,0.0,0,0,0
480,9192,Parviz,Buy,F,939,958-7066,MAYAGUEZ,PR,682,M,N,20000,0.0,0,0,0
481,9206,Patrik,Nagase,M,339,454-6773,SAGAMORE BEACH,MA,2562,M,Y,70000,5.3,0,7150,1000
482,9209,Nevzat,Pinzani,F,401,642-8963,PASCOAG,RI,2859,M,N,35000,0.0,0,0,0
483,9225,Lothar,Gurd,M,939,380-3382,BARRANQUITAS,PR,794,M,Y,65000,0.0,0,0,0
484,9292,Dhaval,Matzel,M,939,187-2079,SAN JUAN,PR,913,S,N,45000,0.0,0,0,0
485,9379,Kenta,Anjum,M,617,907-3198,BOSTON,MA,2210,M,Y,10000,5.3,0,7150,1000
486,9381,Koki,Scherf,M,401,142-8788,HOPE VALLEY,RI,2832,S,Y,20000,0.0,0,0,0
487,9407,Morten,Cosoroaba,F,351,272-9689,WEST CHOP,MA,2573,S,N,20000,5.3,3575,0,0
488,9417,Niklaus,Kanamori,M,339,466-3702,EAST BROOKFIELD,MA,1515,S,N,50000,5.3,3575,0,0
489,9425,Anish,D''Auria,F,939,565-9364,ARECIBO,PR,613,S,Y,70000,0.0,0,0,0
490,9459,Kyungsook,Bidulock,M,401,641-1417,BRADFORD,RI,0,S,Y,25000,0.0,0,0,0
491,9480,Simukai,Kuroshev,F,939,679-6369,PONCE,PR,717,M,Y,25000,0.0,0,0,0
492,9503,Nabil,Kishida,M,939,691-4749,SAN JUAN,PR,907,M,Y,85000,0.0,0,0,empty
493,9516,Shashank,Terekhov,M,939,113-7630,CATANnO,PR,0,S,N,40000,0.0,0,0,h0
494,9531,Pavel,Rodier,F,939,367-6123,TRUJILLO ALTO,PR,976,S,N,45000,0.0,0,0,***
495,9535,Lanju,Eilenberg,F,413,541-4372,LOWELL,MA,1854,M,Y,80000,5.3,0,7150,1000
496,9543,Hyunki,Mathieson,M,939,680-8962,SAN JUAN,PR,916,M,Y,80000,0.0,0,0,0
497,9548,Takis,Schaeffer,M,939,127-7415,BAYAMON,PR,956,S,Y,25000,0.0,0,empty,0
498,9559,Kiyonori,Koide,M,351,315-2428,BOSTON,MA,2109,M,Y,60000,5.3,0,7150,1000
499,9576,Kirk,Cui,M,939,784-4607,SAN JUAN,PR,937,M,N,5000,0.0,0,0,0
500,9589,Sachin,Castel,M,939,477-7902,ARROYO,PR,714,M,N,35000,0.0,0,0,0
501,9593,Theodoulos,Landram,M,939,289-1920,CULEBRA,PR,775,M,N,75000,0.0,0,0,0
502,9686,Bethina,Vietze,F,978,307-3028,ASSONET,MA,2702,S,N,55000,5.3,3575,0,0
503,9717,Fumiyo,Shiran,F,787,400-9373,SAN JUAN,PR,0,S,N,75000,0.0,0,0,***
504,9720,Weidon,Maramtz,F,787,551-3197,ENSENADA,PR,647,M,N,30000,0.0,empty,0,0
505,9759,Grover,Waumans,F,516,576-3228,HOLTSVILLE,NY,544,S,N,60000,4.3012195,empty,0,0
506,9764,Geereddy,Dinkloh,F,401,700-7690,ADAMSVILLE,RI,2801,M,N,65000,0.0,0,0,0
507,9812,Saleh,Brodnik,F,508,855-5883,CAMBRIDGE,MA,2141,M,Y,45000,5.3,0,7150,1000
508,9818,Scott,Debackere,F,939,840-4404,SAN GERMAN,PR,683,S,Y,75000,0.0,0,0,0
509,9820,Reima,Monkeberg,M,939,162-4166,GUAYNABO,PR,971,S,Y,55000,0.0,0,0,0
510,9830,Sieu,Lauck,F,781,813-5878,SHIRLEY,MA,1464,M,N,50000,5.3,0,7c150,0
511,9838,Amotz,Artosi,M,401,601-5064,CALYVILLE,RI,0,S,N,35000,0.0,0,0,0
512,9902,Kenrick,Rowen,M,0,422-7417,SAN JUAN,PR,930,M,Y,95000,0.0,0,0,0
513,9995,Fereidoon,Waumans,M,401,349-6783,NORTH SCITUATE,RI,2857,S,N,20000,0.0,0,0,0
514,10014,Navid,Nudd,M,787,911-5737,PONCE,PR,734,S,Y,70000,0.0,0,0,0
515,10056,Ufuk,Elphick,M,787,593-2715,SAN JUAN,PR,0,S,N,90000,0.0,0,0,0
516,10066,Junnosuke,Pitchumani,F,774,634-1303,AGAWAM,MA,1001,S,N,5000,5.3,3575,0,0
517,10100,Prakash,Abe,F,351,474-9142,SUDBURY,MA,1776,M,Y,40000,5.3,0,7150,1000
518,10101,Sudebkumar,Kontovasilis,M,781,735-9286,MELROSE,MA,2176,S,N,95000,5.3,3575,0,0
519,10105,Borislav,Surya,M,339,624-3199,FALL RIVER,MA,2720,M,Y,100000,5.3,0,7150,1000
520,10149,Jiawei,Kotlyar,F,401,938-3004,PASCOAG,RI,2859,M,N,15000,0.0,0,0,0
521,10169,Aladin,Hammerl,empty,401,395-3012,NORTH KINGSTOWN,RI,2854,M,Y,85000,0.0,0,0,0
522,10202,Vitali,Benaini,M,401,352-2353,GREENE,RI,2827,S,Y,45000,0.0,0,0,0
523,10234,Gerd,Lamont,M,978,385-5731,NORTH CHELMSFORD,MA,0,S,Y,15000,5.3,3575,0,1000
524,10247,Karthikeyan,Geske,F,857,700-4119,COTUIT,MA,2635,M,N,80000,5.3,0,7150,0
525,10260,Jeng,Camps,M,401,220-1312,HARRISVILLE,RI,2830,M,Y,25000,0.0,0,0,0
526,10266,Siba,Cermak,F,413,495-5682,MASHPEE,MA,2649,M,N,40000,5.3,0,7150,0
527,10318,Ajoy,Lamping,F,401,790-5996,NORTH SCITUATE,RI,2857,M,N,5000,0.0,0,0,0
528,10319,Falk,Sarstedt,M,508,278-6984,RUSSELL,MA,1071,S,Y,95000,5.3,3575,0,1000
529,10329,Doina,Evershed,F,401,672-9369,EAST GREENWICH,RI,2818,S,Y,20000,0.0,0,0,0
530,10356,Avikam,Donath,F,787,259-3186,BARCELONETA,PR,617,M,Y,35000,0.0,0,0,0
531,10374,Yonghuai,Feber,M,787,101-5353,SAN JUAN,PR,939,M,Y,70000,0.0,0,0,0
532,10386,Cormac,Sureshchandran,F,787,373-2510,PALMER,PR,721,S,Y,15000,0.0,0,0,0
533,10393,Miki,Raum,M,401,518-1788,MIDDLETOWN,RI,2842,S,Y,20000,0.0,0,0,0
534,10404,Melissa,Alpuente,F,787,447-7458,LAS MARIAS,PR,670,M,Y,80000,0.0,empty,0,0
535,10410,Terje,Borrmann,M,787,231-1325,SAN JUAN,PR,922,S,Y,20000,0.0,0,0,0
536,10416,Peiyuan,Ruocco,F,939,387-1792,HUMACAO,PR,791,M,Y,40000,0.0,0,0,0
537,10418,Graca,Nemytykh,F,339,147-9184,NEW BEDFORD,MA,2742,M,N,35000,5.3,o0,7150,0
538,10436,Tefko,Maiorov,F,787,616-9075,SAN JUAN,PR,920,M,N,55000,0.0,0,0,0
539,10440,Amichai,Kreutz,M,787,571-6578,SAN JUAN,PR,0,M,N,35000,0.0,0,0,0
540,10460,Zhong,Wheeler,M,413,113-5282,ASHBY,MA,1431,S,N,75000,5.3,3575,0,0
541,10499,Aran,Heckmann,F,787,540-5520,SABANA GRANDE,PR,637,M,N,50000,0.0,0,0,0
542,10505,Haesun,Racz,M,787,738-8065,vCAROLINA,PR,0,S,Y,20000,0.0,0,0,0
543,10530,DoKyeong,Degimbe,M,0,855-2695,LAS PIEDRAS,PR,771,S,N,70000,0.0,0,0,0
544,10537,Xiangmin,Narasayya,M,401,929-6951,PASCOAG,RI,2859,M,Y,5000,0.0,0,0,0
545,10541,Adham,Hallnas,F,787,994-2855,SAN JUAN,PR,914,M,Y,35000,0.0,a0,0,0
546,10543,Uchang,Chesneaux,F,401,615-7880,PAWTUCKET,RI,2862,M,N,100000,0.0,0,0,0
547,10575,Olumide,Vaisey,M,339,404-9450,HOLLISTON,MA,1746,M,N,25000,5.3,0,7150,0
548,10622,Simonas,Pintz,F,939,624-8721,MAUNABO,PR,707,M,N,85000,0.0,0,0,0
549,10640,Verena,Cheshire,M,401,935-4672,KENYON,RI,2836,M,N,50000,0.0,0,0,0
550,10664,Willard,Stach,M,939,129-8600,CAGUAS,PR,725,S,N,85000,0.0,0,0,0
551,10687,Dipen,Dienes,F,978,635-8699,FAIRHAVEN,MA,2719,M,Y,70000,5.3,0,7150,1000
552,10714,Teruaki,Worsch,M,774,376-8228,WEST BROOKFIELD,MA,1585,M,N,15000,5.3,0,7150,0
553,10730,Gus,Leunen,M,787,350-1728,VEGA ALTA,PR,0,S,0,35000,0.0,0,0,empty
554,10746,Eliseu,Ruano,***,781,457-3745,SAGAMORE BEACH,MA,2562,S,Y,70000,5.3,3575,0,1000
555,10776,Xiaolang,Hruby,F,0,538-1078,DEERFIELD,MA,1342,M,Y,70000,5.3,0,7150,1000
556,10803,Przemyslaw,Pezzoli,F,781,249-5738,NORTH CHELMSFORD,MA,1863,M,Y,20000,5.3,0,7150,1000***
557,10815,Dieter,Aschim,M,413,739-4126,WEST MEDFORD,MA,2156,S,N,90000,5.3,3575,0,0
558,10828,Koppolu,Parikh,M,939,320-5931,SAN JUAN,PR,933,M,N,90000,0.0,0,0,0
559,10838,Youcef,Gavrin,M,978,198-5943,FALMOUTH,MA,2540,M,N,85000,5.3,0,7150,0
560,10844,Starr,Lycklama,M,774,480-4836,WAYLAND,MA,0,S,N,85000,5.3,3575,empty,0
561,10853,Gada,Gupta,***,781,332-9584,FRAMINGHAM,MA,1705,S,N,10000,5.3,3575,0,0
562,10868,Zuliang,Chander,M,939,495-3922,PONCE,PR,734,M,N,50000,0.0,0,0,empty
563,10976,Wenci,Wilhite,F,401,918-3713,ACROLINA,RI,0,M,N,65000,0.0,0,0,0
564,10979,Asiri,Cousineau,M,787,817-7204,CAROLINA,PR,986,S,Y,70000,0.0,0,0,0
565,10989,Angel,Baudin,F,339,909-5515,LYNN,MA,1902,M,Y,80000,5.3,0,7150,1000
566,10994,Surya,Cheriton,F,617,341-3578,LINWOOD,MA,1525,M,Y,15000,5.3,0,7150,1000
567,10997,Tarcisio,Turkedjiev,F,857,898-9294,NORTHFIELD,MA,1360,S,N,5000,5.3,3575,0,0
568,11015,Shailendra,Bergevin,M,978,993-5542,SAGAMORE BEACH,MA,2562,S,N,10000,5.3,3575,0,0
569,11055,Hanan,Leibl,M,401,159-3390,NORTH KINGSTOWN,RI,2852,M,Y,15000,0.0,0,0,0
570,11066,Daria,Sawada,F,401,298-4591,JAMESTOWN,RI,2835,M,Y,15000,0.0,0,0,0
571,11127,Yukinobu,Jacobsson,F,413,190-2754,DEDHAM,MA,2026,S,N,85000,5.3,3575,0,0
572,11165,Dhruba,Lothe,M,781,676-3198,SOMERSET,MA,2726,S,N,20000,5.3,3575,0,0
573,11174,Yildiray,Iverson,F,939,132-9606,TOA ALTA,PR,0,M,Y,80000,0.0,0,empty,0
574,11180,Gora,Wortmann,M,857,895-7915,PAXTON,MA,1612,S,N,40000,5.3,3575,0,0
575,11192,Willett,Lynn,F,401,392-4136,CALYVILLE,RI,2815,M,Y,95000,0.0,0,0,0
576,11199,Aron,Trogemann,F,787,235-3165,CAvTANO,PR,962,M,Y,90000,0.0,0,0,0
577,11207,Naoki,Sirovich,F,978,485-3823,MILLVILLE,MA,1529,S,N,85000,5.3,3575,0,0
578,11216,Fracisco,Rusmann,F,351,948-1689,CHATfHAM,MA,0,S,N,45000,5.3,3575,0,0
579,11239,Sandhya,Kazakov,F,351,741-1383,HARVARD,MA,1451,M,Y,65000,5.3,0,7150,1000
580,11242,Yasuichi,Pinkal,M,939,894-5063,CAGUAS,PR,727,S,Y,5000,0.0,***,0,0
581,11244,Berardina,Beeferman,F,339,638-9514,ATTLEBORO FALLS,MA,2763,M,Y,20000,5.3,0,7150,1000
582,11259,Athanassios,Perl,F,0,744-4067,EXETER,RI,0,M,N,100000,0.0,0,0,0
583,11314,Ronaldo,Havelund,M,351,566-1909,HALIFAX,MA,2338,M,Y,60000,5.3,0,7150,1000
584,11316,Vasudha,Campr,M,939,519-8027,NARANJITO,PR,719,M,N,50000,0.0,0,***,0
585,11324,Masaru,Streit,F,401,670-1798,BRADFORD,RI,2808,S,Y,40000,0.0,0,0,0
586,11327,Marcian,Grnarov,F,787,913-4097,SAN JUAN,PR,920,S,Y,50000,0.0,0,0,0
587,11332,Brad,Speek,F,774,459-4121,CHATfHAM,MA,2633,S,Y,70000,5.3,3575,0,1000
588,11351,Kuniaki,Zastre,F,413,217-5670,BARRE,MA,1005,M,Y,65000,5.3,0,7150,1000
589,11382,Ehab,Inenaga,M,339,713-3209,HOLLISTON,MA,1746,S,Y,40000,5.3,empty,0,1000
590,11384,Xinxin,Staveren,F,413,440-6025,NORTH PEMBROKE,MA,2358,M,Y,100000,5.3,0,7150,1000
591,11423,Gajendra,Spinelli,F,339,300-5920,BURLINGTON,MA,1803,M,Y,55000,5.3,0,7150,1000
592,11440,Benard,Toulouse,F,787,589-1261,SAN JUAN,PR,939,S,Y,75000,0.0,0,0,0
593,11485,Tsipora,Andreotta,M,774,393-8228,NORTH ADAMS,MA,1247,M,Y,60000,5.3,0,7150,1000
594,11494,Panos,Hebisch,***,787,124-1286,CAROLINA,PR,983,S,Y,40000,0.0,0,0,0
595,11501,Yukihiro,Rheingans,empty,508,703-9262,EAST TAUNTON,MA,2718,M,N,55000,5.3,0,7150,0
596,11521,Chandrasekaran,Raskhodnikova,M,787,991-6734,SALINAS,PR,751,M,Y,45000,0.0,0,0,0
597,11561,Javan,Spicer,F,781,659-9616,HOPEDALE,MA,1747,S,Y,95000,5.3,3575,0,1000
598,11611,Tadaaki,MacNair,M,0,216-9914,TOA BAJA,PR,950,S,N,60000,0.0,0,0,empty
599,11645,Carl,Tretkoff,M,939,472-3330,vCAROLINA,PR,0,M,N,45000,0.0,0,0,0
600,11667,Make,Breuker,M,508,558-2876,NATICK,MA,1760,M,Y,40000,5.3,0,7150,1000
601,11705,Gernot,Redon,M,939,443-8397,GUAYNABO,PR,966,S,Y,95000,0.0,0,0,0
602,11709,Farzin,Biron,M,781,323-8240,WEST FALMOUTH,MA,2574,M,N,30000,5.3,0,7150,0
603,11728,Irek,Diener,M,787,175-3862,BAYAMON,PR,0,M,N,70000,0.0,0,empty,0
604,11732,Geir,Chinal,M,401,708-5077,PORTSMOUTH,RI,2871,S,N,5000,0.0,0,0,0
605,11755,Akimou,Kitakami,F,787,435-6657,TOA ALTA,PR,953,S,Y,5000,0.0,0,0,0
606,11766,Aurore,Pero,M,939,372-3131,AGUADILLA,PR,0,0,Y,100000,0.0,m0,0,0
607,11781,Jeane,Minor,F,401,501-3125,GLENDALE,RI,2826,M,Y,50000,0.0,0,0,0
608,11793,Yongcheng,Bara,M,939,947-4707,JAYUYA,PR,664,S,N,60000,0.0,0,0,0
609,11794,Amitabha,Chown,F,508,581-5811,GILL,MA,1354,S,N,55000,5.3,3575,0,0
610,11805,Shangzhi,Daneels,F,781,827-2130,FRAMINGHAM,MA,1705,M,N,100000,5.3,0,7m150,0
611,11817,Zhidong,Lovis,F,939,215-2065,BAYAMON,PR,0,M,N,85000,0.0,0,0,***
612,11821,Azuma,Scollo,F,413,682-9097,HAMPDEN,MA,1036,M,N,80000,5.3,0,750,0
613,11825,Kangwoo,Dinsenmeyer,F,787,224-7259,ANOVANAS,PR,729,S,Y,75000,0.0,0,0,0
614,11839,Sujeet,Seuren,F,787,829-3249,LOIZA,PR,772,S,Y,25000,0.0,0,0,0
615,11851,Munish,Chesneaux,M,401,652-2501,GREENVILLE,RI,2828,M,Y,55000,0.0,0,0,0
616,11866,Tamitha,Lavin,F,351,960-4426,CHICOEPE,MA,1014,M,N,75000,5.3,0,7150,0
617,11876,Gurmeet,Henders,M,774,681-2761,CAMBRIDGE,MA,2140,S,N,80000,5.3,3575,0,0
618,11918,Kristin,Sollner,F,401,670-1291,PAWTUCKET,RI,2860,S,Y,60000,0.0,0,0,0
619,11972,Jinhwan,Siprelle,M,787,377-8598,PONCE,PR,731,S,N,70000,0.0,0,0,0
620,11994,Guoliang,Radi,F,617,839-1393,BARNSTABLE,MA,2630,M,N,45000,5.3,0,7150,0
621,12033,LiWu,Vandervoorde,F,787,426-5243,GUAYNABO,PR,0,M,N,25000,0.0,0,0,0
622,12063,Yvette,Mehrmann,M,978,935-5105,ELMWOOD,MA,2337,S,Y,100000,5.3,3575,0,1000
623,12064,Spyridon,Jingmin,F,787,304-6651,ARECIBO,PR,613,M,N,100000,0.0,0,0,0
624,12069,Adib,Nitta,M,508,953-5288,ONSET,MA,2558,M,N,100000,5.3,0,7150,0
625,12094,Montgomery,Houtekamer,M,401,749-6221,ACROLINA,RI,2812,M,N,25000,0.0,0,0,0
626,12100,Joanthan,Gerace,F,774,441-6153,OAKHAM,MA,1068,M,Y,20000,5.3,0,7150,1000
627,12112,Ryosuke,Kurbel,F,939,118-3430,PONCE,PR,730,S,Y,15000,0.0,0,0,0
628,12142,Lurdes,Lundelius,M,401,825-5720,CALYVILLE,RI,0,S,Y,5000,0.0,0,0,0
629,12143,Zhimin,Szymczak,M,401,276-2493,CALYVILLE,RI,2815,M,Y,10000,0.0,0,0,0
630,12160,Vaclav,Chweh,M,401,615-7712,HOPE VALLEY,RI,0,M,0,80000,0.0,0,0,empty
631,12179,Loretta,Cusworth,F,401,405-7157,OAKLAND,RI,2858,S,N,30000,0.0,0,0,0
632,12185,Igal,Fosse,M,978,407-5778,ROSLINDALE,MA,2131,M,N,55000,5.3,0,7150,0
633,12201,Motoyasu,Devgan,F,939,638-9521,ARECIBO,PR,614,M,N,60000,0.0,0,0,0
634,12220,Kamil,Skronn,M,781,253-6672,BROCKTON,MA,2302,M,N,60000,5.3,0,7150,0
635,12231,Fang,Melkman,F,401,736-1985,GREENVILLE,RI,2828,S,N,20000,0.0,0,0,0
636,12239,Gerbert,Lichtenecker,M,939,584-6045,JUANA DIAZ,PR,795,M,N,75000,0.0,0,0,0
637,12244,Huihuang,Sekaran,M,781,613-7938,MENDON,MA,1756,M,N,60000,5.3,0,7150,0
638,12308,Kaoru,Kuhnemann,M,939,221-6054,JAYUYA,PR,664,M,Y,90000,0.0,0,0,0
639,12349,Joonhee,Kapp,M,401,981-5329,FORESTDALE,RI,2824,M,Y,85000,0.0,0,0,0
640,12358,Hae,Murty,M,774,644-7678,empty,MA,1730,S,N,40000,5.3,3575,0,0
641,12386,Michel,Pillow,F,781,593-5812,MARSHFIELD,MA,2050,M,Y,35000,5.3,0,7150,1000
642,12496,Zahir,Shirai,M,857,426-2346,BOSTON,MA,2127,S,N,100000,5.3,3575,0,0
643,12500,Phaiboon,Rebeuf,F,787,907-4409,PENUELAS,PR,0,M,0,30000,0.0,0,0,empty
644,12524,Gwang,Chakroborty,M,0,958-9144,LOIZA,PR,0,M,Y,15000,0.0,0,0,0
645,12525,Golgen,Kerntopf,F,508,391-3976,MEDWAY,MA,2053,M,Y,15000,5.3,0,7150,1000
646,12533,Guhan,Can,M,339,187-9699,BOSTON,MA,2112,M,Y,55000,5.3,0,7150,1000
647,12560,Hosahalli,Xiaowen,F,401,983-5676,EAST GREENWICH,RI,2818,S,N,45000,0.0,0,0,0
648,12593,Ravi,Ranganath,F,787,623-1859,LUQUILLO,PR,773,S,N,35000,0.0,0,0,0
649,12609,Iztok,Rheingans,M,401,387-7312,MAPLEVILLE,RI,2839,M,Y,75000,0.0,0,0,0
650,12626,Jackie,Lazard,F,781,209-2198,WESTBOROUGH,MA,1580,S,Y,95000,5.3,3575,0,1000
651,12656,Vanio,Neiman,F,939,824-6638,PONCE,PR,733,M,N,85000,0.0,0,0,0
652,12670,Haichen,Chappelet,M,351,372-8807,NORTH AMHERST,MA,1059,M,N,5000,5.3,0,7150,0
653,12693,Colm,Raveh,M,0,177-9629,HYDE PARK,MA,2136,M,N,50000,5.3,0,7150,0
654,12714,Osni,Ratto,F,939,385-7656,NARANJITO,PR,719,S,N,100000,0.0,0,0,0
655,12722,Zhigen,Wooldridge,M,978,803-5363,WEST BARNSTABLE,MA,2668,S,N,30000,5.3,3575,0,0
656,12764,Shilpa,Skowron,F,787,259-9113,AGUADILLA,PR,603,S,N,10000,0.0,0,0,0
657,12779,Rajanarayanan,Huxford,F,787,478-7176,ROSARIO,PR,636,S,N,100000,0.0,0,0,0
658,12783,Zeynep,Forte,M,787,373-5897,PONCE,PR,728,M,Y,45000,0.0,0,0,0
659,12803,Jieyu,Gupte,M,508,577-1343,GOHEN,MA,1032,M,N,50000,5.3,0,7150,0
660,12814,Edson,Dziadosz,F,781,638-2130,DEVENS,MA,1434,M,Y,30000,5.3,0,71n50,1000
661,12841,Paraic,Milne,F,939,480-8918,COTO LAUREL,PR,780,M,Y,90000,0.0,0,0,0
662,12900,Adas,Swiler,M,939,829-4353,HUMACAO,PR,791,M,N,85000,0.0,0,0,0
663,12939,Zhidong,MacLachlan,F,508,498-7187,GRAFTON,MA,1519,S,Y,35000,5.3,3575,0,1000
664,12982,Janjao,Gove,M,787,523-8465,PONCE,PR,717,M,Y,95000,0.0,0,0,0
665,12989,Mingsheng,Milojicic,M,787,130-8242,SAN JUAN,PR,928,M,N,90000,0.0,0,0,***
666,13063,Khue,Pokorny,F,978,817-9541,DRURY,MA,1343,S,Y,50000,5.3,3575,0,1000
667,13064,Gurdeep,Kriebel,M,401,146-2193,EAST GREENWICH,RI,2818,S,Y,5000,0.0,0,0,0
668,13068,Glauco,Brunt,M,774,132-8670,LYNN,MA,1904,M,N,40000,5.3,0,7150,0
669,13121,Weizhen,Manthey,F,939,330-2652,DORADO,PR,646,S,N,95000,0.0,0,0,0
670,13127,Junguk,Hedger,M,401,696-3825,PASCOAG,RI,0,0,N,100000,0.0,0,0,0
671,13191,Teruji,Cho,F,939,587-9344,SAN JUAN,PR,906,M,Y,80000,0.0,0,0,0
672,13211,AbdelAli,Ebcioglu,F,401,658-7598,LITTLE COMPTON,RI,2837,S,Y,20000,0.0,0,0,0
673,13222,Joohack,Gradenigo,F,339,559-9985,BARNSTABLE,MA,2630,M,Y,15000,5.3,0,7150,1000
674,13247,Reinder,Bodek,M,787,991-6031,ARECIBO,PR,612,S,Y,15000,0.0,0,0,0
675,13270,Fusatake,Telerman,M,978,534-4837,BOSTON,MA,2116,S,N,45000,5.3,3575,0,0
676,13281,Heonshik,Sowizrai,F,781,985-5204,GLOUCESTER,MA,1930,M,Y,5000,5.3,0,7150,1000
677,13304,Shreekant,Pfalzgraf,F,401,859-8234,JAMESTOWN,RI,2835,S,N,95000,0.0,0,0,0
678,13321,Konstantin,Wild,F,939,159-6920,SAN JUAN,PR,918,M,N,35000,0.0,0,0,***
679,13327,Xiaoyang,McGavran,F,857,997-1442,HOLDEN,MA,1520,S,N,30000,5.3,3575,0,***
680,13332,Cord,Shimohata,M,787,149-3516,vCAROLINA,PR,987,S,N,100000,0.0,0,0,r0
681,13333,Xiaoqiu,Gabalda,M,857,393-6894,SOUTH LEE,MA,1260,S,Y,95000,5.3,3575,0,1000
682,13345,Camelia,Cleve,M,787,842-6943,LUQUILLO,PR,773,M,Y,40000,0.0,0,0,0
683,13409,Souichi,Padget,F,339,590-3552,WAYLAND,MA,1778,S,N,15000,5.3,3575,0,0
684,13414,Pierluigi,Soicher,F,401,987-4142,PAWTUCKET,RI,2862,S,Y,95000,0.0,0,0,0
685,13416,Heike,Garnham,M,617,425-9564,TEWKSBURY,MA,1876,M,Y,95000,5.3,0,7150,1000
686,13472,Giansalvatore,Sanidas,M,939,833-7774,PENUELAS,PR,624,M,N,55000,0.0,0,0,0
687,13484,Jaeheon,Moliner,F,939,275-9206,PONCE,PR,0,M,N,95000,0.0,0,0,0
688,13496,Narcis,Bodwin,F,781,869-6249,HARVARD,MA,1451,S,Y,20000,5.3,3575,0,1000
689,13510,Florentino,Ventsov,wF,508,165-1192,BOSTON,MA,2204,S,N,90000,5.3,3575,0,0
690,13524,Reiko,Dubernard,M,857,191-1681,FALMOUTH,MA,2541,M,N,25000,5.3,0,7150,0
691,13542,Gao,Kain,***,617,298-8211,HUMAROCK,MA,2047,M,Y,15000,5.3,0,7150,1000
692,13566,Amilcar,Ruther,F,857,226-9009,SIASCONSET,MA,2564,S,N,55000,5.3,3575,0,0
693,13604,LeAnn,Lieblein,F,939,915-5641,AGUADILLA,PR,605,S,Y,65000,0.0,0,0,0
694,13668,Matilde,Houtekamer,M,617,592-9470,WORCESTER,MA,1654,M,N,40000,5.3,0,7150,0
695,13723,Maksim,Affisco,M,787,202-1167,SAN JUAN,PR,917,S,Y,60000,0.0,0,0,0
696,13725,Tamir,Mitzlaff,F,781,442-1913,NEW BEDFORD,MA,2740,M,Y,90000,5.3,0,7150,1000
697,13747,Daigo,Giraffa,M,401,519-3938,LITTLE COMPTON,RI,2837,S,Y,35000,0.0,0,0,0
698,13792,Constantino,Hauskrecht,M,939,972-7382,ROOSEVELT ROADS,PR,742,M,N,25000,0.0,0,0,0
699,13813,Murari,Kriebel,M,774,473-2340,SOUTH EASTON,MA,2375,S,Y,90000,5.3,3575,0,1000
700,13845,Edjard,Nakakoji,M,401,177-5712,PASCOAG,RI,2859,M,N,70000,0.0,0,0,0
701,13863,Birger,Zaccaria,M,0,168-3007,WESTFIELD,MA,1086,M,Y,80000,5.3,0,7150,1000
702,13870,Yoshiak,Milidiu,M,787,673-6706,OROCOVIS,PR,720,M,N,20000,0.0,0,0,0
703,13881,Mahadevan,Bhar,F,401,870-4491,OAKLAND,RI,2858,M,N,100000,0.0,0,0,0
704,13955,Vinod,Pfalzgraf,F,939,172-7450,RINCON,PR,677,S,Y,50000,0.0,0,0,0
705,13961,Sivanarayana,Fujisaki,M,787,721-3097,UTUADO,PR,641,S,Y,100000,0.0,0,0,0
706,14032,Lok,Sherwood,F,401,716-5741,PAWTUCKET,RI,2862,S,N,15000,0.0,0,0,0
707,14114,Bertram,Plantinga,M,781,763-7737,WEST NEWBURY,MA,1985,M,Y,50000,5.3,0,7150,1000
708,14137,Marco,Androutsos,nM,401,836-6808,EXETER,RI,2822,S,Y,65000,0.0,0,0,0
709,14175,Aristotle,Ledru,M,339,627-6325,WAKEFIELD,MA,1880,S,N,90000,5.3,3575,0,0
710,14194,Viviana,Belcastro,F,787,878-8463,MOCA,PR,676,M,Y,100000,0.0,0,0,0
711,14223,Shigeo,Birke,F,939,894-2705,SAN JUAN,PR,910,S,Y,50000,0.0,0,0,0
712,14231,Jerry,Minea,F,413,295-1678,MILTON,MA,2186,S,N,30000,5.3,3575,0,0
713,14244,Monish,Heinze,M,413,249-8468,FALL RIVER,MA,2722,M,Y,100000,5.3,0,7150,1000
714,14265,Aleta,Rauh,M,787,442-1170,TOA ALTA,PR,953,M,N,65000,0.0,0,0,0
715,14277,Aleksei,Schittenkopf,M,508,447-2541,ROXBURY CROSSING,MA,2120,M,Y,5000,5.3,0,7150,1000
716,14288,Emeka,Doornbos,M,939,868-8579,VEGA ALTA,PR,692,S,N,35000,0.0,0,0,0
717,14290,Yusaku,Deogon,M,978,468-6029,BALDWINVILLE,MA,1436,S,Y,90000,5.3,3575,0,1000
718,14323,Gioia,Demleitner,F,787,164-2147,SAN JUAN,PR,923,S,N,95000,0.0,0,0,a0
719,14332,Suhayya,Helland,F,939,482-3142,SAN JUAN,PR,923,M,Y,30000,0.0,0,0,0
720,14350,Donanld,Magalhaes,F,787,624-2449,CAYYE,PR,736,M,N,15000,0.0,0,0,0
721,14393,Fereidoon,Ehrenfeucht,M,401,497-1194,CALYVILLE,RI,2815,M,N,10000,0.0,0,0,0
722,14401,SangMin,Hubbers,M,939,861-5609,ADJUNTAS,PR,601,S,N,5000,0.0,0,0,0
723,14404,Gomer,Bamford,F,939,753-2055,SABANA GRANDE,PR,637,M,Y,50000,0.0,0,0,0
724,14422,Gunhild,Haddley,F,787,974-5601,RINCON,PR,0,0,N,100000,0.0,0,empty,0
725,14430,Uisok,Tompits,M,939,817-6602,empty,PR,659,S,N,90000,0.0,0,0,0
726,14443,Marit,Dinsenmeyer,M,939,497-5127,UTUADO,PR,641,S,N,25000,0.0,0,0,0
727,14452,Simeon,Gestri,M,857,169-5762,OAKHAM,MA,1068,M,N,60000,5.3,0,7150,0
728,14458,Kotesh,Protzel,M,781,205-8400,SOUTH HARWICH,MA,2661,M,N,5000,5.3,0,7150,0
729,14494,Mones,Awdeh,F,939,406-4812,MOCA,PR,676,S,Y,55000,0.0,0,0,0
730,14616,Asuman,Pietro,M,787,291-3223,NAGUABO,PR,718,M,Y,25000,0.0,0,0,0
731,14653,Sasan,Bari,M,401,929-5204,PASCOAG,RI,2859,S,Y,35000,0.0,0,0,0
732,14669,Hidehisa,Spier,M,787,805-9940,PONCE,PR,730,S,Y,60000,0.0,0,0,0
733,14679,Shengdong,Belyaev,M,508,339-1458,CHILMARK,MA,2535,S,Y,5000,5.3,3575,0,1000
734,14684,Herward,Shklar,uM,781,220-4803,CLINTON,MA,1510,M,Y,30000,5.3,0,7150,0100
735,14689,Algirdas,Haraguchi,M,413,172-8064,QUINCY,MA,2269,S,N,15000,5.3,3575,0,0
736,14721,Tomohiko,Matuschka,M,351,834-6320,ROXBURY CROSSING,MA,2120,S,Y,15000,5.3,3575,***,1000
737,14724,Aylmer,Pollatschek,F,413,673-4857,WEST WAREHAM,MA,2576,M,N,50000,5.3,0,7150,0
738,14736,Naranker,Ashworth,M,787,592-3853,SABANA HOYOS,PR,688,M,Y,90000,0.0,0,0,0
739,14743,Oliviero,Ardizzone,M,617,645-2629,WEBSTER,MA,1570,M,N,25000,5.3,0,7150,0
740,14756,Elmar,Beidas,F,508,461-6526,BUZZARDS BAY,MA,2532,S,Y,25000,5.3,3575,0,1000
741,14762,Toshikazu,Joslin,F,401,726-8110,ACROLINA,RI,0,S,Y,90000,0.0,0,0,0
742,14813,Vasudha,Lipper,M,787,561-6473,CbAROLINA,PR,0,M,N,25000,0.0,0,0,0
743,14861,Tjalling,Khatib,M,401,878-3293,CHARELSTOWN,RI,0,M,Y,85000,0.0,0,0,0
744,14862,Valtteri,Oates,F,787,798-1573,TOA BAJA,PR,951,M,Y,20000,0.0,0,0,0
745,14863,Kimon,Haggerty,M,617,113-6837,EAST TEMPLETON,MA,1438,S,N,5000,5.3,3575,0,0
746,14871,Pirjo,Merges,F,401,848-6434,BARRINGTON,RI,2806,M,Y,85000,0.0,0,0,0
747,14881,Denzil,Jurdjevic,M,857,697-4302,MARSTONS MILLS,MA,2648,S,Y,30000,5.3,3575,0,1000
748,14890,Object,Marovac,M,351,677-9656,WEST TISBURY,MA,2575,S,N,10000,5.3,3575,0,empty
749,14891,Helene,Dillet,M,939,522-9513,SAN JUAN,PR,0,M,N,5000,0.0,0,0,s0
750,14938,Alin,Aimeur,empty,508,728-9238,FRAMINGHAM,MA,1703,M,Y,55000,5.3,0,7150,1000
751,14943,Yekta,Bofill,F,939,181-4959,LARES,PR,669,M,Y,95000,0.0,0,0,0
752,14944,Jawahar,Whitlock,F,939,899-6631,AGUADILLA,PR,603,S,N,60000,0.0,0,0,0
753,14955,Erez,Chalamaiah,M,939,965-7684,RIO GRANDE,PR,745,S,N,60000,0.0,0,0,0
754,14962,Themis,Wesselkamper,F,787,391-3822,AGUADILLA,PR,605,M,N,5000,0.0,0,0,0
755,14981,Keiji,Palomar,M,939,920-9986,MAUNABO,PR,707,M,Y,40000,0.0,0,0,0
756,15013,Sadeph,Balboni,M,939,852-3436,JUANA DIAZ,PR,795,S,N,80000,0.0,0,0,0
757,15017,Regine,Rino,F,781,984-6557,SANDISFIELD,MA,1255,S,N,60000,5.3,3575,0,0
758,15043,Yugo,Normoyle,M,339,161-9083,SOUTH WEYMOUTH,MA,2190,S,Y,45000,5.3,3575,0,1000
759,15055,Parto,Rivero,empty,939,277-3430,ARECIBO,PR,612,S,Y,95000,0.0,0,0,0
760,15092,Jieh,Klimov,F,508,119-1896,NORTH ATTLEBORO,MA,2761,S,N,30000,5.3,3575,0,0
761,15110,Ismo,Kabayashi,M,339,246-9683,SPRINGFIELD,MA,1138,S,N,20000,5.3,3575,0,0
762,15136,Satinder,Kiesler,F,978,118-9196,ARLINGTON,MA,2474,M,N,70000,5.3,0,7150,0
763,15176,Bingchiang,Arbib,M,401,294-3279,WEST GREENWICH,RI,2817,S,N,65000,0.0,0,0,0
764,15182,Wesley,Ugol''nikov,M,339,919-9485,CAMBRIDGE,MA,2239,S,N,100000,5.3,3575,0,0
765,15188,Zosimo,Bass,M,939,999-8011,LOIZA,PR,772,S,Y,65000,0.0,0,0,0
766,15227,Mathias,Grom,M,339,653-8794,BOSTON,MA,2284,S,Y,95000,5.3,3575,0,1000
767,15228,Munehiko,Lamsweerde,M,401,497-9721,HOPE VALLEY,RI,2832,S,N,5000,0.0,0,0,0
768,15231,Ashwini,Moffat,F,339,862-2088,WARWICK,MA,1378,S,N,50000,5.3,3575,0,0
769,15232,Jonas,Loeppner,M,857,494-8353,BOSTON,MA,2297,S,N,55000,5.3,3575,0,0
770,15291,Herhard,Idomoto,F,939,720-3818,CAROLINA,PR,985,M,Y,5000,0.0,0,o0,0
771,15300,Fikret,Cullinane,M,401,601-1360,FISKEVILLE,RI,2823,S,Y,20000,0.0,0,0,0
772,15320,Amane,Bard,F,939,312-1496,LA PLATA,PR,786,M,Y,75000,0.0,0,0,0
773,15333,Petri,Suwunboriruksa,F,787,204-7741,CAROLINA,PR,988,M,Y,55000,0.0,0,0,0
774,15335,Chrisa,Ulman,M,978,367-7999,DOVER,MA,2030,M,N,75000,5.3,0,7150,0
775,15367,Seung,Dippoldsmann,F,401,998-2723,HOPE VALLEY,RI,2832,M,N,60000,0.0,0,0,0
776,15389,Diane,Autin,M,351,488-7844,SOUTHFIELD,MA,1259,M,N,30000,5.3,empty,7150,0
777,15419,Athushi,Schlenzig,M,787,799-7185,CAOMO,PR,769,S,Y,25000,0.0,0,0,0
778,15485,Ludomir,Lakshmikantham,M,787,798-2986,JAYUYA,PR,664,S,N,55000,0.0,0,0,0
779,15511,Narendar,Giovini,F,787,291-2684,COROZAL,PR,783,S,Y,70000,0.0,0,0,0
780,15528,Yutaka,Bekesi,M,978,824-8707,ROYALSTON,MA,1368,M,Y,60000,5.3,0,7150,1000
781,15535,Bijendra,Stiles,F,939,417-5746,SAN JUAN,PR,939,S,N,20000,0.0,0,0,empty
782,15593,Sivaprakasam,Cosoroaba,M,787,806-2083,SAN JUAN,PR,936,M,N,5000,0.0,0,0,empty
783,15618,Amitavo,Menczer,M,787,673-2091,CASANER,PR,631,S,Y,5000,0.0,0,0,0
784,15626,Ryuzo,Kabalevsky,F,401,579-4832,HARRISVILLE,RI,2830,S,N,95000,0.0,0,0,0
785,15627,Hermann,Eastaughffe,F,401,200-8578,PAWTUCKET,RI,2860,M,Y,5000,0.0,0,0,0
786,15642,Vineet,Lewart,M,351,409-5216,WOBURN,MA,1815,S,Y,10000,5.3,3575,0,1000
787,15643,Michiko,Nissenbaum,***,339,545-3823,MONSON,MA,1057,M,N,65000,5.3,0,7150,0
788,15649,Hirozumi,Kulasinghe,M,508,325-6206,SPRINGFIELD,MA,1104,S,Y,25000,5.3,3575,0,1000
789,15651,Grant,Lalanne,F,939,253-9540,SAN JUAN,PR,925,S,Y,85000,0.0,0,0,0
790,15668,Miyi,Rassart,F,339,600-5955,NORTH ATTLEBORO,MA,2760,M,N,55000,5.3,0,7150,0
791,15741,Jahuda,Breugel,F,401,315-5234,NEWPORT,RI,2841,S,Y,75000,0.0,0,0,0
792,15743,Sander,Spinning,M,978,355-8301,BOSTON,MA,2116,S,N,25000,5.3,3575,0,0
793,15800,Changming,Basler,F,413,967-1568,NUTTING LAKE,MA,1865,S,Y,25000,5.3,3575,0,1000
794,15812,Kyongho,Machida,F,857,677-4791,SOUTHFIELD,MA,1259,S,Y,5000,5.3,3575,0,1000
795,15857,Adly,Codenie,M,401,596-1594,HOPE,RI,2831,M,N,15000,0.0,0,0,0
796,15883,Major,Doucet,M,939,632-2201,GUAYAMA,PR,784,S,N,45000,0.0,0,0,0
797,15890,Junjie,Quackenbush,M,787,583-7771,SALINAS,PR,751,M,N,5000,0.0,0,0,0
798,15919,Gunar,Sridhar,M,939,444-4233,SAN JUAN,PR,908,M,N,30000,0.0,0,0,empty
799,15934,Jerri,Hofer,F,401,342-5550,CHARELSTOWN,RI,0,S,Y,45000,0.0,0,0,0
800,15982,Joelle,Beidas,F,787,200-8619,CEIAB,PR,735,M,N,10000,0.0,0,0,0
801,16001,Newman,Klusik,F,401,293-5614,MANVILLE,RI,2838,S,N,95000,0.0,0,0,0
802,16041,Evanthia,Muhlen,M,401,427-7974,WEST GREENWICH,RI,2817,S,N,65000,0.0,0,0,0
803,16081,Arno,Pintelas,F,857,314-9040,ALLSTON,MA,2134,S,Y,50000,5.3,3575,0,1000
804,16135,Liangwei,Karlapalem,M,774,568-9637,CeHESTERFIELD,MA,1012,M,N,75000,5.3,0,7150,0
805,16144,Kangsheng,Kalb,M,787,921-7721,SAN JUAN,PR,936,M,Y,90000,0.0,0,0,0
806,16173,Chuanyi,Ayani,***,401,876-2393,HARRISVILLE,RI,2830,S,N,35000,0.0,0,0,0
807,16183,Case,Lubiw,M,939,352-2580,MAUNABO,PR,707,M,N,75000,0.0,0,0,0
808,16186,Rossella,Capua,F,857,547-8654,HANSCOM AFB,MA,1731,S,Y,95000,5.3,3575,0,1000
809,16210,Vlado,Sedobgo,M,787,943-9530,ADJUNTAS,PR,601,M,N,60000,0.0,0,0,0
810,16239,Nimmagadda,Machiraju,F,939,779-3932,PUNTA SANTIAGO,PR,741,M,N,85000,0.0,0,0,0
811,16241,Alexis,Yagi,F,787,773-4306,CATAON,PR,963,S,Y,50000,0.0,0,0,0
812,16261,Kemal,Witkowski,F,508,328-8143,CHATfHAM,MA,2633,S,Y,65000,5.3,3575,0,1000
813,16285,Nadav,Maelbrancke,M,939,690-9532,MAUNABO,PR,707,S,N,70000,0.0,0,empty,0
814,16297,Luquan,Cassels,F,0,662-5683,NEWBURYPORT,MA,1950,M,Y,45000,5.3,0,7150,1000
815,16308,Kenshin,Silva,M,939,546-9002,GUAYNABO,PR,968,S,Y,90000,0.0,0,0,0
816,16334,Seiichi,Hermanns,F,939,822-1613,LAS MARIAS,PR,670,S,Y,60000,0.0,0,0,0
817,16349,Michi,Raje,F,401,242-1081,FOSTER,RI,2825,M,N,30000,0.0,0,0,0
818,16372,Troels,Beilin,M,781,828-1079,BRIDGEWATER,MA,2325,M,Y,45000,5.3,0,7150,1000
819,16397,Raimund,Heiner,F,617,850-9716,RICHMOND,MA,1254,M,N,20000,5.3,0,7150,0
820,16418,Sirkka,Nagasamy,F,939,358-3535,PENUELAS,PR,624,S,Y,10000,0.0,0,0,0
821,16419,Soumen,Malitz,F,617,216-3364,LUNENBURG,MA,1462,S,Y,85000,5.3,3575,0,1000
822,16435,Gianluca,Doggaz,F,787,956-9676,SAN JUAN,PR,975,M,Y,70000,0.0,0,0,0
823,16443,Juliet,Hjelsvold,F,939,440-4740,VEGA ALTA,PR,692,M,N,10000,0.0,0,0,0
824,16454,Woei,Doudou,M,401,923-8704,NORTH KINGSTOWN,RI,2854,M,Y,70000,0.0,0,0,0
825,16474,Yanling,Quaggetto,M,401,603-1534,CHARELSTOWN,RI,2813,S,Y,35000,0.0,0,0,0
826,16480,Samar,Murdock,M,939,703-3914,SAN JUAN,PR,924,M,N,30000,0.0,0,0,empty
827,16498,Jihoon,Ehrhard,M,781,390-5350,NORTH HATFIELD,MA,1066,M,N,45000,5.3,0,7150,0
828,16556,Nevana,Rana,M,339,386-6380,BLACKSTONE,MA,1504,S,Y,95000,5.3,3575,0,1000
829,16565,Mirjana,Bergman,F,401,900-4857,JAMESTOWN,RI,2835,S,N,30000,0.0,0,0,0
830,16584,Galen,Furedi,M,401,160-2880,MAPLEVILLE,RI,2839,S,Y,70000,0.0,0,0,0
831,16596,Motoei,Chabrier,M,401,326-7958,LINCOLN,RI,0,M,Y,75000,0.0,***,0,0
832,16606,Arkady,Ranze,F,787,709-2607,GUAYNABO,PR,970,M,N,30000,0.0,0,0,***
833,16704,Sakae,Padubidri,M,939,851-7016,GUAYNABO,PR,968,S,N,80000,0.0,0,0,0
834,16705,Ashutosh,Pataki,M,939,478-8322,PONCE,PR,728,S,Y,65000,0.0,0,0,0
835,16747,Yasuichi,Malhis,M,787,536-4749,PONCE,PR,716,S,Y,75000,0.0,0,0,0
836,16777,Brig,Heljanko,F,0,962-6008,CAROLIA,PR,0,S,N,30000,0.0,0,0,***
837,16784,Yahong,Gestri,F,939,279-6728,PENUELAS,PR,624,M,Y,40000,0.0,0,0,0
838,16797,Pantung,Manthey,F,774,596-9001,NEW SALEM,MA,1355,M,N,35000,5.3,0,7150,0
839,16834,Vladik,Kneisl,M,787,264-6934,GUAYNABO,PR,970,S,Y,95000,0.0,0,0,0
840,16868,Ingemar,Gehringer,M,401,468-5244,MAPLEVILLE,RI,2839,S,N,5000,0.0,0,0,0
841,16894,Helmut,Ostertag,M,787,927-8325,PATILLAS,PR,723,M,Y,40000,0.0,0,0,0
842,16905,Guoqing,Breunig,M,339,729-2605,BOSTON,MA,2283,S,N,10000,5.3,3575,0,0
843,16908,Takeomi,Khedro,F,351,948-7262,PRIDES CROSSING,MA,1965,M,N,90000,5.3,0,7150,0
844,16922,Elia,Laubscher,empty,787,253-7062,OROCOVIS,PR,720,S,N,10000,0.0,0,0,0
845,16950,JongMin,Berezin,M,401,763-1450,LINCOLN,RI,0,M,Y,5000,0.0,0,0,0
846,16956,Agnar,Wadge,F,351,369-6986,WORCESTER,MA,1653,M,Y,25000,5.3,0,7150,1000
847,16968,Yiming,Laudwein,M,413,881-8260,MILLIS,MA,2054,M,Y,80000,5.3,0,7150,1000
848,16989,Yasufumi,DeLano,F,939,893-1668,CAYYE,PR,736,M,N,95000,0.0,0,0,0
849,17003,Jodi,Gonzalez,M,339,843-5246,SPRINGFIELD,MA,0,S,Y,55000,5.3,3575,0,1000
850,17005,Annick,Aylett,F,508,636-6963,MILLVILLE,MA,1529,M,N,85000,5.3,0,7150,0
851,17019,Chandrashekar,Niinomi,M,401,357-6145,CHARELSTOWN,RI,2813,M,Y,30000,0.0,0,0,0
852,17035,Uma,Felsner,F,787,885-6876,PONCE,PR,732,S,N,35000,0.0,0,0,0
853,17049,Yinong,Riesenhuber,M,787,473-3325,SAN JUAN,PR,902,M,Y,100000,0.0,0,0,0
854,17055,Latha,Marciano,M,351,909-2946,FALL RIVER,MA,2723,M,Y,70000,5.3,0,7150,1000
855,17082,Barry,Cowie,F,617,983-6404,NEWTON HIGHLANDS,MA,2461,M,N,50000,5.3,0,7150,0
856,17096,Thuy,Wuytack,F,978,710-9237,CHICOPEE,MA,1021,S,N,45000,5.3,3575,0,0
857,17108,Yasufumi,Codenie,F,939,390-3268,CcIDRA,PR,739,S,Y,95000,0.0,s0,0,0
858,17140,Enno,Nauman,lF,787,565-9855,ANGELES,PR,611,S,N,80000,0.0,0,0,0
859,17147,Agatha,Fritzsche,M,401,351-3068,ALBION,RI,2802,M,N,95000,0.0,0,0,0
860,17148,Irina,Aso,M,774,415-7036,BOSTON,MA,2123,S,N,85000,5.3,3575,0,0
861,17168,Xiaopeng,Takeoka,M,787,748-3625,CASANER,PR,631,S,Y,25000,0.0,0,0,0
862,17185,Dainis,Hirsbrunner,F,401,674-7777,FISKEVILLE,RI,2823,S,N,70000,0.0,0,0,0
863,17212,Hillel,Poupard,F,787,493-1965,ARECIBO,PR,614,M,Y,70000,0.0,0,0,0
864,17272,Madjid,Bracher,M,401,139-9427,EXETER,RI,2822,M,N,15000,0.0,0,0,0
865,17279,Mojgan,Vinter,M,978,144-1658,WESTFIELD,MA,1085,M,Y,85000,5.3,0,7150,1000
866,17313,Hyeyoung,Himmeroder,F,401,776-6912,FISKEVILLE,RI,2823,S,Y,85000,0.0,0,0,0
867,17318,Loring,Merzbacher,F,401,830-7162,PAWTUCKET,RI,2860,M,Y,55000,0.0,0,0,0
868,17322,Libero,Livingston,M,0,911-3600,ROOSEVELT ROADS,PR,0,S,N,65000,0.0,0,0,0
869,17348,Candido,Jesty,F,787,556-9078,CULEBRA,PR,775,M,N,5000,0.0,0,0,0
870,17352,Hovav,Pitchumani,M,787,588-7745,CbAROLINA,PR,981,M,N,90000,0.0,0,0,e0
871,17360,Yongfei,Norigoe,M,339,505-2807,COTUIT,MA,2635,S,Y,55000,5.3,3575,0,1000
872,17384,Walcelio,Pietra,F,939,432-5542,SAN JUAN,PR,911,S,N,75000,0.0,0,0,z0
873,17418,Lorcan,Ramaswamy,F,0,878-2282,ACYEY,PR,0,0,Y,65000,0.0,0,empty,0
874,17472,Terje,Grass,M,787,929-4056,SAN JUAN,PR,910,M,N,15000,0.0,0,0,0
875,17491,Wafi,Prevel,M,787,433-3545,CIALS,PR,0,S,N,50000,0.0,0,0,0
876,17496,Gus,Fayyad,M,939,416-2785,AIBONITO,PR,705,S,Y,60000,0.0,0,0,0
877,17516,Rajib,Lieflander,F,787,315-9008,UTUADO,PR,641,S,Y,80000,0.0,0,0,0
878,17567,Heiki,Graft,F,781,273-8864,STURBRIDGE,MA,1566,S,Y,20000,5.3,3575,0,1000
879,17628,Vladan,Kalorkoti,M,787,834-9740,empty,PR,958,M,N,75000,0.0,0,0,0
880,17637,Tung,Niccum,F,401,739-2036,NEWPORT,RI,2841,S,Y,70000,0.0,0,0,0
881,17643,Hiroshige,Brennan,M,401,672-1918,CENTRAL ALLS,RI,2863,S,Y,80000,0.0,0,0,0
882,17645,Brigitte,Anquetil,F,351,441-3668,SHERBORN,MA,1770,S,Y,35000,5.3,3575,0,1000
883,17647,Yardena,Gool,M,401,273-4030,KENYON,RI,2836,S,Y,80000,0.0,0,0,0
884,17664,Tilo,Hoopen,F,351,865-8600,BOSTON,MA,2207,M,N,55000,5.3,0,7150,0
885,17666,Basem,Carla,F,939,235-9782,AGUAS BUENAS,PR,703,S,N,95000,0.0,0,0,0
886,17680,Ernest,Luckhardt,M,978,503-3366,BOSTON,MA,2222,S,Y,90000,5.3,3575,0,1000
887,17728,Line,Gracia,F,401,257-2406,NEWPORT,RI,2840,M,Y,45000,0.0,0,0,0
888,17751,Juei,Hiyoshi,M,857,348-1317,BOSTON,MA,2199,S,N,55000,5.3,3575,0,0
889,17758,Duong,Avritzer,F,413,861-5416,HINGHAM,MA,2043,M,Y,20000,5.3,0,7150,1000
890,17787,Rokia,Wohlfarth,F,978,885-1658,BERNARDSTON,MA,1337,S,N,60000,5.3,3575,0,0
891,17792,Tapan,Blaine,M,401,351-8532,NORTH KINGSTOWN,RI,2852,M,N,95000,0.0,0,0,0
892,17795,Vishu,Murtha,M,978,682-9931,SOMERVILLE,MA,2145,S,N,95000,5.3,3575,0,0
893,17801,Teofilo,Albuquerque,F,401,836-4297,PAWTUCKET,RI,2861,S,N,10000,0.0,0,0,0
894,17818,Bozhidar,Landram,F,787,300-8425,CbAROLINA,PR,981,M,Y,35000,0.0,0,0,0
895,17894,Arunabha,Hodge,F,617,306-1119,GROVELAND,MA,1834,M,N,65000,5.3,0,7150,0
896,17948,Ung,Metze,F,401,372-4909,PORTSMOUTH,RI,0,0,N,5000,0.0,0,empty,0
897,17951,Jianhui,Schattler,F,787,881-6429,CAROLINgA,PR,0,M,N,85000,0.0,0,0,i0
898,17966,Mohamad,Praeger,F,781,967-1581,AVON,MA,2322,S,Y,95000,5.3,3575,0,1000
899,18033,Konstantinos,Grant,M,401,324-8266,BRADFORD,RI,2808,M,Y,20000,0.0,0,0,0
900,18034,Abdelillah,Thomson,M,508,801-4641,NORTH ATTLEBORO,MA,2761,M,N,85000,5.3,0,7150,0
901,18113,Katsumi,Castangia,F,401,497-9538,GREENVILLE,RI,2828,M,Y,50000,0.0,0,0,0
902,18127,Gurushankar,Speirs,F,787,569-2990,ANGELES,PR,611,M,Y,70000,0.0,0,0,0
903,18159,Raghunandan,Sandak,F,508,574-1172,empty,MA,1614,M,N,95000,5.3,0,7150,0
904,18190,Svetozara,Brunt,F,939,510-4312,SAN JUAN,PR,917,M,N,85000,0.0,empty,0,0
905,18218,Moss,Crvenkovic,M,939,883-2401,AGUADILLA,PR,605,S,Y,65000,0.0,0,0,0
906,18252,Barradas,Prangrle,F,401,703-4866,BRADFORD,RI,2808,M,Y,40000,0.0,0,0,0
907,18280,Janyce,Carro,M,0,670-8471,CENTRAL ALLS,RI,0,M,Y,15000,0.0,0,0,0
908,18350,Alastair,Aboutabl,M,339,996-6738,JAMAICA PLAIN,MA,2130,S,Y,95000,5.3,3575,0,1000
909,18368,Joelle,Brakmo,F,413,252-7207,BUZZARDS BAY,MA,2542,S,N,90000,5.3,3575,0,0
910,18373,Bulent,Rapps,F,617,244-7292,WOBURN,MA,1807,S,Y,80000,5.3,3575,q0,1000
911,18378,Tibor,Zuberek,M,939,580-8977,NAGUABO,PR,718,S,Y,15000,0.0,0,0,0
912,18379,Victoria,Can,F,0,536-9060,JUANA DIAZ,PR,0,M,N,100000,0.0,0,0,0
913,18400,Sanping,Romijn,F,787,927-7359,HORMIGUEROS,PR,660,S,Y,90000,0.0,0,0,0
914,18430,Aki,Antonakopoulos,M,401,222-7743,MIDDLETOWN,RI,2842,M,Y,20000,0.0,0,empty,0
915,18437,Felicja,Olivi,M,939,908-7508,SAN JUAN,PR,0,S,N,95000,0.0,0,0,0
916,18450,Jingwen,Mancey,M,781,710-4049,REHOBOTH,MA,2769,S,N,80000,5.3,3575,0,0
917,18451,Kewal,Bodwin,M,0,247-3048,CAEYY,PR,0,M,N,20000,0.0,0,0,0
918,18456,Mihir,Salmon,M,508,828-7429,WRENTHAM,MA,2093,S,N,65000,5.3,3575,0,0
919,18460,Renny,Sloman,M,401,140-6201,MANVILLE,RI,2838,M,N,35000,0.0,0,0,0
920,18495,Sosuke,Reisfelder,F,401,867-9025,FORESTDALE,RI,2824,M,Y,75000,0.0,0,0,0
921,18501,Ulrike,Sylor,M,787,286-7226,ROOSEVELT ROADS,PR,742,S,Y,30000,0.0,0,0,0
922,18539,Xubo,Jungen,M,787,588-7866,SAN JUAN,PR,927,S,N,60000,0.0,0,0,a0
923,18564,Evangelos,Sutre,M,0,906-6824,MONUMENT BEACH,MA,2553,M,N,60000,5.3,0,7150,0
924,18583,Evelina,Ochimizu,M,939,868-3689,CIALS,PR,638,S,N,30000,0.0,0,0,0
925,18584,Kunihito,Carrington,M,401,154-4520,NEWPORT,RI,2840,S,Y,25000,0.0,0,0,0
926,18587,Houria,Guha,M,401,735-7050,PORTSMOUTH,RI,2871,M,Y,65000,0.0,0,0,0
927,18603,Sungkil,Ruamviboonsuk,M,939,574-7776,ADJUNTAS,PR,601,M,N,20000,0.0,0,0,0
928,18606,Asawaree,Cannell,F,939,417-1646,SAN JUAN,PR,922,M,N,45000,0.0,0,empty,0
929,18639,Hongwei,Hembry,M,939,674-2984,BAYAMON,PR,960,S,N,10000,0.0,0,0,0
930,18650,LouAnn,Gove,M,774,223-1723,FORESTDALE,MA,2644,S,Y,15000,5.3,3575,0,1000
931,18665,Aamer,Dilger,F,401,308-2105,LITTLE COMPTON,RI,2837,S,Y,10000,0.0,0,0,0
932,18677,Manindra,Beaucoudrey,M,401,265-3424,COVENTRY,RI,2816,S,N,35000,0.0,0,0,0
933,18696,Anirvan,Komosinski,M,939,245-6203,SAN JUAN,PR,915,M,N,60000,0.0,0,0,0
934,18698,Goetz,Bouaziz,M,508,757-8713,MANOMET,MA,2345,S,N,40000,5.3,3575,0,0
935,18717,Rephael,Donald,F,939,839-7584,SAN ANTONIO,PR,690,S,Y,85000,0.0,0,0,0
936,18734,Traugot,Andrzejak,M,939,448-8004,GURABO,PR,778,M,N,80000,0.0,0,0,0
937,18748,Rusong,Banach,M,857,194-1995,UXBRIDGE,MA,1569,M,Y,20000,5.3,0,7150,1000
938,18771,Rochel,Hoogendoorn,M,401,713-3256,COVENTRY,RI,0,0,Y,55000,0.0,e0,0,0
939,18772,Clelia,Olveszky,F,787,873-6553,vCAROLINA,PR,987,M,Y,35000,0.0,0,0,0
940,18796,Mariano,Tatsiopoulos,M,939,686-6613,PONCE,PR,730,S,Y,40000,0.0,0,0,0
941,18800,Hon,Garigliano,F,978,962-7222,DIGHTON,MA,2715,S,N,90000,5.3,3575,0,0
942,18802,Joergen,Starr,M,401,784-7705,NORTH KINGSTOWN,RI,2854,S,N,85000,0.0,0,0,0
943,18847,Carroll,Luttermann,F,413,439-1372,SPRINGFIELD,MA,1115,M,Y,45000,5.3,0,7150,100j0
944,18901,Mosur,Lessing,M,401,918-9698,ADAMSVILLE,RI,2801,M,Y,30000,0.0,0,0,0
945,18908,Sunghyun,Sembok,F,339,927-9886,LAWRENCE,MA,1843,S,Y,45000,5.3,3575,0,1000
946,18981,Tokinori,Syrzycki,F,401,877-9162,ACROLINA,RI,0,S,N,75000,0.0,0,0,0
947,18982,Hosam,Kerr,F,787,231-4154,GUAYAMA,PR,785,M,N,80000,0.0,0,0,0
948,18984,Jefferson,Cotofrei,F,401,715-1125,MANVILLE,RI,2838,S,Y,40000,0.0,0,0,0
949,18985,Lazaros,Cazalens,M,939,833-8570,CIALS,PR,638,S,N,65000,0.0,0,0,0
950,19028,Tridas,Ardizzone,F,0,738-9112,GURABO,PR,0,M,Y,40000,0.0,0,0,0
951,19048,Basil,Pinho,M,787,100-7731,SAN JUAN,PR,919,M,Y,50000,0.0,0,0,0
952,19058,Zhilian,Cappelli,M,939,335-4968,AGUADILLA,PR,0,M,N,80000,0.0,0,0,0
953,19066,Grigoris,Hadfield,F,787,803-3143,MOCA,PR,676,S,N,15000,0.0,0,0,0
954,19088,Douadi,Bartell,F,401,977-9038,CUMBERLAND,RI,2864,M,N,20000,0.0,0,0,0
955,19099,Colleen,Oxman,M,787,728-5444,SALINAS,PR,751,S,Y,50000,0.0,0,0,0
956,19128,Jarno,Thoben,F,0,824-6350,ATTLEBORO FALLS,MA,2763,S,Y,80000,5.3,3575,0,1000
957,19139,Leen,Goldsman,M,978,211-4838,DORCHESTER,MA,2121,M,N,15000,5.3,0,7150,0
958,19150,Sophie,Slyke,F,508,257-7462,WAYLAND,MA,1778,M,N,100000,5.3,0,7150,0
959,19168,Suzan,Kopecky,F,339,571-8343,WHITINSVILLE,MA,1588,S,N,5000,5.3,3575,0,0
960,19202,Hakjong,Murillo,F,401,660-2600,FORESTDALE,RI,2824,S,Y,55000,0.0,0,0,0
961,19233,Yuyan,Schach,M,939,772-2750,LARES,PR,669,S,N,80000,0.0,0,0,0
962,19235,Sungwon,Streett,F,857,928-8485,SOUTH YARMOUTH,MA,2664,S,N,90000,5.3,3575,0,0
963,19256,Thodoros,Glenstrup,M,787,410-2141,LARES,PR,669,S,Y,75000,0.0,0,0,0
964,19262,Onn,Cater,M,939,497-6985,JAYUYA,PR,664,S,Y,55000,0.0,0,0,0
965,19294,Pramod,Borgstrom,M,781,529-2712,SOUTH DENNIS,MA,2660,S,N,85000,5.3,3575,0,0
966,19337,Abbas,Belleghem,F,939,863-4000,FAJARDO,PR,738,S,N,10000,0.0,0,0,0
967,19338,Galina,Priest,M,939,209-2597,MAYAGUEZ,PR,682,M,N,10000,0.0,0,0,0
968,19350,Guna,Rodite,M,781,231-9710,LUDLOW,MA,1056,S,Y,80000,5.3,3575,0,0100
969,19362,Dany,Dam,M,401,546-4708,MIDDLETOWN,RI,0,S,Y,55000,0.0,0,0,0
970,19421,Savi,Kara,F,939,122-9250,JUNCOS,PR,777,S,Y,5000,0.0,0,0,0
971,19425,Aarno,Roccetti,M,0,545-5987,FRANKLIN,MA,2038,S,Y,80000,5.3,3575,0,1000
972,19449,Zvezdan,Glockner,M,401,443-4042,HARRISVILLE,RI,2830,M,N,90000,0.0,0,0,0
973,19466,Sumitaka,Mikitiuk,M,939,757-1607,FAJARDO,PR,738,M,Y,95000,0.0,0,0,0
974,19479,Yulan,Heijes,M,939,606-1620,PONCE,PR,730,M,N,10000,0.0,0,0,0
975,19494,Kyuchul,Bassiouni,F,339,645-1680,PITTSFIELD,MA,1203,M,Y,100000,5.3,empty,7150,1000
976,19531,Kouhei,Onizuka,M,787,845-3352,MERCEDITA,PR,715,M,Y,20000,0.0,0,0,0
977,19592,Shyamsundar,Buhler,M,508,440-6646,MAYNARD,MA,1754,S,Y,60000,5.3,3575,0,1000
978,19610,Iztok,Keim,M,857,671-9439,GROTON,MA,1470,S,N,5000,5.3,3575,0,0
979,19644,Marisela,Bergler,M,787,495-9430,CAMUY,PR,627,M,N,35000,0.0,0,0,0
980,19658,Evaggelia,Vingron,***,401,722-6221,CENTRAL ALLS,RI,2863,S,Y,55000,0.0,0,0,0
981,19668,Junsheng,Lanneluc,F,939,490-4036,PUNTA SANTIAGO,PR,741,M,Y,75000,0.0,0,0,0
982,19698,Brajesh,Rein,F,401,512-3813,HARMONY,RI,2829,M,N,80000,0.0,0,0,0
983,19712,Conrado,Ranka,kF,787,374-6509,GURABO,PR,778,S,Y,100000,0.0,0,empty,0
984,19714,Moses,Beke,M,939,348-9325,COROZAL,PR,783,M,Y,90000,0.0,0,0,0
985,19733,Ellis,Schwaller,qF,939,502-6059,vCAROLINA,PR,0,0,Y,30000,0.0,0,***,0
986,19734,Zoe,Ruhleder,M,774,800-4975,SHARON,MA,2067,M,N,45000,5.3,0,7150,0
987,19740,Akiharu,Ebcioglu,F,401,246-4896,CUMBERLAND,RI,2864,M,N,80000,0.0,0,0,0
988,19741,Kazuhide,Kriegman,F,401,690-4171,FISKEVILLE,RI,2823,S,N,95000,0.0,0,0,0
989,19764,Rachel,Nekvinda,M,787,852-3504,AGUIRRE,PR,704,S,N,5000,0.0,0,0,0
990,19824,Heiki,Krinik,F,939,581-5429,AGUADILLA,PR,604,M,N,65000,0.0,0,0,0
991,19834,Mohammad,Loganantharaj,F,401,358-9479,PASCOAG,RI,2859,S,Y,65000,0.0,0,0,0
992,19843,Baktha,Felgentreu,F,401,375-6309,CUMBERLAND,RI,2864,M,Y,90000,0.0,0,0,0
993,19855,Mia,Sweldens,M,939,807-8284,CAGUAS,PR,725,M,N,100000,0.0,0,0,0
994,19864,Miyako,Zador,F,978,401-1980,SOUTHBOROUGH,MA,1772,S,Y,65000,5.3,3575,0,1000
995,19887,James,Desanctis,M,787,432-8120,JUNCOS,PR,777,M,N,65000,0.0,0,0,0
996,19895,Chuan,Bakhtiari,M,939,329-4077,TOA BAJA,PR,950,S,Y,90000,0.0,0,0,0
997,19923,Marc,Dullea,M,939,420-6016,SABANA GRANDE,PR,637,M,Y,90000,0.0,0,0,0
998,19933,Hoa,Nauman,F,508,255-7090,ANDOVER,MA,1810,M,N,35000,5.3,0,7150,0
999,19952,Harjit,Limaye,***,939,279-4152,BAYAMON,PR,959,M,N,25000,0.0,0,0,b0
1000,19986,Heidi,Manolakos,F,939,107-9225,MANATI,PR,674,M,Y,5000,0.0,0,0,0
