Attribute,Index,Clean Value,Cleaned Value
sched_dep_time,87,12:00 AM,12:00 PM
sched_dep_time,187,12:00 AM,12:00 PM
sched_dep_time,282,12:00 AM,12:00 PM
sched_dep_time,374,12:00 AM,12:00 PM
sched_dep_time,474,12:00 AM,12:00 PM
sched_dep_time,573,12:00 AM,12:00 PM
sched_dep_time,666,12:00 AM,12:00 PM
sched_dep_time,848,12:00 AM,12:00 PM
sched_dep_time,1019,12:00 AM,12:00 PM
sched_dep_time,1107,12:00 AM,12:00 PM
sched_dep_time,1188,12:00 AM,12:00 PM
sched_dep_time,1260,12:00 AM,12:00 PM
sched_dep_time,1360,12:00 AM,12:00 PM
sched_dep_time,1524,12:00 AM,12:00 PM
sched_dep_time,1608,12:00 AM,12:00 PM
sched_dep_time,1685,12:00 AM,12:00 PM
sched_dep_time,1735,12:00 AM,12:00 PM
sched_dep_time,1795,12:00 AM,12:00 PM
sched_dep_time,1894,12:00 AM,12:00 PM
sched_dep_time,1987,12:00 AM,12:00 PM
sched_dep_time,2087,12:00 AM,12:00 PM
sched_dep_time,2192,12:00 AM,12:00 PM
sched_dep_time,2279,12:00 AM,12:00 PM
sched_dep_time,2343,12:00 AM,12:00 PM
act_dep_time,1,07:16 AM,07:02 AM
act_dep_time,3,06:30 PM,empty
act_dep_time,4,06:54 AM,06:40 AM
act_dep_time,6,11:25 PM,11:58 PM
act_dep_time,7,07:25 AM,07:04 AM
act_dep_time,10,06:08 AM,05:58 AM
act_dep_time,11,10:55 AM,10:42 AM
act_dep_time,15,02:04 PM,01:48 PM
act_dep_time,16,10:10 AM,08:52 AM
act_dep_time,19,06:57 AM,06:41 AM
act_dep_time,21,11:05 AM,10:46 AM
act_dep_time,23,07:21 AM,07:08 AM
act_dep_time,26,06:56 AM,05:59 AM
act_dep_time,30,11:01 AM,10:47 AM
act_dep_time,32,11:55 PM,empty
act_dep_time,33,09:00 PM,empty
act_dep_time,34,08:25 PM,empty
act_dep_time,36,08:51 AM,08:52 AM
act_dep_time,37,01:30 PM,empty
act_dep_time,40,03:27 PM,03:28 PM
act_dep_time,41,07:22 AM,07:08 AM
act_dep_time,44,08:56 AM,08:32 AM
act_dep_time,45,03:36 PM,03:38 PM
act_dep_time,46,11:40 AM,11:20 AM
act_dep_time,47,04:12 PM,04:00 PM
act_dep_time,50,07:39 AM,07:14 AM
act_dep_time,51,07:16 AM,07:02 AM
act_dep_time,52,07:14 PM,07:41 PM
act_dep_time,53,06:54 AM,06:40 AM
act_dep_time,54,08:29 AM,08:48 AM
act_dep_time,57,03:27 PM,03:28 PM
act_dep_time,59,11:40 AM,11:41 AM
act_dep_time,60,10:33 AM,10:53 AM
act_dep_time,61,11:25 PM,11:58 PM
act_dep_time,63,12:41 AM,12:57 AM
act_dep_time,65,07:29 AM,empty
act_dep_time,66,10:19 AM,empty
act_dep_time,67,10:10 AM,10:11 AM
act_dep_time,68,08:12 AM,08:26 AM
act_dep_time,69,07:25 AM,07:04 AM
act_dep_time,71,10:55 AM,10:42 AM
act_dep_time,74,02:55 PM,03:04 PM
act_dep_time,75,12:12 PM,12:13 PM
act_dep_time,76,11:56 AM,12:05 PM
act_dep_time,77,06:08 AM,05:58 AM
act_dep_time,78,11:30 AM,11:45 AM
act_dep_time,79,06:02 AM,empty
act_dep_time,81,10:18 AM,10:19 AM
act_dep_time,82,02:04 PM,01:48 PM
act_dep_time,83,07:49 AM,08:07 AM
act_dep_time,84,12:35 PM,12:55 PM
act_dep_time,85,12:13 PM,12:14 PM
act_dep_time,86,02:26 PM,02:43 PM
act_dep_time,88,05:22 PM,empty
act_dep_time,90,11:05 AM,10:46 AM
act_dep_time,92,03:36 PM,empty
act_dep_time,93,07:21 AM,07:08 AM
act_dep_time,94,06:30 PM,06:47 PM
act_dep_time,95,06:55 PM,06:56 PM
act_dep_time,98,02:10 PM,02:04 PM
act_dep_time,99,09:14 AM,09:56 AM
act_dep_time,100,06:56 AM,05:59 AM
act_dep_time,101,07:30 AM,07:31 AM
act_dep_time,102,05:08 PM,05:09 PM
act_dep_time,105,04:15 PM,04:37 PM
act_dep_time,107,10:20 AM,empty
act_dep_time,108,07:05 AM,07:30 AM
act_dep_time,109,11:01 AM,10:47 AM
act_dep_time,110,01:31 PM,01:48 PM
act_dep_time,111,12:41 PM,12:42 PM
act_dep_time,113,11:55 PM,12:11 AM
act_dep_time,114,04:25 PM,04:28 PM
act_dep_time,115,09:00 PM,09:06 PM
act_dep_time,116,08:25 PM,08:29 PM
act_dep_time,117,07:22 AM,07:23 AM
act_dep_time,118,08:51 AM,08:52 AM
act_dep_time,119,08:26 AM,08:35 AM
act_dep_time,120,01:30 PM,01:41 PM
act_dep_time,121,03:01 PM,empty
act_dep_time,122,07:27 AM,07:41 AM
act_dep_time,123,11:08 PM,empty
act_dep_time,125,01:32 PM,1:50 PM (+8:00)
act_dep_time,126,11:15 AM,11:47 AM
act_dep_time,127,08:39 PM,08:40 PM
act_dep_time,128,02:55 PM,03:04 PM
act_dep_time,132,03:27 PM,03:28 PM
act_dep_time,134,12:10 PM,12:11 PM
act_dep_time,137,01:19 PM,01:20 PM
act_dep_time,138,08:56 AM,08:32 AM
act_dep_time,139,03:36 PM,03:38 PM
act_dep_time,143,03:31 PM,03:28 PM
act_dep_time,145,10:54 AM,10:55 AM
act_dep_time,146,06:57 AM,06:58 AM
act_dep_time,147,03:58 PM,04:00 PM
act_dep_time,148,06:10 AM,06:11 AM
act_dep_time,149,07:39 AM,07:14 AM
act_dep_time,150,07:31 AM,07:32 AM
act_dep_time,151,07:16 AM,07:02 AM
act_dep_time,152,07:14 PM,07:41 PM
act_dep_time,153,06:54 AM,06:40 AM
act_dep_time,154,08:29 AM,08:49 AM
act_dep_time,158,03:27 PM,03:28 PM
act_dep_time,160,10:33 AM,10:53 AM
act_dep_time,161,11:25 PM,11:58 PM
act_dep_time,163,12:41 AM,12:57 AM
act_dep_time,165,07:29 AM,07:56 AM
act_dep_time,166,10:19 AM,10:35 AM
act_dep_time,167,10:10 AM,08:52 AM
act_dep_time,168,08:12 AM,08:26 AM
act_dep_time,169,07:25 AM,07:04 AM
act_dep_time,170,04:29 PM,04:30 PM
act_dep_time,171,10:55 AM,10:42 AM
act_dep_time,173,08:00 AM,08:18 AM
act_dep_time,174,02:55 PM,03:04 PM
act_dep_time,175,12:12 PM,12:13 PM
act_dep_time,176,11:56 AM,12:05 PM
act_dep_time,177,06:08 AM,05:58 AM
act_dep_time,178,11:30 AM,11:45 AM
act_dep_time,179,06:02 AM,06:17 AM
act_dep_time,181,10:18 AM,10:19 AM
act_dep_time,182,02:04 PM,01:48 PM
act_dep_time,183,07:49 AM,08:07 AM
act_dep_time,184,12:35 PM,12:55 PM
act_dep_time,185,12:13 PM,12:14 PM
act_dep_time,186,02:26 PM,02:43 PM
act_dep_time,188,05:22 PM,05:38 PM
act_dep_time,190,11:05 AM,10:46 AM
act_dep_time,193,07:21 AM,07:08 AM
act_dep_time,194,06:30 PM,Not Available
act_dep_time,195,06:55 PM,06:56 PM
act_dep_time,197,02:10 PM,02:38 PM
act_dep_time,198,09:14 AM,09:56 AM
act_dep_time,199,06:56 AM,05:59 AM
act_dep_time,200,07:30 AM,07:31 AM
act_dep_time,201,05:08 PM,05:09 PM
act_dep_time,203,04:15 PM,04:37 PM
act_dep_time,205,10:20 AM,10:37 AM
act_dep_time,206,07:05 AM,07:31 AM
act_dep_time,207,11:01 AM,10:47 AM
act_dep_time,208,01:31 PM,01:48 PM
act_dep_time,209,12:41 PM,12:42 PM
act_dep_time,210,01:48 PM,02:01 PM
act_dep_time,211,11:55 PM,empty
act_dep_time,213,09:00 PM,Not Available
act_dep_time,214,08:25 PM,Not Available
act_dep_time,215,07:22 AM,07:23 AM
act_dep_time,216,08:51 AM,08:52 AM
act_dep_time,217,08:26 AM,08:35 AM
act_dep_time,218,01:30 PM,Not Available
act_dep_time,219,03:01 PM,03:17 PM
act_dep_time,220,07:27 AM,07:41 AM
act_dep_time,221,11:08 PM,empty
act_dep_time,223,01:32 PM,12:45 AM
act_dep_time,224,11:15 AM,11:47 AM
act_dep_time,225,08:39 PM,08:40 PM
act_dep_time,226,02:55 PM,03:04 PM
act_dep_time,230,03:27 PM,03:28 PM
act_dep_time,231,07:22 AM,07:08 AM
act_dep_time,232,12:10 PM,12:11 PM
act_dep_time,235,01:19 PM,01:20 PM
act_dep_time,236,08:56 AM,08:32 AM
act_dep_time,237,03:36 PM,03:38 PM
act_dep_time,239,11:40 AM,11:41 AM
act_dep_time,240,04:12 PM,04:00 PM
act_dep_time,243,03:31 PM,04:02 PM
act_dep_time,245,10:54 AM,10:55 AM
act_dep_time,246,06:57 AM,06:41 AM
act_dep_time,247,03:58 PM,04:00 PM
act_dep_time,248,06:10 AM,06:11 AM
act_dep_time,249,07:39 AM,07:14 AM
act_dep_time,250,07:31 AM,07:32 AM
act_dep_time,251,07:16 AM,07:02 AM
act_dep_time,252,06:54 AM,06:40 AM
act_dep_time,253,08:29 AM,08:49 AM
act_dep_time,256,06:30 PM,06:56 PM
act_dep_time,257,03:27 PM,03:28 PM
act_dep_time,259,11:40 AM,11:20 AM
act_dep_time,260,10:33 AM,empty
act_dep_time,261,11:25 PM,11:58 PM
act_dep_time,263,12:41 PM,empty
act_dep_time,265,10:19 AM,empty
act_dep_time,266,07:25 AM,07:04 AM
act_dep_time,268,04:29 PM,empty
act_dep_time,270,12:12 PM,empty
act_dep_time,271,06:08 AM,05:58 AM
act_dep_time,272,11:30 AM,empty
act_dep_time,273,06:02 AM,empty
act_dep_time,275,10:55 AM,10:42 AM
act_dep_time,276,10:18 AM,10:19 AM
act_dep_time,278,02:04 PM,01:48 PM
act_dep_time,279,12:41 AM,12:57 AM
act_dep_time,280,10:10 AM,08:52 AM
act_dep_time,281,12:13 PM,empty
act_dep_time,285,11:05 AM,10:46 AM
act_dep_time,286,07:21 AM,07:08 AM
act_dep_time,288,06:55 PM,empty
act_dep_time,291,02:10 PM,empty
act_dep_time,292,09:14 AM,09:56 AM
act_dep_time,293,06:56 AM,05:59 AM
act_dep_time,294,07:30 AM,07:31 AM
act_dep_time,296,04:15 PM,empty
act_dep_time,298,10:20 AM,empty
act_dep_time,299,07:05 AM,empty
act_dep_time,300,11:01 AM,10:47 AM
act_dep_time,301,01:31 PM,01:48 PM
act_dep_time,302,11:55 PM,12:11 AM
act_dep_time,304,09:00 PM,empty
act_dep_time,305,08:25 PM,08:44 PM
act_dep_time,306,07:22 AM,07:23 AM
act_dep_time,307,08:51 AM,08:52 AM
act_dep_time,308,02:26 PM,empty
act_dep_time,309,08:26 AM,08:35 AM
act_dep_time,310,01:30 PM,empty
act_dep_time,311,03:01 PM,empty
act_dep_time,312,07:27 AM,empty
act_dep_time,313,01:32 PM,empty
act_dep_time,314,11:15 AM,empty
act_dep_time,315,08:39 PM,empty
act_dep_time,316,02:55 PM,03:28 PM
act_dep_time,318,02:44 PM,empty
act_dep_time,319,03:27 PM,03:28 PM
act_dep_time,320,07:22 AM,07:08 AM
act_dep_time,321,02:55 PM,03:28 PM
act_dep_time,322,12:10 PM,empty
act_dep_time,325,01:19 PM,01:20 PM
act_dep_time,326,07:49 AM,08:07 AM
act_dep_time,327,08:56 AM,08:32 AM
act_dep_time,328,03:36 PM,03:38 PM
act_dep_time,329,04:12 PM,04:00 PM
act_dep_time,330,03:31 PM,03:28 PM
act_dep_time,331,11:55 AM,empty
act_dep_time,332,10:54 AM,empty
act_dep_time,333,06:57 AM,06:41 AM
act_dep_time,334,03:58 PM,04:00 PM
act_dep_time,335,06:10 AM,empty
act_dep_time,336,07:39 AM,07:14 AM
act_dep_time,337,07:31 AM,empty
act_dep_time,338,07:16 AM,07:02 AM
act_dep_time,339,07:14 PM,07:41 PM
act_dep_time,340,06:54 AM,06:40 AM
act_dep_time,341,08:29 AM,08:48 AM
act_dep_time,344,03:27 PM,03:28 PM
act_dep_time,346,11:40 AM,11:41 AM
act_dep_time,347,10:33 AM,10:53 AM
act_dep_time,348,11:25 PM,11:58 PM
act_dep_time,350,12:41 AM,12:57 AM
act_dep_time,352,07:29 AM,empty
act_dep_time,353,10:19 AM,empty
act_dep_time,354,10:10 AM,10:11 AM
act_dep_time,355,08:12 AM,08:26 AM
act_dep_time,356,07:25 AM,07:04 AM
act_dep_time,358,10:55 AM,10:42 AM
act_dep_time,361,02:55 PM,03:04 PM
act_dep_time,362,12:12 PM,12:13 PM
act_dep_time,363,11:56 AM,12:05 PM
act_dep_time,364,06:08 AM,05:58 AM
act_dep_time,365,11:30 AM,11:45 AM
act_dep_time,366,06:02 AM,empty
act_dep_time,368,10:18 AM,10:19 AM
act_dep_time,369,02:04 PM,01:48 PM
act_dep_time,370,07:49 AM,08:07 AM
act_dep_time,371,12:35 PM,12:55 PM
act_dep_time,372,12:13 PM,12:14 PM
act_dep_time,373,02:26 PM,02:43 PM
act_dep_time,375,05:22 PM,empty
act_dep_time,377,11:05 AM,10:46 AM
act_dep_time,379,03:36 PM,empty
act_dep_time,380,07:21 AM,07:08 AM
act_dep_time,381,06:30 PM,06:47 PM
act_dep_time,382,06:55 PM,06:56 PM
act_dep_time,385,02:10 PM,02:04 PM
act_dep_time,386,09:14 AM,09:56 AM
act_dep_time,387,06:56 AM,05:59 AM
act_dep_time,388,07:30 AM,07:31 AM
act_dep_time,389,05:08 PM,05:09 PM
act_dep_time,392,04:15 PM,04:37 PM
act_dep_time,394,10:20 AM,empty
act_dep_time,395,07:05 AM,07:30 AM
act_dep_time,396,11:01 AM,10:47 AM
act_dep_time,397,01:31 PM,01:48 PM
act_dep_time,398,12:41 PM,12:42 PM
act_dep_time,400,11:55 PM,12:11 AM
act_dep_time,401,04:25 PM,04:28 PM
act_dep_time,402,09:00 PM,09:06 PM
act_dep_time,403,08:25 PM,08:29 PM
act_dep_time,404,07:22 AM,07:23 AM
act_dep_time,405,08:51 AM,08:52 AM
act_dep_time,406,08:26 AM,08:35 AM
act_dep_time,407,01:30 PM,01:41 PM
act_dep_time,408,03:01 PM,empty
act_dep_time,409,07:27 AM,07:41 AM
act_dep_time,410,11:08 PM,empty
act_dep_time,412,01:32 PM,1:50 PM (+8:00)
act_dep_time,413,11:15 AM,11:47 AM
act_dep_time,414,08:39 PM,08:40 PM
act_dep_time,415,02:55 PM,03:04 PM
act_dep_time,419,03:27 PM,03:28 PM
act_dep_time,421,12:10 PM,12:11 PM
act_dep_time,424,01:19 PM,01:20 PM
act_dep_time,425,08:56 AM,08:32 AM
act_dep_time,426,03:36 PM,03:38 PM
act_dep_time,430,03:31 PM,03:28 PM
act_dep_time,432,10:54 AM,10:55 AM
act_dep_time,434,03:58 PM,04:00 PM
act_dep_time,435,06:10 AM,06:11 AM
act_dep_time,436,07:39 AM,07:14 AM
act_dep_time,437,07:31 AM,07:32 AM
act_dep_time,438,07:16 AM,07:02 AM
act_dep_time,439,07:14 PM,07:41 PM
act_dep_time,440,06:54 AM,06:40 AM
act_dep_time,441,08:29 AM,08:49 AM
act_dep_time,445,03:27 PM,03:28 PM
act_dep_time,447,10:33 AM,10:53 AM
act_dep_time,448,11:25 PM,11:58 PM
act_dep_time,450,12:41 AM,12:57 AM
act_dep_time,452,07:29 AM,07:56 AM
act_dep_time,453,10:19 AM,10:35 AM
act_dep_time,454,10:10 AM,08:52 AM
act_dep_time,455,08:12 AM,08:26 AM
act_dep_time,456,07:25 AM,07:04 AM
act_dep_time,457,04:29 PM,04:30 PM
act_dep_time,458,10:55 AM,10:42 AM
act_dep_time,460,08:00 AM,08:18 AM
act_dep_time,461,02:55 PM,03:04 PM
act_dep_time,462,12:12 PM,12:13 PM
act_dep_time,463,11:56 AM,12:05 PM
act_dep_time,464,06:08 AM,05:58 AM
act_dep_time,465,11:30 AM,11:45 AM
act_dep_time,466,06:02 AM,06:17 AM
act_dep_time,468,10:18 AM,10:19 AM
act_dep_time,469,02:04 PM,01:48 PM
act_dep_time,470,07:49 AM,08:07 AM
act_dep_time,471,12:35 PM,12:55 PM
act_dep_time,472,12:13 PM,12:14 PM
act_dep_time,473,02:26 PM,02:43 PM
act_dep_time,475,05:22 PM,05:38 PM
act_dep_time,477,11:05 AM,10:46 AM
act_dep_time,480,07:21 AM,07:08 AM
act_dep_time,481,06:30 PM,empty
act_dep_time,482,06:55 PM,06:56 PM
act_dep_time,484,02:10 PM,02:38 PM
act_dep_time,485,09:14 AM,09:56 AM
act_dep_time,486,06:56 AM,05:59 AM
act_dep_time,487,07:30 AM,07:31 AM
act_dep_time,488,05:08 PM,05:09 PM
act_dep_time,490,04:15 PM,04:37 PM
act_dep_time,492,10:20 AM,10:37 AM
act_dep_time,493,07:05 AM,07:31 AM
act_dep_time,494,11:01 AM,10:47 AM
act_dep_time,495,01:31 PM,01:48 PM
act_dep_time,496,12:41 PM,12:42 PM
act_dep_time,497,01:48 PM,02:01 PM
act_dep_time,498,11:55 PM,empty
act_dep_time,500,09:00 PM,empty
act_dep_time,501,08:25 PM,empty
act_dep_time,502,07:22 AM,07:23 AM
act_dep_time,503,08:51 AM,08:52 AM
act_dep_time,504,08:26 AM,08:35 AM
act_dep_time,505,01:30 PM,empty
act_dep_time,506,03:01 PM,03:17 PM
act_dep_time,507,07:27 AM,07:41 AM
act_dep_time,508,11:08 PM,empty
act_dep_time,510,01:32 PM,01:45 PM
act_dep_time,511,11:15 AM,11:47 AM
act_dep_time,512,08:39 PM,08:40 PM
act_dep_time,513,02:55 PM,03:04 PM
act_dep_time,517,03:27 PM,03:28 PM
act_dep_time,518,07:22 AM,07:08 AM
act_dep_time,519,12:10 PM,12:11 PM
act_dep_time,522,01:19 PM,01:20 PM
act_dep_time,523,08:56 AM,08:32 AM
act_dep_time,524,03:36 PM,03:38 PM
act_dep_time,526,11:40 AM,11:41 AM
act_dep_time,527,04:12 PM,04:00 PM
act_dep_time,530,03:31 PM,04:02 PM
act_dep_time,532,10:54 AM,10:55 AM
act_dep_time,533,06:57 AM,06:41 AM
act_dep_time,534,03:58 PM,04:00 PM
act_dep_time,535,06:10 AM,06:11 AM
act_dep_time,536,07:39 AM,07:14 AM
act_dep_time,537,07:31 AM,07:32 AM
act_dep_time,538,07:16 AM,07:02 AM
act_dep_time,539,07:14 PM,07:41 PM
act_dep_time,540,06:54 AM,06:40 AM
act_dep_time,545,06:30 PM,6:47 PM (Estimated runway)
act_dep_time,546,03:27 PM,03:28 PM
act_dep_time,548,11:25 PM,11:58 PM
act_dep_time,550,12:41 AM,12:57 AM
act_dep_time,554,07:25 AM,07:04 AM
act_dep_time,557,10:10 AM,08:52 AM
act_dep_time,561,11:56 AM,12:05 PM
act_dep_time,562,06:08 AM,05:58 AM
act_dep_time,569,02:04 PM,01:48 PM
act_dep_time,570,06:57 AM,06:41 AM
act_dep_time,572,12:35 PM,12:55 PM
act_dep_time,576,11:05 AM,10:46 AM
act_dep_time,579,07:21 AM,07:08 AM
act_dep_time,585,09:14 AM,09:56 AM
act_dep_time,586,06:56 AM,05:59 AM
act_dep_time,594,07:05 AM,07:07 AM
act_dep_time,595,11:01 AM,10:47 AM
act_dep_time,596,01:31 PM,01:48 PM
act_dep_time,598,11:55 PM,12:10 AM (Estimated runway)
act_dep_time,600,09:00 PM,9:06 PM (Estimated runway)
act_dep_time,601,08:25 PM,8:29 PM (Estimated runway)
act_dep_time,602,02:55 PM,03:28 PM
act_dep_time,604,08:51 AM,08:52 AM
act_dep_time,606,08:26 AM,08:35 AM
act_dep_time,608,11:08 PM,empty
act_dep_time,612,02:55 PM,03:28 PM
act_dep_time,615,03:27 PM,03:28 PM
act_dep_time,616,07:22 AM,07:08 AM
act_dep_time,620,08:56 AM,08:32 AM
act_dep_time,621,03:36 PM,03:38 PM
act_dep_time,622,04:12 PM,04:00 PM
act_dep_time,624,03:31 PM,03:28 PM
act_dep_time,625,11:55 AM,11:43 AM
act_dep_time,627,03:58 PM,04:00 PM
act_dep_time,629,07:39 AM,07:14 AM
act_dep_time,630,07:16 AM,07:02 AM
act_dep_time,631,07:14 PM,07:41 PM
act_dep_time,632,06:54 AM,06:40 AM
act_dep_time,633,08:29 AM,08:49 AM
act_dep_time,637,03:27 PM,03:28 PM
act_dep_time,639,10:33 AM,10:53 AM
act_dep_time,640,11:25 PM,11:58 PM
act_dep_time,642,12:41 AM,12:57 AM
act_dep_time,644,07:29 AM,07:56 AM
act_dep_time,645,10:19 AM,10:35 AM
act_dep_time,646,10:10 AM,08:52 AM
act_dep_time,647,08:12 AM,08:26 AM
act_dep_time,648,07:25 AM,07:04 AM
act_dep_time,649,04:29 PM,04:30 PM
act_dep_time,650,10:55 AM,10:42 AM
act_dep_time,652,08:00 AM,08:18 AM
act_dep_time,653,02:55 PM,03:04 PM
act_dep_time,654,12:12 PM,12:13 PM
act_dep_time,655,11:56 AM,12:05 PM
act_dep_time,656,06:08 AM,05:58 AM
act_dep_time,657,11:30 AM,11:45 AM
act_dep_time,658,06:02 AM,06:17 AM
act_dep_time,660,10:18 AM,10:19 AM
act_dep_time,661,02:04 PM,01:48 PM
act_dep_time,662,07:49 AM,08:07 AM
act_dep_time,663,12:35 PM,12:55 PM
act_dep_time,664,12:13 PM,12:14 PM
act_dep_time,667,05:22 PM,05:38 PM
act_dep_time,669,11:05 AM,10:46 AM
act_dep_time,672,07:21 AM,07:08 AM
act_dep_time,673,06:30 PM,empty
act_dep_time,674,06:55 PM,06:56 PM
act_dep_time,676,02:10 PM,02:38 PM
act_dep_time,677,09:14 AM,09:56 AM
act_dep_time,678,06:56 AM,05:59 AM
act_dep_time,679,07:30 AM,07:31 AM
act_dep_time,680,05:08 PM,05:09 PM
act_dep_time,682,04:15 PM,04:37 PM
act_dep_time,684,10:20 AM,10:37 AM
act_dep_time,685,07:05 AM,07:31 AM
act_dep_time,686,11:01 AM,10:47 AM
act_dep_time,687,01:31 PM,01:48 PM
act_dep_time,688,12:41 PM,12:42 PM
act_dep_time,689,01:48 PM,02:01 PM
act_dep_time,690,11:55 PM,empty
act_dep_time,692,09:00 PM,empty
act_dep_time,693,08:25 PM,empty
act_dep_time,694,07:22 AM,07:23 AM
act_dep_time,695,08:51 AM,08:52 AM
act_dep_time,696,08:26 AM,08:35 AM
act_dep_time,697,01:30 PM,empty
act_dep_time,698,03:01 PM,03:17 PM
act_dep_time,699,07:27 AM,07:41 AM
act_dep_time,700,11:08 PM,empty
act_dep_time,702,01:32 PM,01:45 PM
act_dep_time,703,11:15 AM,11:47 AM
act_dep_time,704,08:39 PM,08:40 PM
act_dep_time,705,02:55 PM,03:04 PM
act_dep_time,709,03:27 PM,03:28 PM
act_dep_time,710,07:22 AM,07:08 AM
act_dep_time,711,12:10 PM,12:11 PM
act_dep_time,714,01:19 PM,01:20 PM
act_dep_time,715,08:56 AM,08:32 AM
act_dep_time,716,03:36 PM,03:38 PM
act_dep_time,718,11:40 AM,11:41 AM
act_dep_time,719,04:12 PM,04:00 PM
act_dep_time,722,03:31 PM,04:02 PM
act_dep_time,724,10:54 AM,10:55 AM
act_dep_time,725,06:57 AM,06:41 AM
act_dep_time,726,03:58 PM,04:00 PM
act_dep_time,727,06:10 AM,06:11 AM
act_dep_time,728,07:39 AM,07:14 AM
act_dep_time,729,07:31 AM,07:32 AM
act_dep_time,730,07:16 AM,07:02 AM
act_dep_time,732,07:14 PM,07:41 PM
act_dep_time,733,08:29 AM,08:47 AM
act_dep_time,735,06:30 PM,empty
act_dep_time,736,11:40 AM,11:41 AM
act_dep_time,737,10:33 AM,10:53 AM
act_dep_time,738,11:25 PM,11:58 PM
act_dep_time,740,12:41 AM,12:57 AM
act_dep_time,741,12:41 PM,12:42 PM
act_dep_time,742,07:25 AM,07:04 AM
act_dep_time,743,04:29 PM,04:30 PM
act_dep_time,744,10:10 AM,10:11 AM
act_dep_time,745,12:12 PM,12:13 PM
act_dep_time,746,11:56 AM,12:05 PM
act_dep_time,747,06:08 AM,05:58 AM
act_dep_time,748,08:04 AM,08:05 AM
act_dep_time,749,10:18 AM,10:19 AM
act_dep_time,751,02:04 PM,01:48 PM
act_dep_time,752,12:35 PM,12:55 PM
act_dep_time,753,12:13 PM,12:14 PM
act_dep_time,754,02:26 PM,02:41 PM
act_dep_time,756,11:05 AM,10:46 AM
act_dep_time,759,07:21 AM,07:08 AM
act_dep_time,760,06:55 PM,06:56 PM
act_dep_time,762,09:14 AM,09:56 AM
act_dep_time,763,06:56 AM,05:59 AM
act_dep_time,764,07:30 AM,07:31 AM
act_dep_time,765,05:08 PM,05:09 PM
act_dep_time,767,04:15 PM,04:35 PM
act_dep_time,769,10:55 AM,10:42 AM
act_dep_time,770,01:31 PM,01:46 PM
act_dep_time,771,01:48 PM,01:59 PM
act_dep_time,772,11:55 PM,empty
act_dep_time,773,09:00 PM,empty
act_dep_time,774,08:25 PM,empty
act_dep_time,775,07:22 AM,07:23 AM
act_dep_time,776,08:51 AM,08:52 AM
act_dep_time,777,08:26 AM,08:35 AM
act_dep_time,778,01:30 PM,empty
act_dep_time,779,11:08 PM,11/30/2011 11:34 PM
act_dep_time,781,08:00 AM,08:17 AM
act_dep_time,783,07:22 AM,07:23 AM
act_dep_time,785,07:27 AM,07:41 AM
act_dep_time,786,12:10 PM,12:11 PM
act_dep_time,787,01:19 PM,01:20 PM
act_dep_time,788,07:31 AM,07:32 AM
act_dep_time,789,10:54 AM,10:55 AM
act_dep_time,790,06:57 AM,06:58 AM
act_dep_time,791,06:10 AM,06:11 AM
act_dep_time,792,07:39 AM,07:14 AM
act_dep_time,793,11:05 AM,10:46 AM
act_dep_time,794,07:22 AM,empty
act_dep_time,795,04:29 PM,empty
act_dep_time,796,06:08 AM,05:58 AM
act_dep_time,798,12:35 PM,12:55 PM
act_dep_time,799,02:04 PM,01:48 PM
act_dep_time,800,08:25 PM,empty
act_dep_time,801,12:12 PM,empty
act_dep_time,802,11:01 AM,10:47 AM
act_dep_time,803,04:29 PM,empty
act_dep_time,804,07:14 PM,07:41 PM
act_dep_time,805,03:27 PM,03:28 PM
act_dep_time,806,06:30 PM,empty
act_dep_time,807,06:57 AM,empty
act_dep_time,808,11:25 PM,11:58 PM
act_dep_time,810,07:21 AM,07:08 AM
act_dep_time,811,09:14 AM,09:56 AM
act_dep_time,812,07:16 AM,07:02 AM
act_dep_time,813,07:14 PM,07:41 PM
act_dep_time,814,06:54 AM,06:40 AM
act_dep_time,819,03:27 PM,03:28 PM
act_dep_time,822,11:25 PM,11:58 PM
act_dep_time,824,12:41 AM,12:57 AM
act_dep_time,828,10:10 AM,08:52 AM
act_dep_time,830,07:25 AM,07:04 AM
act_dep_time,832,10:55 AM,10:42 AM
act_dep_time,835,02:55 PM,02:46 PM
act_dep_time,837,11:56 AM,12:05 PM
act_dep_time,838,06:08 AM,05:58 AM
act_dep_time,843,02:04 PM,01:48 PM
act_dep_time,845,12:35 PM,12:55 PM
act_dep_time,851,11:05 AM,10:46 AM
act_dep_time,854,07:21 AM,07:08 AM
act_dep_time,855,06:30 PM,empty
act_dep_time,859,09:14 AM,09:56 AM
act_dep_time,860,06:56 AM,05:59 AM
act_dep_time,867,07:05 AM,07:07 AM
act_dep_time,868,11:01 AM,10:47 AM
act_dep_time,869,01:31 PM,01:48 PM
act_dep_time,872,11:55 PM,empty
act_dep_time,874,09:00 PM,empty
act_dep_time,875,08:25 PM,empty
act_dep_time,877,08:51 AM,08:52 AM
act_dep_time,878,08:26 AM,08:35 AM
act_dep_time,879,01:30 PM,empty
act_dep_time,882,11:08 PM,empty
act_dep_time,887,02:55 PM,02:52 PM
act_dep_time,891,03:27 PM,03:28 PM
act_dep_time,892,07:22 AM,07:08 AM
act_dep_time,897,08:56 AM,08:32 AM
act_dep_time,898,03:36 PM,03:38 PM
act_dep_time,901,04:12 PM,04:00 PM
act_dep_time,905,11:55 AM,11:43 AM
act_dep_time,907,06:57 AM,06:41 AM
act_dep_time,908,03:58 PM,04:00 PM
act_dep_time,910,07:39 AM,07:14 AM
act_dep_time,912,07:16 AM,07:02 AM
act_dep_time,913,06:30 PM,06:56 PM
act_dep_time,915,12:13 PM,12:14 PM
act_dep_time,917,12:41 AM,12:57 AM
act_dep_time,918,07:29 AM,07:56 AM
act_dep_time,919,10:19 AM,empty
act_dep_time,920,07:25 AM,07:04 AM
act_dep_time,922,06:08 AM,05:58 AM
act_dep_time,923,10:18 AM,10:19 AM
act_dep_time,924,02:04 PM,01:48 PM
act_dep_time,925,06:57 AM,06:41 AM
act_dep_time,926,12:35 PM,12:55 PM
act_dep_time,927,03:31 PM,04:02 PM
act_dep_time,928,10:10 AM,08:52 AM
act_dep_time,930,11:05 AM,10:46 AM
act_dep_time,934,09:14 AM,09:56 AM
act_dep_time,936,04:15 PM,04:37 PM
act_dep_time,938,10:20 AM,empty
act_dep_time,939,07:05 AM,07:31 AM
act_dep_time,940,11:01 AM,10:47 AM
act_dep_time,941,01:31 PM,01:48 PM
act_dep_time,944,08:25 PM,8:29 PM (Estimated runway)
act_dep_time,945,08:51 AM,08:52 AM
act_dep_time,946,02:26 PM,02:43 PM
act_dep_time,947,08:26 AM,08:35 AM
act_dep_time,948,11:08 PM,empty
act_dep_time,950,01:32 PM,empty
act_dep_time,951,11:15 AM,11:47 AM
act_dep_time,954,08:00 AM,08:18 AM
act_dep_time,955,07:22 AM,07:08 AM
act_dep_time,956,02:55 PM,03:28 PM
act_dep_time,957,07:27 AM,empty
act_dep_time,958,12:10 PM,12:11 PM
act_dep_time,961,07:49 AM,08:07 AM
act_dep_time,962,03:36 PM,03:38 PM
act_dep_time,963,11:40 AM,11:20 AM
act_dep_time,964,04:12 PM,04:00 PM
act_dep_time,966,10:54 AM,10:55 AM
act_dep_time,968,07:39 AM,07:14 AM
act_dep_time,969,07:31 AM,07:32 AM
act_dep_time,970,07:16 AM,07:02 AM
act_dep_time,971,06:56 AM,05:59 AM
act_dep_time,972,07:30 AM,07:31 AM
act_dep_time,973,06:30 PM,06:47 PM
act_dep_time,975,11:30 AM,11:45 AM
act_dep_time,977,01:31 PM,01:48 PM
act_dep_time,979,08:25 PM,08:29 PM
act_dep_time,981,05:22 PM,05:38 PM
act_dep_time,982,04:12 PM,04:00 PM
act_dep_time,984,07:21 AM,07:08 AM
act_dep_time,987,07:39 AM,07:14 AM
act_dep_time,988,06:55 PM,06:56 PM
act_dep_time,989,03:36 PM,03:38 PM
act_dep_time,990,07:16 AM,07:02 AM
act_dep_time,991,06:54 AM,06:40 AM
act_dep_time,992,08:29 AM,08:48 AM
act_dep_time,995,06:30 PM,Not Available
act_dep_time,997,03:27 PM,03:28 PM
act_dep_time,998,11:40 AM,11:20 AM
act_dep_time,999,11:25 PM,11:58 PM
act_dep_time,1001,12:41 PM,12:10 PM
act_dep_time,1003,07:25 AM,07:04 AM
act_dep_time,1004,08:12 AM,08:24 AM
act_dep_time,1005,04:29 PM,04:16 PM
act_dep_time,1007,12:12 PM,11:54 AM
act_dep_time,1008,06:08 AM,05:58 AM
act_dep_time,1009,11:30 AM,Contact Airline
act_dep_time,1012,10:55 AM,10:42 AM
act_dep_time,1013,08:04 AM,07:51 AM
act_dep_time,1014,10:18 AM,10:10 AM
act_dep_time,1015,08:04 AM,07:28 AM
act_dep_time,1016,02:04 PM,01:48 PM
act_dep_time,1017,10:10 AM,08:52 AM
act_dep_time,1018,12:13 PM,11:47 AM
act_dep_time,1021,11:52 AM,11:33 AM
act_dep_time,1022,11:05 AM,10:46 AM
act_dep_time,1023,07:21 AM,07:08 AM
act_dep_time,1025,06:55 PM,06:40 PM
act_dep_time,1027,02:10 PM,02:37 PM
act_dep_time,1028,09:14 AM,09:56 AM
act_dep_time,1029,06:56 AM,05:59 AM
act_dep_time,1030,07:30 AM,07:10 AM
act_dep_time,1033,07:05 AM,Contact Airline
act_dep_time,1034,11:01 AM,10:47 AM
act_dep_time,1035,01:31 PM,01:47 PM
act_dep_time,1036,11:55 PM,Not Available
act_dep_time,1038,09:00 PM,Not Available
act_dep_time,1039,08:25 PM,Not Available
act_dep_time,1040,07:22 AM,06:56 AM
act_dep_time,1041,08:51 AM,08:31 AM
act_dep_time,1042,02:26 PM,02:42 PM
act_dep_time,1043,08:26 AM,08:35 AM
act_dep_time,1044,01:30 PM,Not Available
act_dep_time,1046,07:27 AM,07:41 AM
act_dep_time,1047,01:32 PM,01:50 PM
act_dep_time,1048,11:15 AM,Contact Airline
act_dep_time,1049,08:39 PM,08:30 PM
act_dep_time,1050,02:55 PM,03:28 PM
act_dep_time,1052,02:44 PM,02:32 PM
act_dep_time,1053,03:27 PM,03:28 PM
act_dep_time,1054,07:22 AM,07:08 AM
act_dep_time,1055,02:55 PM,03:28 PM
act_dep_time,1056,12:10 PM,12:01 PM
act_dep_time,1058,01:19 PM,01:06 PM
act_dep_time,1059,07:49 AM,08:07 AM
act_dep_time,1060,08:56 AM,08:32 AM
act_dep_time,1061,03:36 PM,03:38 PM
act_dep_time,1062,04:12 PM,04:00 PM
act_dep_time,1063,03:31 PM,03:28 PM
act_dep_time,1064,11:55 AM,Contact Airline
act_dep_time,1065,10:54 AM,10:35 AM
act_dep_time,1066,07:31 AM,07:05 AM
act_dep_time,1067,06:57 AM,06:41 AM
act_dep_time,1068,03:58 PM,04:00 PM
act_dep_time,1069,06:10 AM,05:56 AM
act_dep_time,1070,07:39 AM,07:14 AM
act_dep_time,1071,07:16 AM,07:02 AM
act_dep_time,1072,07:14 PM,07:41 PM
act_dep_time,1073,06:54 AM,06:40 AM
act_dep_time,1074,08:29 AM,08:49 AM
act_dep_time,1078,03:27 PM,03:28 PM
act_dep_time,1080,10:33 AM,10:53 AM
act_dep_time,1081,11:25 PM,11:58 PM
act_dep_time,1083,12:41 AM,12:57 AM
act_dep_time,1085,07:29 AM,07:56 AM
act_dep_time,1086,10:19 AM,10:35 AM
act_dep_time,1087,10:10 AM,08:52 AM
act_dep_time,1088,08:12 AM,08:26 AM
act_dep_time,1089,07:25 AM,07:04 AM
act_dep_time,1090,04:29 PM,04:30 PM
act_dep_time,1091,10:55 AM,10:42 AM
act_dep_time,1093,08:00 AM,08:18 AM
act_dep_time,1094,02:55 PM,03:04 PM
act_dep_time,1095,12:12 PM,12:13 PM
act_dep_time,1096,11:56 AM,12:05 PM
act_dep_time,1097,06:08 AM,05:58 AM
act_dep_time,1098,11:30 AM,11:45 AM
act_dep_time,1099,06:02 AM,06:17 AM
act_dep_time,1101,10:18 AM,10:19 AM
act_dep_time,1102,02:04 PM,01:48 PM
act_dep_time,1103,07:49 AM,08:07 AM
act_dep_time,1104,12:35 PM,12:55 PM
act_dep_time,1105,12:13 PM,12:14 PM
act_dep_time,1106,02:26 PM,02:43 PM
act_dep_time,1108,05:22 PM,05:38 PM
act_dep_time,1110,11:05 AM,10:46 AM
act_dep_time,1113,07:21 AM,07:08 AM
act_dep_time,1114,06:30 PM,empty
act_dep_time,1115,06:55 PM,06:56 PM
act_dep_time,1117,02:10 PM,02:38 PM
act_dep_time,1118,09:14 AM,09:56 AM
act_dep_time,1119,06:56 AM,05:59 AM
act_dep_time,1120,07:30 AM,07:31 AM
act_dep_time,1121,05:08 PM,05:09 PM
act_dep_time,1123,04:15 PM,04:37 PM
act_dep_time,1125,10:20 AM,10:37 AM
act_dep_time,1126,07:05 AM,07:31 AM
act_dep_time,1127,11:01 AM,10:47 AM
act_dep_time,1128,01:31 PM,01:48 PM
act_dep_time,1129,12:41 PM,12:42 PM
act_dep_time,1130,01:48 PM,02:01 PM
act_dep_time,1131,11:55 PM,empty
act_dep_time,1133,09:00 PM,empty
act_dep_time,1134,08:25 PM,empty
act_dep_time,1135,07:22 AM,07:23 AM
act_dep_time,1136,08:51 AM,08:52 AM
act_dep_time,1137,08:26 AM,08:35 AM
act_dep_time,1138,01:30 PM,empty
act_dep_time,1139,03:01 PM,03:17 PM
act_dep_time,1140,07:27 AM,07:41 AM
act_dep_time,1141,11:08 PM,empty
act_dep_time,1143,01:32 PM,01:45 PM
act_dep_time,1144,11:15 AM,11:47 AM
act_dep_time,1145,08:39 PM,08:40 PM
act_dep_time,1146,02:55 PM,03:04 PM
act_dep_time,1150,03:27 PM,03:28 PM
act_dep_time,1151,07:22 AM,07:08 AM
act_dep_time,1152,12:10 PM,12:11 PM
act_dep_time,1155,01:19 PM,01:20 PM
act_dep_time,1156,08:56 AM,08:32 AM
act_dep_time,1157,03:36 PM,03:38 PM
act_dep_time,1159,11:40 AM,11:41 AM
act_dep_time,1160,04:12 PM,04:00 PM
act_dep_time,1163,03:31 PM,04:02 PM
act_dep_time,1165,10:54 AM,10:55 AM
act_dep_time,1166,06:57 AM,06:41 AM
act_dep_time,1167,03:58 PM,04:00 PM
act_dep_time,1168,06:10 AM,06:11 AM
act_dep_time,1169,07:39 AM,07:14 AM
act_dep_time,1170,07:31 AM,07:32 AM
act_dep_time,1171,07:16 AM,07:02 AM
act_dep_time,1172,06:54 AM,06:40 AM
act_dep_time,1173,07:14 PM,07:41 PM
act_dep_time,1177,08:12 AM,08:26 AM
act_dep_time,1178,07:25 AM,07:04 AM
act_dep_time,1179,04:29 PM,empty
act_dep_time,1180,05:22 PM,05:38 PM
act_dep_time,1181,06:08 AM,05:58 AM
act_dep_time,1182,11:30 AM,empty
act_dep_time,1183,10:55 AM,10:42 AM
act_dep_time,1184,10:18 AM,10:19 AM
act_dep_time,1185,06:57 AM,06:41 AM
act_dep_time,1186,12:41 PM,12:42 PM
act_dep_time,1187,12:35 PM,12:55 PM
act_dep_time,1189,11:05 AM,10:46 AM
act_dep_time,1192,06:55 PM,empty
act_dep_time,1194,02:10 PM,02:38 PM
act_dep_time,1195,09:14 AM,09:56 AM
act_dep_time,1197,10:20 AM,empty
act_dep_time,1198,11:01 AM,10:47 AM
act_dep_time,1199,01:31 PM,01:48 PM
act_dep_time,1200,11:55 PM,12:10 AM (Estimated runway)
act_dep_time,1201,02:26 PM,02:43 PM
act_dep_time,1202,08:26 AM,08:35 AM
act_dep_time,1203,03:01 PM,03:17 PM
act_dep_time,1204,07:27 AM,07:41 AM
act_dep_time,1205,11:08 PM,empty
act_dep_time,1207,11:15 AM,11:47 AM
act_dep_time,1208,02:55 PM,03:04 PM
act_dep_time,1211,07:22 AM,07:08 AM
act_dep_time,1213,12:10 PM,empty
act_dep_time,1218,03:36 PM,03:38 PM
act_dep_time,1219,06:30 PM,06:56 PM
act_dep_time,1220,11:40 AM,11:20 AM
act_dep_time,1221,04:12 PM,04:00 PM
act_dep_time,1222,06:10 AM,empty
act_dep_time,1223,07:39 AM,07:14 AM
act_dep_time,1224,07:16 AM,07:02 AM
act_dep_time,1225,07:14 PM,07:41 PM
act_dep_time,1226,06:54 AM,06:40 AM
act_dep_time,1227,08:29 AM,08:48 AM
act_dep_time,1230,03:27 PM,03:28 PM
act_dep_time,1232,11:40 AM,11:41 AM
act_dep_time,1233,10:33 AM,10:53 AM
act_dep_time,1234,11:25 PM,11:58 PM
act_dep_time,1236,12:41 AM,12:57 AM
act_dep_time,1238,07:29 AM,empty
act_dep_time,1239,10:19 AM,empty
act_dep_time,1240,10:10 AM,10:11 AM
act_dep_time,1241,08:12 AM,08:26 AM
act_dep_time,1242,07:25 AM,07:04 AM
act_dep_time,1244,10:55 AM,10:42 AM
act_dep_time,1247,02:55 PM,03:04 PM
act_dep_time,1248,12:12 PM,12:13 PM
act_dep_time,1249,11:56 AM,12:05 PM
act_dep_time,1250,06:08 AM,05:58 AM
act_dep_time,1251,11:30 AM,11:45 AM
act_dep_time,1252,06:02 AM,empty
act_dep_time,1254,10:18 AM,10:19 AM
act_dep_time,1255,02:04 PM,01:48 PM
act_dep_time,1256,07:49 AM,08:07 AM
act_dep_time,1257,12:35 PM,12:55 PM
act_dep_time,1258,12:13 PM,12:14 PM
act_dep_time,1259,02:26 PM,02:43 PM
act_dep_time,1261,05:22 PM,empty
act_dep_time,1263,11:05 AM,10:46 AM
act_dep_time,1265,03:36 PM,empty
act_dep_time,1266,07:21 AM,07:08 AM
act_dep_time,1267,06:30 PM,06:47 PM
act_dep_time,1268,06:55 PM,06:56 PM
act_dep_time,1271,02:10 PM,02:04 PM
act_dep_time,1272,09:14 AM,09:56 AM
act_dep_time,1273,06:56 AM,05:59 AM
act_dep_time,1274,07:30 AM,07:31 AM
act_dep_time,1275,05:08 PM,05:09 PM
act_dep_time,1278,04:15 PM,04:37 PM
act_dep_time,1280,10:20 AM,empty
act_dep_time,1281,07:05 AM,07:30 AM
act_dep_time,1282,11:01 AM,10:47 AM
act_dep_time,1283,01:31 PM,01:48 PM
act_dep_time,1284,12:41 PM,12:42 PM
act_dep_time,1286,11:55 PM,12:11 AM
act_dep_time,1287,04:25 PM,04:28 PM
act_dep_time,1288,09:00 PM,09:06 PM
act_dep_time,1289,08:25 PM,08:29 PM
act_dep_time,1290,07:22 AM,07:23 AM
act_dep_time,1291,08:51 AM,08:52 AM
act_dep_time,1292,08:26 AM,08:35 AM
act_dep_time,1293,01:30 PM,01:41 PM
act_dep_time,1294,03:01 PM,empty
act_dep_time,1295,07:27 AM,07:41 AM
act_dep_time,1296,11:08 PM,empty
act_dep_time,1298,01:32 PM,1:50 PM (+8:00)
act_dep_time,1299,11:15 AM,11:47 AM
act_dep_time,1300,08:39 PM,08:40 PM
act_dep_time,1301,02:55 PM,03:04 PM
act_dep_time,1305,03:27 PM,03:28 PM
act_dep_time,1307,12:10 PM,12:11 PM
act_dep_time,1310,01:19 PM,01:20 PM
act_dep_time,1311,08:56 AM,08:32 AM
act_dep_time,1312,03:36 PM,03:38 PM
act_dep_time,1316,03:31 PM,03:28 PM
act_dep_time,1318,10:54 AM,10:55 AM
act_dep_time,1319,06:57 AM,06:58 AM
act_dep_time,1320,03:58 PM,04:00 PM
act_dep_time,1321,06:10 AM,06:11 AM
act_dep_time,1322,07:39 AM,07:14 AM
act_dep_time,1323,07:31 AM,07:32 AM
act_dep_time,1324,07:16 AM,07:02 AM
act_dep_time,1325,07:14 PM,07:41 PM
act_dep_time,1326,06:54 AM,06:40 AM
act_dep_time,1327,08:29 AM,8:48aDec 1
act_dep_time,1331,03:27 PM,03:28 PM
act_dep_time,1333,10:33 AM,empty
act_dep_time,1334,11:25 PM,11:58 PM
act_dep_time,1336,12:41 AM,12:57 AM
act_dep_time,1338,07:29 AM,empty
act_dep_time,1339,10:19 AM,10:19aDec 1
act_dep_time,1340,10:10 AM,9:59aDec 1
act_dep_time,1341,08:12 AM,8:12aDec 1
act_dep_time,1342,07:25 AM,07:04 AM
act_dep_time,1343,04:29 PM,04:16 PM
act_dep_time,1344,10:55 AM,10:42 AM
act_dep_time,1346,08:00 AM,8:00aDec 1
act_dep_time,1347,02:55 PM,03:28 PM
act_dep_time,1348,12:12 PM,11:54aDec 1
act_dep_time,1349,11:56 AM,12:05 PM
act_dep_time,1350,06:08 AM,05:58 AM
act_dep_time,1351,11:30 AM,11:30aDec 1
act_dep_time,1352,06:02 AM,6:02aDec 1
act_dep_time,1354,10:18 AM,10:10aDec 1
act_dep_time,1355,02:04 PM,01:48 PM
act_dep_time,1356,07:49 AM,7:49aDec 1
act_dep_time,1357,12:35 PM,12:55 PM
act_dep_time,1358,12:13 PM,11:47aDec 1
act_dep_time,1359,02:26 PM,02:42 PM
act_dep_time,1363,11:05 AM,10:46 AM
act_dep_time,1365,03:36 PM,03:27 PM
act_dep_time,1366,07:21 AM,07:08 AM
act_dep_time,1367,06:30 PM,empty
act_dep_time,1368,06:55 PM,06:40 PM
act_dep_time,1370,02:10 PM,02:37 PM
act_dep_time,1371,09:14 AM,09:56 AM
act_dep_time,1372,06:56 AM,05:59 AM
act_dep_time,1373,07:30 AM,7:10aDec 1
act_dep_time,1374,05:08 PM,04:56 PM
act_dep_time,1378,10:20 AM,10:20aDec 1
act_dep_time,1379,07:05 AM,7:07aDec 1
act_dep_time,1380,11:01 AM,10:47 AM
act_dep_time,1381,01:31 PM,01:48 PM
act_dep_time,1382,12:41 PM,12:10 PM
act_dep_time,1384,11:55 PM,empty
act_dep_time,1386,09:00 PM,empty
act_dep_time,1387,08:25 PM,empty
act_dep_time,1388,07:22 AM,6:56aDec 1
act_dep_time,1389,08:51 AM,8:31aDec 1
act_dep_time,1390,01:30 PM,empty
act_dep_time,1392,07:27 AM,7:27aDec 1
act_dep_time,1393,11:08 PM,empty
act_dep_time,1396,11:15 AM,11:15aDec 1
act_dep_time,1397,08:39 PM,08:30 PM
act_dep_time,1398,02:55 PM,03:28 PM
act_dep_time,1401,02:44 PM,02:32 PM
act_dep_time,1402,03:27 PM,03:28 PM
act_dep_time,1403,07:22 AM,7:10aDec 1
act_dep_time,1404,12:10 PM,12:01 PM
act_dep_time,1405,08:04 AM,7:51aDec 1
act_dep_time,1407,01:19 PM,01:06 PM
act_dep_time,1408,08:56 AM,08:32 AM
act_dep_time,1409,03:36 PM,03:38 PM
act_dep_time,1411,11:40 AM,11:20 AM
act_dep_time,1412,04:12 PM,04:00 PM
act_dep_time,1413,11:52 AM,11:33aDec 1
act_dep_time,1415,03:31 PM,03:28 PM
act_dep_time,1416,11:55 AM,11:43aDec 1
act_dep_time,1417,10:54 AM,10:35aDec 1
act_dep_time,1418,06:57 AM,6:41aDec 1
act_dep_time,1419,03:58 PM,04:00 PM
act_dep_time,1420,06:10 AM,5:56aDec 1
act_dep_time,1421,07:39 AM,07:14 AM
act_dep_time,1422,07:31 AM,7:05aDec 1
act_dep_time,1423,12:12 PM,empty
act_dep_time,1424,08:26 AM,08:35 AM
act_dep_time,1425,02:44 PM,empty
act_dep_time,1426,01:31 PM,01:48 PM
act_dep_time,1427,07:14 PM,07:41 PM
act_dep_time,1429,11:56 AM,12:05 PM
act_dep_time,1432,12:41 AM,12:57 AM
act_dep_time,1435,03:31 PM,03:28 PM
act_dep_time,1437,09:14 AM,09:56 AM
act_dep_time,1443,03:58 PM,04:00 PM
act_dep_time,1446,06:56 AM,05:59 AM
act_dep_time,1449,03:27 PM,03:28 PM
act_dep_time,1455,07:21 AM,07:08 AM
act_dep_time,1456,01:31 PM,01:48 PM
act_dep_time,1458,12:41 AM,12:57 AM
act_dep_time,1462,09:00 PM,9:06 PM (Estimated runway)
act_dep_time,1463,04:12 PM,04:00 PM
act_dep_time,1464,08:51 AM,08:52 AM
act_dep_time,1466,08:26 AM,08:35 AM
act_dep_time,1467,11:55 AM,11:43 AM
act_dep_time,1468,02:55 PM,03:28 PM
act_dep_time,1471,07:25 AM,07:04 AM
act_dep_time,1472,11:05 AM,10:46 AM
act_dep_time,1473,08:56 AM,08:32 AM
act_dep_time,1476,07:39 AM,07:14 AM
act_dep_time,1478,10:10 AM,08:52 AM
act_dep_time,1482,08:29 AM,empty
act_dep_time,1483,03:36 PM,03:38 PM
act_dep_time,1484,08:51 AM,08:52 AM
act_dep_time,1485,07:39 AM,07:14 AM
act_dep_time,1486,02:26 PM,empty
act_dep_time,1488,07:16 AM,07:02 AM
act_dep_time,1489,07:14 PM,07:41 PM
act_dep_time,1490,06:54 AM,06:40 AM
act_dep_time,1491,08:29 AM,08:48 AM
act_dep_time,1494,03:27 PM,03:28 PM
act_dep_time,1496,11:40 AM,11:41 AM
act_dep_time,1497,10:33 AM,10:53 AM
act_dep_time,1498,11:25 PM,11:58 PM
act_dep_time,1500,12:41 AM,12:57 AM
act_dep_time,1502,07:29 AM,empty
act_dep_time,1503,10:19 AM,empty
act_dep_time,1504,10:10 AM,10:11 AM
act_dep_time,1505,08:12 AM,08:26 AM
act_dep_time,1506,07:25 AM,07:04 AM
act_dep_time,1508,10:55 AM,10:42 AM
act_dep_time,1511,02:55 PM,03:04 PM
act_dep_time,1512,12:12 PM,12:13 PM
act_dep_time,1513,11:56 AM,12:05 PM
act_dep_time,1514,06:08 AM,05:58 AM
act_dep_time,1515,11:30 AM,11:45 AM
act_dep_time,1516,06:02 AM,empty
act_dep_time,1518,10:18 AM,10:19 AM
act_dep_time,1519,02:04 PM,01:48 PM
act_dep_time,1520,07:49 AM,08:07 AM
act_dep_time,1521,12:35 PM,12:55 PM
act_dep_time,1522,12:13 PM,12:14 PM
act_dep_time,1523,02:26 PM,02:43 PM
act_dep_time,1525,05:22 PM,empty
act_dep_time,1527,11:05 AM,10:46 AM
act_dep_time,1529,03:36 PM,empty
act_dep_time,1530,07:21 AM,07:08 AM
act_dep_time,1531,06:30 PM,06:47 PM
act_dep_time,1532,06:55 PM,06:56 PM
act_dep_time,1535,02:10 PM,02:04 PM
act_dep_time,1536,09:14 AM,09:56 AM
act_dep_time,1537,06:56 AM,05:59 AM
act_dep_time,1538,07:30 AM,07:31 AM
act_dep_time,1539,05:08 PM,05:09 PM
act_dep_time,1542,04:15 PM,04:37 PM
act_dep_time,1544,10:20 AM,empty
act_dep_time,1545,07:05 AM,07:30 AM
act_dep_time,1546,11:01 AM,10:47 AM
act_dep_time,1547,01:31 PM,01:48 PM
act_dep_time,1548,12:41 PM,12:42 PM
act_dep_time,1550,11:55 PM,12:11 AM
act_dep_time,1551,04:25 PM,04:28 PM
act_dep_time,1552,09:00 PM,09:06 PM
act_dep_time,1553,08:25 PM,08:29 PM
act_dep_time,1554,07:22 AM,07:23 AM
act_dep_time,1555,08:51 AM,08:52 AM
act_dep_time,1556,08:26 AM,08:35 AM
act_dep_time,1557,01:30 PM,01:41 PM
act_dep_time,1558,03:01 PM,empty
act_dep_time,1559,07:27 AM,07:41 AM
act_dep_time,1560,11:08 PM,empty
act_dep_time,1562,01:32 PM,1:50 PM (+8:00)
act_dep_time,1563,11:15 AM,11:47 AM
act_dep_time,1564,08:39 PM,08:40 PM
act_dep_time,1565,02:55 PM,03:04 PM
act_dep_time,1569,03:27 PM,03:28 PM
act_dep_time,1571,12:10 PM,12:11 PM
act_dep_time,1574,01:19 PM,01:20 PM
act_dep_time,1575,08:56 AM,08:32 AM
act_dep_time,1576,03:36 PM,03:38 PM
act_dep_time,1580,03:31 PM,03:28 PM
act_dep_time,1582,10:54 AM,10:55 AM
act_dep_time,1583,06:57 AM,06:58 AM
act_dep_time,1584,03:58 PM,04:00 PM
act_dep_time,1585,06:10 AM,06:11 AM
act_dep_time,1586,07:39 AM,07:14 AM
act_dep_time,1587,07:31 AM,07:32 AM
act_dep_time,1589,07:14 PM,07:41 PM
act_dep_time,1591,06:30 PM,empty
act_dep_time,1592,03:27 PM,03:28 PM
act_dep_time,1593,10:33 AM,empty
act_dep_time,1594,11:25 PM,11:58 PM
act_dep_time,1595,12:41 AM,12:57 AM
act_dep_time,1597,10:19 AM,10:19aDec 1
act_dep_time,1598,07:25 AM,07:04 AM
act_dep_time,1600,11:56 AM,12:05 PM
act_dep_time,1601,06:08 AM,05:58 AM
act_dep_time,1602,11:30 AM,11:30aDec 1
act_dep_time,1603,10:18 AM,10:10 AM
act_dep_time,1605,12:35 PM,12:55 PM
act_dep_time,1606,10:10 AM,08:52 AM
act_dep_time,1607,12:13 PM,11:47aDec 1
act_dep_time,1610,11:52 AM,11:33 AM
act_dep_time,1611,06:56 AM,05:59 AM
act_dep_time,1612,07:30 AM,7:10aDec 1
act_dep_time,1613,05:08 PM,04:56 PM
act_dep_time,1616,07:05 AM,7:07aDec 1
act_dep_time,1617,06:55 PM,06:40 PM
act_dep_time,1619,09:00 PM,Not Available
act_dep_time,1620,08:25 PM,empty
act_dep_time,1621,07:22 AM,6:56aDec 1
act_dep_time,1622,08:51 AM,8:31aDec 1
act_dep_time,1623,02:26 PM,02:42 PM
act_dep_time,1624,01:30 PM,Not Available
act_dep_time,1626,11:08 PM,empty
act_dep_time,1627,08:39 PM,08:30 PM
act_dep_time,1628,03:27 PM,03:28 PM
act_dep_time,1629,07:27 AM,07:41 AM
act_dep_time,1630,12:10 PM,12:01 PM
act_dep_time,1632,07:39 AM,07:14 AM
act_dep_time,1633,08:56 AM,08:32 AM
act_dep_time,1634,11:40 AM,11:20 AM
act_dep_time,1635,04:12 PM,04:00 PM
act_dep_time,1636,03:31 PM,03:28 PM
act_dep_time,1637,06:57 AM,6:41aDec 1
act_dep_time,1638,07:16 AM,07:02 AM
act_dep_time,1639,06:56 AM,05:59 AM
act_dep_time,1640,07:30 AM,empty
act_dep_time,1641,02:44 PM,empty
act_dep_time,1642,07:22 AM,07:08 AM
act_dep_time,1644,04:15 PM,empty
act_dep_time,1645,01:19 PM,empty
act_dep_time,1646,06:55 PM,empty
act_dep_time,1648,01:31 PM,01:48 PM
act_dep_time,1649,12:41 PM,empty
act_dep_time,1650,04:12 PM,empty
act_dep_time,1651,11:55 PM,empty
act_dep_time,1653,12:13 PM,empty
act_dep_time,1655,10:54 AM,empty
act_dep_time,1656,11:08 PM,empty
act_dep_time,1657,11:05 AM,10:46 AM
act_dep_time,1659,08:56 AM,08:32 AM
act_dep_time,1660,03:36 PM,empty
act_dep_time,1661,02:10 PM,empty
act_dep_time,1662,07:16 AM,07:02 AM
act_dep_time,1663,06:54 AM,06:40 AM
act_dep_time,1664,07:14 PM,07:41 PM
act_dep_time,1667,11:25 PM,11:58 PM
act_dep_time,1669,07:29 AM,07:56 AM
act_dep_time,1670,07:25 AM,07:04 AM
act_dep_time,1672,10:10 AM,08:52 AM
act_dep_time,1673,12:12 PM,12:13 PM
act_dep_time,1674,11:56 AM,12:05 PM
act_dep_time,1675,06:08 AM,05:58 AM
act_dep_time,1676,11:30 AM,11:45 AM
act_dep_time,1677,08:04 AM,08:05 AM
act_dep_time,1678,10:18 AM,10:19 AM
act_dep_time,1680,02:04 PM,01:48 PM
act_dep_time,1681,06:57 AM,06:41 AM
act_dep_time,1683,12:35 PM,12:55 PM
act_dep_time,1684,02:26 PM,02:42 PM
act_dep_time,1686,05:22 PM,05:38 PM
act_dep_time,1690,11:05 AM,10:46 AM
act_dep_time,1692,07:21 AM,07:08 AM
act_dep_time,1693,06:30 PM,06:47 PM
act_dep_time,1694,06:55 PM,06:56 PM
act_dep_time,1697,09:14 AM,09:56 AM
act_dep_time,1698,06:56 AM,05:59 AM
act_dep_time,1699,07:30 AM,07:31 AM
act_dep_time,1703,11:01 AM,10:47 AM
act_dep_time,1704,01:31 PM,01:48 PM
act_dep_time,1707,09:00 PM,09:16 PM
act_dep_time,1708,08:25 PM,08:29 PM
act_dep_time,1711,01:30 PM,01:40 PM
act_dep_time,1712,11:08 PM,11:35 PM
act_dep_time,1714,08:39 PM,08:40 PM
act_dep_time,1716,03:27 PM,03:28 PM
act_dep_time,1717,07:22 AM,07:08 AM
act_dep_time,1720,03:36 PM,03:38 PM
act_dep_time,1721,04:12 PM,04:00 PM
act_dep_time,1722,07:31 AM,07:32 AM
act_dep_time,1724,10:54 AM,10:55 AM
act_dep_time,1725,03:58 PM,04:00 PM
act_dep_time,1727,07:39 AM,07:14 AM
act_dep_time,1730,03:27 PM,03:28 PM
act_dep_time,1734,12:35 PM,12:55 PM
act_dep_time,1743,01:31 PM,01:48 PM
act_dep_time,1746,08:26 AM,08:35 AM
act_dep_time,1748,11:08 PM,11:08 PM            On Time
act_dep_time,1751,02:55 PM,03:28 PM
act_dep_time,1754,02:55 PM,03:28 PM
act_dep_time,1759,07:16 AM,07:02 AM
act_dep_time,1760,07:14 PM,07:41 PM
act_dep_time,1761,06:54 AM,06:40 AM
act_dep_time,1766,03:27 PM,03:28 PM
act_dep_time,1769,11:25 PM,11:58 PM
act_dep_time,1771,12:41 AM,12:57 AM
act_dep_time,1775,10:10 AM,08:52 AM
act_dep_time,1777,07:25 AM,07:04 AM
act_dep_time,1779,10:55 AM,10:42 AM
act_dep_time,1782,02:55 PM,02:46 PM
act_dep_time,1784,11:56 AM,12:05 PM
act_dep_time,1785,06:08 AM,05:58 AM
act_dep_time,1790,02:04 PM,01:48 PM
act_dep_time,1792,12:35 PM,12:55 PM
act_dep_time,1798,11:05 AM,10:46 AM
act_dep_time,1801,07:21 AM,07:08 AM
act_dep_time,1802,06:30 PM,empty
act_dep_time,1806,09:14 AM,09:56 AM
act_dep_time,1807,06:56 AM,05:59 AM
act_dep_time,1814,07:05 AM,07:07 AM
act_dep_time,1815,11:01 AM,10:47 AM
act_dep_time,1816,01:31 PM,01:48 PM
act_dep_time,1819,11:55 PM,empty
act_dep_time,1821,09:00 PM,empty
act_dep_time,1822,08:25 PM,empty
act_dep_time,1824,08:51 AM,08:52 AM
act_dep_time,1825,08:26 AM,08:35 AM
act_dep_time,1826,01:30 PM,empty
act_dep_time,1829,11:08 PM,empty
act_dep_time,1834,02:55 PM,02:52 PM
act_dep_time,1838,03:27 PM,03:28 PM
act_dep_time,1839,07:22 AM,07:08 AM
act_dep_time,1844,08:56 AM,08:32 AM
act_dep_time,1845,03:36 PM,03:38 PM
act_dep_time,1848,04:12 PM,04:00 PM
act_dep_time,1852,11:55 AM,11:43 AM
act_dep_time,1854,06:57 AM,06:41 AM
act_dep_time,1855,03:58 PM,04:00 PM
act_dep_time,1857,07:39 AM,07:14 AM
act_dep_time,1859,07:16 AM,07:02 AM
act_dep_time,1860,07:14 PM,07:41 PM
act_dep_time,1861,06:54 AM,06:40 AM
act_dep_time,1866,06:30 PM,6:47 PM (Estimated runway)
act_dep_time,1867,03:27 PM,03:28 PM
act_dep_time,1869,11:25 PM,11:58 PM
act_dep_time,1871,12:41 AM,12:57 AM
act_dep_time,1875,07:25 AM,07:04 AM
act_dep_time,1878,10:10 AM,08:52 AM
act_dep_time,1882,11:56 AM,12:05 PM
act_dep_time,1883,06:08 AM,05:58 AM
act_dep_time,1890,02:04 PM,01:48 PM
act_dep_time,1891,06:57 AM,06:41 AM
act_dep_time,1893,12:35 PM,12:55 PM
act_dep_time,1897,11:05 AM,10:46 AM
act_dep_time,1900,07:21 AM,07:08 AM
act_dep_time,1906,09:14 AM,09:56 AM
act_dep_time,1907,06:56 AM,05:59 AM
act_dep_time,1915,07:05 AM,07:07 AM
act_dep_time,1916,11:01 AM,10:47 AM
act_dep_time,1917,01:31 PM,01:48 PM
act_dep_time,1919,11:55 PM,12:10 AM (Estimated runway)
act_dep_time,1921,09:00 PM,9:06 PM (Estimated runway)
act_dep_time,1922,08:25 PM,8:29 PM (Estimated runway)
act_dep_time,1923,02:55 PM,03:28 PM
act_dep_time,1925,08:51 AM,08:52 AM
act_dep_time,1927,08:26 AM,08:35 AM
act_dep_time,1929,11:08 PM,empty
act_dep_time,1933,02:55 PM,03:28 PM
act_dep_time,1936,03:27 PM,03:28 PM
act_dep_time,1937,07:22 AM,07:08 AM
act_dep_time,1941,08:56 AM,08:32 AM
act_dep_time,1942,03:36 PM,03:38 PM
act_dep_time,1943,04:12 PM,04:00 PM
act_dep_time,1945,03:31 PM,03:28 PM
act_dep_time,1946,11:55 AM,11:43 AM
act_dep_time,1948,03:58 PM,04:00 PM
act_dep_time,1950,07:39 AM,07:14 AM
act_dep_time,1951,07:16 AM,07:02 AM
act_dep_time,1952,07:14 PM,07:41 PM
act_dep_time,1953,06:54 AM,06:40 AM
act_dep_time,1954,08:29 AM,08:49 AM
act_dep_time,1958,03:27 PM,03:28 PM
act_dep_time,1960,10:33 AM,10:53 AM
act_dep_time,1961,11:25 PM,11:58 PM
act_dep_time,1963,12:41 AM,12:57 AM
act_dep_time,1965,07:29 AM,07:56 AM
act_dep_time,1966,10:19 AM,10:35 AM
act_dep_time,1967,10:10 AM,08:52 AM
act_dep_time,1968,08:12 AM,08:26 AM
act_dep_time,1969,07:25 AM,07:04 AM
act_dep_time,1970,04:29 PM,04:30 PM
act_dep_time,1971,10:55 AM,10:42 AM
act_dep_time,1973,08:00 AM,08:18 AM
act_dep_time,1974,02:55 PM,03:04 PM
act_dep_time,1975,12:12 PM,12:13 PM
act_dep_time,1976,11:56 AM,12:05 PM
act_dep_time,1977,06:08 AM,05:58 AM
act_dep_time,1978,11:30 AM,11:45 AM
act_dep_time,1979,06:02 AM,06:17 AM
act_dep_time,1981,10:18 AM,10:19 AM
act_dep_time,1982,02:04 PM,01:48 PM
act_dep_time,1983,07:49 AM,08:07 AM
act_dep_time,1984,12:35 PM,12:55 PM
act_dep_time,1985,12:13 PM,12:14 PM
act_dep_time,1986,02:26 PM,02:43 PM
act_dep_time,1988,05:22 PM,05:38 PM
act_dep_time,1990,11:05 AM,10:46 AM
act_dep_time,1993,07:21 AM,07:08 AM
act_dep_time,1994,06:30 PM,empty
act_dep_time,1995,06:55 PM,06:56 PM
act_dep_time,1997,02:10 PM,02:38 PM
act_dep_time,1998,09:14 AM,09:56 AM
act_dep_time,1999,06:56 AM,05:59 AM
act_dep_time,2000,07:30 AM,07:31 AM
act_dep_time,2001,05:08 PM,05:09 PM
act_dep_time,2003,04:15 PM,04:37 PM
act_dep_time,2005,10:20 AM,10:37 AM
act_dep_time,2006,07:05 AM,07:31 AM
act_dep_time,2007,11:01 AM,10:47 AM
act_dep_time,2008,01:31 PM,01:48 PM
act_dep_time,2009,12:41 PM,12:42 PM
act_dep_time,2010,01:48 PM,02:01 PM
act_dep_time,2011,11:55 PM,empty
act_dep_time,2013,09:00 PM,empty
act_dep_time,2014,08:25 PM,empty
act_dep_time,2015,07:22 AM,07:23 AM
act_dep_time,2016,08:51 AM,08:52 AM
act_dep_time,2017,08:26 AM,08:35 AM
act_dep_time,2018,01:30 PM,empty
act_dep_time,2019,03:01 PM,03:17 PM
act_dep_time,2020,07:27 AM,07:41 AM
act_dep_time,2021,11:08 PM,empty
act_dep_time,2023,01:32 PM,01:45 PM
act_dep_time,2024,11:15 AM,11:47 AM
act_dep_time,2025,08:39 PM,08:40 PM
act_dep_time,2026,02:55 PM,03:04 PM
act_dep_time,2030,03:27 PM,03:28 PM
act_dep_time,2031,07:22 AM,07:08 AM
act_dep_time,2032,12:10 PM,12:11 PM
act_dep_time,2033,08:04 AM,08:05 AM
act_dep_time,2035,01:19 PM,01:20 PM
act_dep_time,2036,08:56 AM,08:32 AM
act_dep_time,2037,03:36 PM,03:38 PM
act_dep_time,2039,11:40 AM,11:41 AM
act_dep_time,2040,04:12 PM,04:00 PM
act_dep_time,2043,03:31 PM,04:02 PM
act_dep_time,2045,10:54 AM,10:55 AM
act_dep_time,2046,06:57 AM,06:41 AM
act_dep_time,2047,03:58 PM,04:00 PM
act_dep_time,2048,06:10 AM,06:11 AM
act_dep_time,2049,07:39 AM,07:14 AM
act_dep_time,2050,07:31 AM,07:32 AM
act_dep_time,2051,07:16 AM,07:02 AM
act_dep_time,2052,07:14 PM,07:41 PM
act_dep_time,2053,06:54 AM,06:40 AM
act_dep_time,2058,03:27 PM,03:28 PM
act_dep_time,2061,11:25 PM,11:58 PM
act_dep_time,2063,12:41 AM,12:57 AM
act_dep_time,2067,10:10 AM,08:52 AM
act_dep_time,2069,07:25 AM,07:04 AM
act_dep_time,2071,10:55 AM,10:42 AM
act_dep_time,2074,02:55 PM,02:46 PM
act_dep_time,2076,11:56 AM,12:05 PM
act_dep_time,2077,06:08 AM,05:58 AM
act_dep_time,2082,02:04 PM,01:48 PM
act_dep_time,2084,12:35 PM,12:55 PM
act_dep_time,2090,11:05 AM,10:46 AM
act_dep_time,2093,07:21 AM,07:08 AM
act_dep_time,2094,06:30 PM,empty
act_dep_time,2098,09:14 AM,09:56 AM
act_dep_time,2099,06:56 AM,05:59 AM
act_dep_time,2106,07:05 AM,07:07 AM
act_dep_time,2107,11:01 AM,10:47 AM
act_dep_time,2108,01:31 PM,01:48 PM
act_dep_time,2111,11:55 PM,empty
act_dep_time,2113,09:00 PM,empty
act_dep_time,2114,08:25 PM,empty
act_dep_time,2116,08:51 AM,08:52 AM
act_dep_time,2117,08:26 AM,08:35 AM
act_dep_time,2118,01:30 PM,empty
act_dep_time,2121,11:08 PM,empty
act_dep_time,2126,02:55 PM,02:52 PM
act_dep_time,2130,03:27 PM,03:28 PM
act_dep_time,2131,07:22 AM,07:08 AM
act_dep_time,2136,08:56 AM,08:32 AM
act_dep_time,2137,03:36 PM,03:38 PM
act_dep_time,2140,04:12 PM,04:00 PM
act_dep_time,2144,11:55 AM,11:43 AM
act_dep_time,2146,06:57 AM,06:41 AM
act_dep_time,2147,03:58 PM,04:00 PM
act_dep_time,2149,07:39 AM,07:14 AM
act_dep_time,2152,11:56 AM,12:05 PM
act_dep_time,2153,09:00 PM,empty
act_dep_time,2154,04:15 PM,empty
act_dep_time,2155,01:19 PM,empty
act_dep_time,2156,07:16 AM,07:02 AM
act_dep_time,2157,07:14 PM,07:41 PM
act_dep_time,2158,06:54 AM,06:40 AM
act_dep_time,2159,08:29 AM,08:49 AM
act_dep_time,2163,03:27 PM,03:28 PM
act_dep_time,2165,10:33 AM,10:53 AM
act_dep_time,2166,11:25 PM,11:58 PM
act_dep_time,2168,12:41 AM,12:57 AM
act_dep_time,2170,07:29 AM,07:56 AM
act_dep_time,2171,10:19 AM,10:35 AM
act_dep_time,2172,10:10 AM,08:52 AM
act_dep_time,2173,08:12 AM,08:26 AM
act_dep_time,2174,07:25 AM,07:04 AM
act_dep_time,2175,04:29 PM,04:30 PM
act_dep_time,2176,10:55 AM,10:42 AM
act_dep_time,2178,08:00 AM,08:18 AM
act_dep_time,2179,02:55 PM,03:04 PM
act_dep_time,2180,12:12 PM,12:13 PM
act_dep_time,2181,11:56 AM,12:05 PM
act_dep_time,2182,06:08 AM,05:58 AM
act_dep_time,2183,11:30 AM,11:45 AM
act_dep_time,2184,06:02 AM,06:17 AM
act_dep_time,2186,10:18 AM,10:19 AM
act_dep_time,2187,02:04 PM,01:48 PM
act_dep_time,2188,07:49 AM,08:07 AM
act_dep_time,2189,12:35 PM,12:55 PM
act_dep_time,2190,12:13 PM,12:14 PM
act_dep_time,2191,02:26 PM,02:43 PM
act_dep_time,2193,05:22 PM,05:38 PM
act_dep_time,2195,11:05 AM,10:46 AM
act_dep_time,2198,07:21 AM,07:08 AM
act_dep_time,2199,06:30 PM,empty
act_dep_time,2200,06:55 PM,06:56 PM
act_dep_time,2202,02:10 PM,02:38 PM
act_dep_time,2204,06:56 AM,05:59 AM
act_dep_time,2205,07:30 AM,07:31 AM
act_dep_time,2206,05:08 PM,05:09 PM
act_dep_time,2208,04:15 PM,04:37 PM
act_dep_time,2210,10:20 AM,10:37 AM
act_dep_time,2211,07:05 AM,07:31 AM
act_dep_time,2212,11:01 AM,10:47 AM
act_dep_time,2213,01:31 PM,01:48 PM
act_dep_time,2214,12:41 PM,12:42 PM
act_dep_time,2215,01:48 PM,02:01 PM
act_dep_time,2216,11:55 PM,empty
act_dep_time,2218,09:00 PM,empty
act_dep_time,2220,07:22 AM,07:23 AM
act_dep_time,2221,08:51 AM,08:52 AM
act_dep_time,2222,08:26 AM,08:35 AM
act_dep_time,2223,01:30 PM,empty
act_dep_time,2224,03:01 PM,03:17 PM
act_dep_time,2225,07:27 AM,07:41 AM
act_dep_time,2226,11:08 PM,empty
act_dep_time,2228,01:32 PM,01:45 PM
act_dep_time,2229,11:15 AM,11:47 AM
act_dep_time,2230,08:39 PM,08:40 PM
act_dep_time,2231,02:55 PM,03:04 PM
act_dep_time,2235,03:27 PM,03:28 PM
act_dep_time,2236,07:22 AM,07:08 AM
act_dep_time,2237,12:10 PM,12:11 PM
act_dep_time,2238,08:04 AM,08:05 AM
act_dep_time,2240,01:19 PM,01:20 PM
act_dep_time,2241,08:56 AM,08:32 AM
act_dep_time,2242,03:36 PM,03:38 PM
act_dep_time,2244,11:40 AM,11:41 AM
act_dep_time,2245,04:12 PM,04:00 PM
act_dep_time,2248,03:31 PM,04:02 PM
act_dep_time,2250,10:54 AM,10:55 AM
act_dep_time,2251,06:57 AM,06:41 AM
act_dep_time,2252,03:58 PM,04:00 PM
act_dep_time,2253,06:10 AM,06:11 AM
act_dep_time,2254,07:39 AM,07:14 AM
act_dep_time,2255,07:31 AM,07:32 AM
act_dep_time,2256,07:16 AM,07:02 AM
act_dep_time,2257,06:54 AM,06:40 AM
act_dep_time,2258,07:14 PM,07:41 PM
act_dep_time,2261,11:25 PM,11:58 PM
act_dep_time,2263,07:29 AM,07:56 AM
act_dep_time,2264,07:25 AM,07:04 AM
act_dep_time,2266,10:10 AM,08:52 AM
act_dep_time,2267,12:12 PM,12:13 PM
act_dep_time,2268,11:56 AM,12:05 PM
act_dep_time,2269,06:08 AM,05:58 AM
act_dep_time,2270,11:30 AM,11:45 AM
act_dep_time,2271,08:04 AM,08:05 AM
act_dep_time,2272,10:18 AM,10:19 AM
act_dep_time,2274,02:04 PM,01:48 PM
act_dep_time,2275,06:57 AM,06:41 AM
act_dep_time,2276,12:41 PM,12:42 PM
act_dep_time,2277,12:35 PM,12:55 PM
act_dep_time,2278,02:26 PM,02:42 PM
act_dep_time,2280,05:22 PM,05:38 PM
act_dep_time,2284,11:05 AM,10:46 AM
act_dep_time,2286,07:21 AM,07:08 AM
act_dep_time,2287,06:30 PM,06:47 PM
act_dep_time,2288,06:55 PM,06:56 PM
act_dep_time,2291,09:14 AM,09:56 AM
act_dep_time,2292,06:56 AM,05:59 AM
act_dep_time,2293,07:30 AM,07:31 AM
act_dep_time,2297,11:01 AM,10:47 AM
act_dep_time,2298,01:31 PM,01:48 PM
act_dep_time,2301,09:00 PM,09:16 PM
act_dep_time,2302,08:25 PM,08:29 PM
act_dep_time,2305,01:30 PM,01:40 PM
act_dep_time,2306,11:08 PM,11:35 PM
act_dep_time,2308,08:39 PM,08:40 PM
act_dep_time,2310,03:27 PM,03:28 PM
act_dep_time,2311,07:22 AM,07:08 AM
act_dep_time,2314,03:36 PM,03:38 PM
act_dep_time,2315,04:12 PM,04:00 PM
act_dep_time,2316,07:31 AM,07:32 AM
act_dep_time,2318,10:54 AM,10:55 AM
act_dep_time,2319,03:58 PM,04:00 PM
act_dep_time,2321,07:39 AM,07:14 AM
act_dep_time,2322,07:16 AM,07:02 AM
act_dep_time,2323,06:54 AM,06:40 AM
act_dep_time,2326,06:30 PM,6:47 PM (Estimated runway)
act_dep_time,2328,03:27 PM,03:28 PM
act_dep_time,2329,11:25 PM,11:58 PM
act_dep_time,2331,07:25 AM,07:04 AM
act_dep_time,2333,10:10 AM,08:52 AM
act_dep_time,2335,06:08 AM,05:58 AM
act_dep_time,2340,02:04 PM,01:48 PM
act_dep_time,2341,06:57 AM,06:41 AM
act_dep_time,2346,11:05 AM,10:46 AM
act_dep_time,2347,07:21 AM,07:08 AM
act_dep_time,2350,09:14 AM,09:56 AM
act_dep_time,2351,06:56 AM,05:59 AM
act_dep_time,2355,01:31 PM,01:48 PM
act_dep_time,2356,11:55 PM,12:10 AM (Estimated runway)
act_dep_time,2359,08:25 PM,8:29 PM (Estimated runway)
act_dep_time,2361,08:51 AM,08:52 AM
act_dep_time,2363,01:30 PM,1:41 PM (Estimated runway)
act_dep_time,2365,03:27 PM,03:28 PM
act_dep_time,2366,07:22 AM,07:08 AM
act_dep_time,2369,03:36 PM,03:38 PM
act_dep_time,2370,04:12 PM,04:00 PM
act_dep_time,2372,11:55 AM,11:43 AM
act_dep_time,2374,03:58 PM,04:00 PM
act_dep_time,2376,07:39 AM,07:14 AM
sched_arr_time,82,02:35 PM,empty
sched_arr_time,123,05:11 AM,12/2/11 5:11 AM
sched_arr_time,137,02:35 PM,empty
sched_arr_time,221,05:11 AM,5:11 AMDec 02
sched_arr_time,369,02:35 PM,empty
sched_arr_time,410,05:11 AM,12/2/11 5:11 AM
sched_arr_time,424,02:35 PM,empty
sched_arr_time,508,05:11 AM,5:11 AMDec 02
sched_arr_time,700,05:11 AM,5:11 AMDec 02
sched_arr_time,751,02:35 PM,empty
sched_arr_time,779,05:11 AM,empty
sched_arr_time,787,02:35 PM,empty
sched_arr_time,799,02:35 PM,empty
sched_arr_time,948,05:11 AM,5:11 AMDec 02
sched_arr_time,978,02:35 PM,02:17 PM
sched_arr_time,982,06:40 PM,06:30 PM
sched_arr_time,985,04:00 PM,03:50 PM
sched_arr_time,986,06:40 AM,06:30 AM
sched_arr_time,1141,05:11 AM,5:11 AMDec 02
sched_arr_time,1255,02:35 PM,empty
sched_arr_time,1296,05:11 AM,12/2/11 5:11 AM
sched_arr_time,1310,02:35 PM,empty
sched_arr_time,1393,05:11 AM,5:11aDec 2
sched_arr_time,1519,02:35 PM,empty
sched_arr_time,1560,05:11 AM,12/2/11 5:11 AM
sched_arr_time,1574,02:35 PM,empty
sched_arr_time,1626,05:11 AM,5:11aDec 2
sched_arr_time,1666,10:30 PM,10:15 PM
sched_arr_time,1667,06:55 AM,06:30 AM
sched_arr_time,1680,02:35 PM,02:14 PM
sched_arr_time,1691,04:00 PM,03:50 PM
sched_arr_time,1705,04:17 PM,03:55 PM
sched_arr_time,1709,10:34 AM,09:25 AM
sched_arr_time,1711,03:50 PM,03:30 PM
sched_arr_time,1712,05:11 AM,05:08 AM
sched_arr_time,1713,06:40 PM,06:15 PM
sched_arr_time,1714,09:20 PM,09:10 PM
sched_arr_time,1715,04:05 PM,03:55 PM
sched_arr_time,1719,02:35 PM,02:17 PM
sched_arr_time,1721,06:40 PM,06:30 PM
sched_arr_time,1726,06:40 AM,06:30 AM
sched_arr_time,1748,05:11 AM,Fri Dec 2 5:11 AM
sched_arr_time,2021,05:11 AM,5:11 AMDec 02
sched_arr_time,2226,05:11 AM,5:11 AMDec 02
sched_arr_time,2260,10:30 PM,10:15 PM
sched_arr_time,2261,06:55 AM,06:30 AM
sched_arr_time,2274,02:35 PM,02:14 PM
sched_arr_time,2285,04:00 PM,03:50 PM
sched_arr_time,2299,04:17 PM,03:55 PM
sched_arr_time,2303,10:34 AM,09:25 AM
sched_arr_time,2305,03:50 PM,03:30 PM
sched_arr_time,2306,05:11 AM,05:08 AM
sched_arr_time,2307,06:40 PM,06:15 PM
sched_arr_time,2308,09:20 PM,09:10 PM
sched_arr_time,2309,04:05 PM,03:55 PM
sched_arr_time,2313,02:35 PM,02:17 PM
sched_arr_time,2315,06:40 PM,06:30 PM
sched_arr_time,2320,06:40 AM,06:30 AM
act_arr_time,1,09:32 AM,09:22 AM
act_arr_time,4,09:28 AM,09:14 AM
act_arr_time,6,06:55 AM,07:02 AM
act_arr_time,8,07:39 PM,07:37 PM
act_arr_time,10,09:05 AM,08:50 AM
act_arr_time,12,11:01 AM,11:00 AM
act_arr_time,14,08:06 AM,07:59 AM
act_arr_time,15,03:30 PM,03:13 PM
act_arr_time,20,02:27 PM,02:21 PM
act_arr_time,23,10:36 AM,10:34 AM
act_arr_time,24,08:53 PM,08:38 PM
act_arr_time,26,07:51 AM,07:49 AM
act_arr_time,27,09:31 AM,09:26 AM
act_arr_time,31,12:50 PM,12:37 PM
act_arr_time,32,05:50 AM,empty
act_arr_time,33,12:15 AM,empty
act_arr_time,34,11:50 PM,empty
act_arr_time,35,10:04 AM,09:45 AM
act_arr_time,36,11:44 AM,11:33 AM
act_arr_time,37,03:50 PM,empty
act_arr_time,38,09:20 PM,09:11 PM
act_arr_time,39,03:43 PM,03:36 PM
act_arr_time,40,05:43 PM,05:39 PM
act_arr_time,42,01:43 PM,01:40 PM
act_arr_time,45,06:43 PM,06:30 PM
act_arr_time,47,06:15 PM,06:11 PM
act_arr_time,49,06:19 AM,06:07 AM
act_arr_time,51,09:32 AM,09:22 AM
act_arr_time,53,09:28 AM,09:14 AM
act_arr_time,55,09:43 AM,09:29 AM
act_arr_time,56,10:30 PM,10:31 PM
act_arr_time,57,05:17 PM,05:14 PM
act_arr_time,60,11:21 AM,11:11 AM
act_arr_time,61,06:55 AM,07:02 AM
act_arr_time,64,06:28 PM,06:25 PM
act_arr_time,67,01:27 PM,01:11 PM
act_arr_time,69,09:45 AM,09:29 AM
act_arr_time,70,07:39 PM,07:37 PM
act_arr_time,75,04:09 PM,04:08 PM
act_arr_time,77,09:05 AM,08:50 AM
act_arr_time,78,05:05 PM,05:00 PM
act_arr_time,81,11:56 AM,11:50 AM
act_arr_time,82,03:30 PM,03:13 PM
act_arr_time,83,01:30 PM,01:23 PM
act_arr_time,84,03:21 PM,03:09 PM
act_arr_time,87,01:15 PM,01:11 PM
act_arr_time,90,02:46 PM,02:39 PM
act_arr_time,93,10:36 AM,10:34 AM
act_arr_time,95,08:53 PM,08:38 PM
act_arr_time,96,03:16 PM,03:04 PM
act_arr_time,100,07:51 AM,07:49 AM
act_arr_time,101,09:31 AM,09:26 AM
act_arr_time,102,07:55 PM,07:43 PM
act_arr_time,103,11:06 AM,10:43 AM
act_arr_time,104,06:38 PM,06:28 PM
act_arr_time,106,09:53 PM,09:47 PM
act_arr_time,108,10:47 AM,10:43 AM
act_arr_time,109,03:04 PM,02:58 PM
act_arr_time,110,04:23 PM,04:20 PM
act_arr_time,113,05:50 AM,05:52 AM
act_arr_time,114,12:29 AM,11:56 PM
act_arr_time,115,12:15 AM,11:49 PM
act_arr_time,116,11:50 PM,11:35 PM
act_arr_time,117,10:04 AM,09:45 AM
act_arr_time,118,11:44 AM,11:33 AM
act_arr_time,120,03:50 PM,03:29 PM
act_arr_time,123,05:11 AM,05:24 AM
act_arr_time,127,09:20 PM,09:11 PM
act_arr_time,131,03:43 PM,03:36 PM
act_arr_time,132,05:43 PM,05:39 PM
act_arr_time,133,11:06 AM,11:04 AM
act_arr_time,134,01:43 PM,01:42 PM
act_arr_time,135,11:01 AM,10:58 AM
act_arr_time,137,03:13 PM,02:49 PM
act_arr_time,139,06:43 PM,06:30 PM
act_arr_time,140,08:06 AM,07:59 AM
act_arr_time,141,06:15 PM,06:11 PM
act_arr_time,142,02:27 PM,02:21 PM
act_arr_time,144,05:38 PM,05:34 PM
act_arr_time,145,12:50 PM,12:37 PM
act_arr_time,148,06:19 AM,06:07 AM
act_arr_time,149,11:12 AM,10:52 AM
act_arr_time,150,03:14 PM,03:12 PM
act_arr_time,151,09:32 AM,09:22 AM
act_arr_time,153,09:28 AM,09:14 AM
act_arr_time,160,11:21 AM,11:18 AM
act_arr_time,161,06:55 AM,07:02 AM
act_arr_time,164,06:28 PM,06:25 PM
act_arr_time,165,09:14 AM,09:09 AM
act_arr_time,167,01:27 PM,01:11 PM
act_arr_time,170,07:39 PM,07:35 PM
act_arr_time,174,04:47 PM,04:45 PM
act_arr_time,176,01:14 PM,01:12 PM
act_arr_time,177,09:05 AM,08:50 AM
act_arr_time,178,05:05 PM,05:03 PM
act_arr_time,179,10:27 AM,10:18 AM
act_arr_time,180,10:56 AM,10:47 AM
act_arr_time,181,11:56 AM,11:50 AM
act_arr_time,182,03:30 PM,03:13 PM
act_arr_time,183,01:30 PM,01:27 PM
act_arr_time,187,01:15 PM,01:14 PM
act_arr_time,188,08:03 PM,07:55 PM
act_arr_time,190,02:46 PM,02:39 PM
act_arr_time,192,03:33 PM,03:26 PM
act_arr_time,193,10:36 AM,10:34 AM
act_arr_time,195,08:53 PM,08:38 PM
act_arr_time,199,07:51 AM,07:49 AM
act_arr_time,200,09:31 AM,09:29 AM
act_arr_time,201,07:55 PM,07:43 PM
act_arr_time,202,06:38 PM,06:36 PM
act_arr_time,204,09:53 PM,09:49 PM
act_arr_time,207,03:04 PM,02:56 PM
act_arr_time,209,02:50 PM,02:52 PM
act_arr_time,210,04:17 PM,04:06 PM
act_arr_time,211,05:50 AM,empty
act_arr_time,212,12:29 AM,11:56 PM
act_arr_time,213,12:15 AM,Not Available
act_arr_time,214,11:50 PM,Not Available
act_arr_time,215,10:04 AM,09:56 AM
act_arr_time,216,11:44 AM,11:33 AM
act_arr_time,218,03:50 PM,Not Available
act_arr_time,221,05:11 AM,05:24 AM
act_arr_time,223,08:02 AM,07:58 AM
act_arr_time,225,09:20 PM,09:11 PM
act_arr_time,229,03:43 PM,03:36 PM
act_arr_time,230,05:43 PM,05:34 PM
act_arr_time,232,01:43 PM,01:40 PM
act_arr_time,233,11:01 AM,11:00 AM
act_arr_time,234,12:09 PM,12:00 PM
act_arr_time,235,03:13 PM,02:49 PM
act_arr_time,237,06:43 PM,06:36 PM
act_arr_time,238,08:06 AM,07:59 AM
act_arr_time,239,04:56 PM,04:52 PM
act_arr_time,240,06:15 PM,06:11 PM
act_arr_time,241,02:27 PM,02:18 PM
act_arr_time,244,05:38 PM,05:34 PM
act_arr_time,245,12:50 PM,12:37 PM
act_arr_time,247,06:36 PM,06:33 PM
act_arr_time,248,06:19 AM,06:07 AM
act_arr_time,249,11:12 AM,11:00 AM
act_arr_time,250,03:14 PM,03:09 PM
act_arr_time,251,09:32 AM,09:22 AM
act_arr_time,252,09:28 AM,09:09 AM
act_arr_time,256,07:25 PM,07:35 PM
act_arr_time,257,05:17 PM,empty
act_arr_time,260,11:21 AM,empty
act_arr_time,261,06:55 AM,07:02 AM
act_arr_time,268,07:39 PM,empty
act_arr_time,270,04:09 PM,empty
act_arr_time,271,09:05 AM,08:50 AM
act_arr_time,272,05:05 PM,empty
act_arr_time,276,11:56 AM,11:50 AM
act_arr_time,277,08:06 AM,07:59 AM
act_arr_time,278,03:30 PM,03:13 PM
act_arr_time,280,01:27 PM,01:11 PM
act_arr_time,282,01:15 PM,01:14 PM
act_arr_time,283,11:06 AM,10:52 AM
act_arr_time,284,02:27 PM,02:18 PM
act_arr_time,285,02:46 PM,02:39 PM
act_arr_time,286,10:36 AM,10:34 AM
act_arr_time,288,08:53 PM,08:38 PM
act_arr_time,289,03:16 PM,03:09 PM
act_arr_time,293,07:51 AM,07:49 AM
act_arr_time,294,09:31 AM,09:26 AM
act_arr_time,295,06:38 PM,06:28 PM
act_arr_time,297,09:53 PM,empty
act_arr_time,300,03:04 PM,02:52 PM
act_arr_time,302,05:50 AM,05:49 AM
act_arr_time,303,12:29 AM,11:56 PM
act_arr_time,304,12:15 AM,empty
act_arr_time,305,11:50 PM,11:54 PM
act_arr_time,306,10:04 AM,09:56 AM
act_arr_time,307,11:44 AM,11:33 AM
act_arr_time,310,03:50 PM,empty
act_arr_time,315,09:20 PM,09:11 PM
act_arr_time,318,03:43 PM,03:36 PM
act_arr_time,319,05:43 PM,05:34 PM
act_arr_time,320,11:06 AM,11:04 AM
act_arr_time,321,04:47 PM,empty
act_arr_time,322,01:43 PM,01:40 PM
act_arr_time,323,11:01 AM,11:00 AM
act_arr_time,325,03:13 PM,02:49 PM
act_arr_time,326,01:30 PM,01:23 PM
act_arr_time,328,06:43 PM,06:30 PM
act_arr_time,329,06:15 PM,06:11 PM
act_arr_time,331,05:38 PM,05:34 PM
act_arr_time,332,12:50 PM,12:37 PM
act_arr_time,335,06:19 AM,06:07 AM
act_arr_time,336,11:12 AM,10:49 AM
act_arr_time,337,03:14 PM,empty
act_arr_time,338,09:32 AM,09:22 AM
act_arr_time,340,09:28 AM,09:14 AM
act_arr_time,342,09:43 AM,09:29 AM
act_arr_time,343,10:30 PM,10:31 PM
act_arr_time,344,05:17 PM,05:14 PM
act_arr_time,347,11:21 AM,11:11 AM
act_arr_time,348,06:55 AM,07:02 AM
act_arr_time,351,06:28 PM,06:25 PM
act_arr_time,354,01:27 PM,01:11 PM
act_arr_time,356,09:45 AM,09:29 AM
act_arr_time,357,07:39 PM,07:37 PM
act_arr_time,362,04:09 PM,04:08 PM
act_arr_time,364,09:05 AM,08:50 AM
act_arr_time,365,05:05 PM,05:00 PM
act_arr_time,368,11:56 AM,11:50 AM
act_arr_time,369,03:30 PM,03:13 PM
act_arr_time,370,01:30 PM,01:23 PM
act_arr_time,371,03:21 PM,03:09 PM
act_arr_time,374,01:15 PM,01:11 PM
act_arr_time,377,02:46 PM,02:39 PM
act_arr_time,380,10:36 AM,10:34 AM
act_arr_time,382,08:53 PM,08:38 PM
act_arr_time,383,03:16 PM,03:04 PM
act_arr_time,387,07:51 AM,07:49 AM
act_arr_time,388,09:31 AM,09:26 AM
act_arr_time,389,07:55 PM,07:43 PM
act_arr_time,390,11:06 AM,10:43 AM
act_arr_time,391,06:38 PM,06:28 PM
act_arr_time,393,09:53 PM,09:47 PM
act_arr_time,395,10:47 AM,10:43 AM
act_arr_time,396,03:04 PM,02:58 PM
act_arr_time,397,04:23 PM,04:20 PM
act_arr_time,400,05:50 AM,05:52 AM
act_arr_time,401,12:29 AM,11:56 PM
act_arr_time,402,12:15 AM,11:49 PM
act_arr_time,403,11:50 PM,11:35 PM
act_arr_time,404,10:04 AM,09:45 AM
act_arr_time,405,11:44 AM,11:33 AM
act_arr_time,407,03:50 PM,03:29 PM
act_arr_time,410,05:11 AM,05:24 AM
act_arr_time,414,09:20 PM,09:11 PM
act_arr_time,418,03:43 PM,03:36 PM
act_arr_time,419,05:43 PM,05:39 PM
act_arr_time,420,11:06 AM,11:04 AM
act_arr_time,421,01:43 PM,01:42 PM
act_arr_time,422,11:01 AM,10:58 AM
act_arr_time,424,03:13 PM,02:49 PM
act_arr_time,426,06:43 PM,06:30 PM
act_arr_time,427,08:06 AM,07:59 AM
act_arr_time,428,06:15 PM,06:11 PM
act_arr_time,429,02:27 PM,02:21 PM
act_arr_time,431,05:38 PM,05:34 PM
act_arr_time,432,12:50 PM,12:37 PM
act_arr_time,435,06:19 AM,06:07 AM
act_arr_time,436,11:12 AM,10:52 AM
act_arr_time,437,03:14 PM,03:12 PM
act_arr_time,438,09:32 AM,09:22 AM
act_arr_time,440,09:28 AM,09:14 AM
act_arr_time,448,06:55 AM,07:02 AM
act_arr_time,451,06:28 PM,06:25 PM
act_arr_time,452,09:14 AM,09:09 AM
act_arr_time,454,01:27 PM,01:11 PM
act_arr_time,457,07:39 PM,07:37 PM
act_arr_time,461,04:47 PM,05:00 PM
act_arr_time,464,09:05 AM,08:50 AM
act_arr_time,465,05:05 PM,05:03 PM
act_arr_time,468,11:56 AM,11:50 AM
act_arr_time,469,03:30 PM,03:13 PM
act_arr_time,474,01:15 PM,01:14 PM
act_arr_time,479,03:33 PM,03:26 PM
act_arr_time,480,10:36 AM,10:34 AM
act_arr_time,482,08:53 PM,08:38 PM
act_arr_time,486,07:51 AM,07:49 AM
act_arr_time,487,09:31 AM,09:29 AM
act_arr_time,488,07:55 PM,07:43 PM
act_arr_time,489,06:38 PM,06:36 PM
act_arr_time,491,09:53 PM,09:49 PM
act_arr_time,496,02:50 PM,02:52 PM
act_arr_time,498,05:50 AM,empty
act_arr_time,499,12:29 AM,11:56 PM
act_arr_time,500,12:15 AM,empty
act_arr_time,501,11:50 PM,empty
act_arr_time,502,10:04 AM,09:45 AM
act_arr_time,503,11:44 AM,11:33 AM
act_arr_time,505,03:50 PM,empty
act_arr_time,508,05:11 AM,05:24 AM
act_arr_time,512,09:20 PM,09:11 PM
act_arr_time,516,03:43 PM,03:36 PM
act_arr_time,517,05:43 PM,05:34 PM
act_arr_time,519,01:43 PM,01:40 PM
act_arr_time,520,11:01 AM,11:00 AM
act_arr_time,522,03:13 PM,02:49 PM
act_arr_time,524,06:43 PM,06:30 PM
act_arr_time,525,08:06 AM,07:59 AM
act_arr_time,527,06:15 PM,06:11 PM
act_arr_time,528,02:27 PM,02:21 PM
act_arr_time,531,05:38 PM,05:34 PM
act_arr_time,532,12:50 PM,12:37 PM
act_arr_time,535,06:19 AM,06:07 AM
act_arr_time,538,09:32 AM,09:22 AM
act_arr_time,540,09:28 AM,09:14 AM
act_arr_time,548,06:55 AM,07:02 AM
act_arr_time,556,07:39 PM,07:37 PM
act_arr_time,562,09:05 AM,08:50 AM
act_arr_time,566,11:01 AM,11:00 AM
act_arr_time,568,08:06 AM,07:59 AM
act_arr_time,569,03:30 PM,03:13 PM
act_arr_time,573,01:15 PM,01:14 PM
act_arr_time,575,02:27 PM,02:21 PM
act_arr_time,579,10:36 AM,10:34 AM
act_arr_time,581,08:53 PM,08:38 PM
act_arr_time,586,07:51 AM,07:49 AM
act_arr_time,587,09:31 AM,09:26 AM
act_arr_time,590,06:38 PM,06:36 PM
act_arr_time,598,05:50 AM,5:42 AM (Estimated runway)
act_arr_time,599,12:29 AM,11:56 PM
act_arr_time,600,12:15 AM,11:49 PM (Estimated runway)
act_arr_time,601,11:50 PM,11:35 PM (Estimated runway)
act_arr_time,603,10:04 AM,09:45 AM
act_arr_time,604,11:44 AM,11:33 AM
act_arr_time,608,05:11 AM,05:24 AM
act_arr_time,611,09:20 PM,09:11 PM
act_arr_time,614,03:43 PM,03:36 PM
act_arr_time,615,05:43 PM,05:39 PM
act_arr_time,617,01:43 PM,01:40 PM
act_arr_time,621,06:43 PM,06:30 PM
act_arr_time,622,06:15 PM,06:11 PM
act_arr_time,625,05:38 PM,05:34 PM
act_arr_time,626,12:50 PM,12:37 PM
act_arr_time,628,06:19 AM,06:07 AM
act_arr_time,630,09:32 AM,09:22 AM
act_arr_time,632,09:28 AM,09:14 AM
act_arr_time,640,06:55 AM,07:02 AM
act_arr_time,643,06:28 PM,06:25 PM
act_arr_time,644,09:14 AM,09:09 AM
act_arr_time,646,01:27 PM,01:11 PM
act_arr_time,649,07:39 PM,07:37 PM
act_arr_time,653,04:47 PM,05:00 PM
act_arr_time,656,09:05 AM,08:50 AM
act_arr_time,657,05:05 PM,05:03 PM
act_arr_time,660,11:56 AM,11:50 AM
act_arr_time,661,03:30 PM,03:13 PM
act_arr_time,666,01:15 PM,01:14 PM
act_arr_time,671,03:33 PM,03:26 PM
act_arr_time,672,10:36 AM,10:34 AM
act_arr_time,674,08:53 PM,08:38 PM
act_arr_time,678,07:51 AM,07:49 AM
act_arr_time,679,09:31 AM,09:29 AM
act_arr_time,680,07:55 PM,07:43 PM
act_arr_time,681,06:38 PM,06:36 PM
act_arr_time,683,09:53 PM,09:49 PM
act_arr_time,688,02:50 PM,02:52 PM
act_arr_time,690,05:50 AM,empty
act_arr_time,691,12:29 AM,11:56 PM
act_arr_time,692,12:15 AM,empty
act_arr_time,693,11:50 PM,empty
act_arr_time,694,10:04 AM,09:45 AM
act_arr_time,695,11:44 AM,11:33 AM
act_arr_time,697,03:50 PM,empty
act_arr_time,700,05:11 AM,05:24 AM
act_arr_time,704,09:20 PM,09:11 PM
act_arr_time,708,03:43 PM,03:36 PM
act_arr_time,709,05:43 PM,05:34 PM
act_arr_time,711,01:43 PM,01:40 PM
act_arr_time,712,11:01 AM,11:00 AM
act_arr_time,714,03:13 PM,02:49 PM
act_arr_time,716,06:43 PM,06:30 PM
act_arr_time,717,08:06 AM,07:59 AM
act_arr_time,719,06:15 PM,06:11 PM
act_arr_time,720,02:27 PM,02:21 PM
act_arr_time,723,05:38 PM,05:34 PM
act_arr_time,724,12:50 PM,12:37 PM
act_arr_time,727,06:19 AM,06:07 AM
act_arr_time,730,09:32 AM,09:22 AM
act_arr_time,731,10:30 PM,10:28 PM
act_arr_time,732,10:29 PM,10:22 PM
act_arr_time,737,11:21 AM,11:16 AM
act_arr_time,738,06:55 AM,07:02 AM
act_arr_time,740,05:26 AM,05:25 AM
act_arr_time,742,09:45 AM,09:29 AM
act_arr_time,743,07:39 PM,07:37 PM
act_arr_time,744,01:27 PM,01:19 PM
act_arr_time,745,04:09 PM,04:08 PM
act_arr_time,746,01:14 PM,01:06 PM
act_arr_time,747,09:05 AM,08:50 AM
act_arr_time,748,11:01 AM,10:58 AM
act_arr_time,749,11:56 AM,11:50 AM
act_arr_time,750,08:06 AM,07:59 AM
act_arr_time,751,03:30 PM,03:13 PM
act_arr_time,752,03:21 PM,03:07 PM
act_arr_time,755,02:27 PM,02:21 PM
act_arr_time,756,02:46 PM,02:39 PM
act_arr_time,758,03:33 PM,03:26 PM
act_arr_time,759,10:36 AM,10:34 AM
act_arr_time,760,08:53 PM,08:38 PM
act_arr_time,761,03:16 PM,03:04 PM
act_arr_time,762,12:09 PM,12:02 PM
act_arr_time,763,07:51 AM,07:49 AM
act_arr_time,764,09:31 AM,09:26 AM
act_arr_time,765,07:55 PM,07:43 PM
act_arr_time,766,11:06 AM,10:43 AM
act_arr_time,768,09:53 PM,09:47 PM
act_arr_time,770,04:23 PM,04:20 PM
act_arr_time,771,04:17 PM,04:05 PM
act_arr_time,772,05:50 AM,empty
act_arr_time,773,12:15 AM,empty
act_arr_time,774,11:50 PM,empty
act_arr_time,775,10:04 AM,09:45 AM
act_arr_time,776,11:44 AM,11:33 AM
act_arr_time,778,03:50 PM,empty
act_arr_time,779,05:11 AM,05:24 AM
act_arr_time,781,11:32 AM,11:27 AM
act_arr_time,782,03:43 PM,03:36 PM
act_arr_time,783,11:06 AM,11:04 AM
act_arr_time,784,12:29 AM,11:56 PM
act_arr_time,786,01:43 PM,01:42 PM
act_arr_time,787,03:13 PM,02:49 PM
act_arr_time,788,03:14 PM,03:12 PM
act_arr_time,789,12:50 PM,12:37 PM
act_arr_time,791,06:19 AM,06:07 AM
act_arr_time,792,11:12 AM,10:52 AM
act_arr_time,794,10:04 AM,09:45 AM
act_arr_time,795,07:39 PM,7:39P
act_arr_time,796,09:05 AM,08:50 AM
act_arr_time,799,03:30 PM,03:13 PM
act_arr_time,800,11:50 PM,empty
act_arr_time,801,04:09 PM,empty
act_arr_time,803,07:39 PM,empty
act_arr_time,805,05:43 PM,05:34 PM
act_arr_time,806,07:25 PM,Thu  19:33
act_arr_time,808,06:55 AM,07:02 AM
act_arr_time,809,09:53 PM,empty
act_arr_time,810,10:36 AM,10:34 AM
act_arr_time,812,09:32 AM,09:22 AM
act_arr_time,814,09:28 AM,09:14 AM
act_arr_time,822,06:55 AM,07:02 AM
act_arr_time,831,07:39 PM,07:37 PM
act_arr_time,838,09:05 AM,08:50 AM
act_arr_time,843,03:30 PM,03:13 PM
act_arr_time,848,01:15 PM,01:14 PM
act_arr_time,854,10:36 AM,10:34 AM
act_arr_time,856,08:53 PM,08:38 PM
act_arr_time,860,07:51 AM,07:49 AM
act_arr_time,861,09:31 AM,09:26 AM
act_arr_time,863,06:38 PM,06:36 PM
act_arr_time,872,05:50 AM,empty
act_arr_time,873,12:29 AM,11:56 PM
act_arr_time,874,12:15 AM,empty
act_arr_time,875,11:50 PM,empty
act_arr_time,876,10:04 AM,09:45 AM
act_arr_time,877,11:44 AM,11:33 AM
act_arr_time,879,03:50 PM,empty
act_arr_time,882,05:11 AM,05:24 AM
act_arr_time,886,09:20 PM,09:11 PM
act_arr_time,890,03:43 PM,03:36 PM
act_arr_time,891,05:43 PM,05:39 PM
act_arr_time,893,01:43 PM,01:40 PM
act_arr_time,894,11:01 AM,11:00 AM
act_arr_time,898,06:43 PM,06:30 PM
act_arr_time,899,08:06 AM,07:59 AM
act_arr_time,901,06:15 PM,06:11 PM
act_arr_time,902,02:27 PM,02:21 PM
act_arr_time,905,05:38 PM,05:34 PM
act_arr_time,906,12:50 PM,12:37 PM
act_arr_time,909,06:19 AM,06:07 AM
act_arr_time,912,09:32 AM,09:22 AM
act_arr_time,913,07:25 PM,07:35 PM
act_arr_time,918,09:14 AM,09:09 AM
act_arr_time,922,09:05 AM,08:50 AM
act_arr_time,923,11:56 AM,11:50 AM
act_arr_time,924,03:30 PM,03:13 PM
act_arr_time,928,01:27 PM,01:11 PM
act_arr_time,929,02:27 PM,02:18 PM
act_arr_time,930,02:46 PM,02:39 PM
act_arr_time,931,08:53 PM,08:38 PM
act_arr_time,935,06:38 PM,06:36 PM
act_arr_time,937,09:53 PM,empty
act_arr_time,940,03:04 PM,02:52 PM
act_arr_time,943,12:29 AM,11:56 PM
act_arr_time,944,11:50 PM,11:35 PM (Estimated runway)
act_arr_time,945,11:44 AM,11:33 AM
act_arr_time,948,05:11 AM,05:24 AM
act_arr_time,952,09:20 PM,09:11 PM
act_arr_time,955,11:06 AM,11:04 AM
act_arr_time,956,04:47 PM,empty
act_arr_time,958,01:43 PM,01:40 PM
act_arr_time,959,11:01 AM,11:00 AM
act_arr_time,961,01:30 PM,01:27 PM
act_arr_time,962,06:43 PM,06:36 PM
act_arr_time,964,06:15 PM,06:11 PM
act_arr_time,965,10:56 AM,10:47 AM
act_arr_time,966,12:50 PM,12:37 PM
act_arr_time,967,06:19 AM,06:07 AM
act_arr_time,968,11:12 AM,11:00 AM
act_arr_time,969,03:14 PM,03:09 PM
act_arr_time,970,09:32 AM,09:22 AM
act_arr_time,971,07:51 AM,07:49 AM
act_arr_time,972,09:31 AM,09:26 AM
act_arr_time,974,11:06 AM,10:43 AM
act_arr_time,975,05:05 PM,04:57 PM
act_arr_time,977,04:23 PM,04:20 PM
act_arr_time,978,03:13 PM,02:49 PM
act_arr_time,979,11:50 PM,11:35 PM
act_arr_time,981,08:03 PM,07:43 PM
act_arr_time,982,06:15 PM,06:11 PM
act_arr_time,984,10:36 AM,10:34 AM
act_arr_time,985,03:33 PM,03:26 PM
act_arr_time,986,06:19 AM,06:07 AM
act_arr_time,987,11:12 AM,10:52 AM
act_arr_time,988,08:53 PM,08:38 PM
act_arr_time,989,06:43 PM,06:30 PM
act_arr_time,990,09:32 AM,09:22 AM
act_arr_time,991,09:28 AM,09:14 AM
act_arr_time,997,05:17 PM,Contact Airline
act_arr_time,999,06:55 AM,07:02 AM
act_arr_time,1005,07:39 PM,07:37 PM
act_arr_time,1008,09:05 AM,08:50 AM
act_arr_time,1009,05:05 PM,Contact Airline
act_arr_time,1013,11:01 AM,11:00 AM
act_arr_time,1015,08:06 AM,07:59 AM
act_arr_time,1016,03:30 PM,03:13 PM
act_arr_time,1019,01:15 PM,01:14 PM
act_arr_time,1021,02:27 PM,02:21 PM
act_arr_time,1023,10:36 AM,10:34 AM
act_arr_time,1025,08:53 PM,08:38 PM
act_arr_time,1029,07:51 AM,07:49 AM
act_arr_time,1030,09:31 AM,09:26 AM
act_arr_time,1031,06:38 PM,06:28 PM
act_arr_time,1036,05:50 AM,Dec 02 Not Available
act_arr_time,1037,12:29 AM,11:56 PM
act_arr_time,1038,12:15 AM,Dec 02 Not Available
act_arr_time,1039,11:50 PM,Not Available
act_arr_time,1040,10:04 AM,09:45 AM
act_arr_time,1041,11:44 AM,11:33 AM
act_arr_time,1044,03:50 PM,Not Available
act_arr_time,1049,09:20 PM,09:11 PM
act_arr_time,1052,03:43 PM,03:36 PM
act_arr_time,1053,05:43 PM,05:39 PM
act_arr_time,1055,04:47 PM,Contact Airline
act_arr_time,1056,01:43 PM,01:40 PM
act_arr_time,1061,06:43 PM,06:30 PM
act_arr_time,1062,06:15 PM,06:11 PM
act_arr_time,1064,05:38 PM,05:34 PM
act_arr_time,1065,12:50 PM,12:37 PM
act_arr_time,1069,06:19 AM,06:07 AM
act_arr_time,1071,09:32 AM,09:22 AM
act_arr_time,1073,09:28 AM,09:14 AM
act_arr_time,1081,06:55 AM,07:02 AM
act_arr_time,1084,06:28 PM,06:25 PM
act_arr_time,1085,09:14 AM,09:09 AM
act_arr_time,1087,01:27 PM,01:11 PM
act_arr_time,1090,07:39 PM,07:37 PM
act_arr_time,1094,04:47 PM,05:00 PM
act_arr_time,1097,09:05 AM,08:50 AM
act_arr_time,1098,05:05 PM,05:03 PM
act_arr_time,1101,11:56 AM,11:50 AM
act_arr_time,1102,03:30 PM,03:13 PM
act_arr_time,1107,01:15 PM,01:14 PM
act_arr_time,1112,03:33 PM,03:26 PM
act_arr_time,1113,10:36 AM,10:34 AM
act_arr_time,1115,08:53 PM,08:38 PM
act_arr_time,1119,07:51 AM,07:49 AM
act_arr_time,1120,09:31 AM,09:29 AM
act_arr_time,1121,07:55 PM,07:43 PM
act_arr_time,1122,06:38 PM,06:36 PM
act_arr_time,1124,09:53 PM,09:49 PM
act_arr_time,1129,02:50 PM,02:52 PM
act_arr_time,1131,05:50 AM,empty
act_arr_time,1132,12:29 AM,11:56 PM
act_arr_time,1133,12:15 AM,empty
act_arr_time,1134,11:50 PM,empty
act_arr_time,1135,10:04 AM,09:45 AM
act_arr_time,1136,11:44 AM,11:33 AM
act_arr_time,1138,03:50 PM,empty
act_arr_time,1141,05:11 AM,05:24 AM
act_arr_time,1145,09:20 PM,09:11 PM
act_arr_time,1149,03:43 PM,03:36 PM
act_arr_time,1150,05:43 PM,05:34 PM
act_arr_time,1152,01:43 PM,01:40 PM
act_arr_time,1153,11:01 AM,11:00 AM
act_arr_time,1155,03:13 PM,02:49 PM
act_arr_time,1157,06:43 PM,06:30 PM
act_arr_time,1158,08:06 AM,07:59 AM
act_arr_time,1160,06:15 PM,06:11 PM
act_arr_time,1161,02:27 PM,02:21 PM
act_arr_time,1164,05:38 PM,05:34 PM
act_arr_time,1165,12:50 PM,12:37 PM
act_arr_time,1168,06:19 AM,06:07 AM
act_arr_time,1171,09:32 AM,09:22 AM
act_arr_time,1172,09:28 AM,09:09 AM
act_arr_time,1179,07:39 PM,empty
act_arr_time,1180,08:03 PM,07:55 PM
act_arr_time,1181,09:05 AM,08:50 AM
act_arr_time,1182,05:05 PM,empty
act_arr_time,1184,11:56 AM,11:50 AM
act_arr_time,1186,02:50 PM,02:52 PM
act_arr_time,1188,01:15 PM,01:14 PM
act_arr_time,1189,02:46 PM,02:39 PM
act_arr_time,1192,08:53 PM,08:38 PM
act_arr_time,1196,09:53 PM,09:49 PM
act_arr_time,1200,05:50 AM,5:42 AM (Estimated runway)
act_arr_time,1205,05:11 AM,05:24 AM
act_arr_time,1210,03:43 PM,03:36 PM
act_arr_time,1212,12:29 AM,11:56 PM
act_arr_time,1213,01:43 PM,01:40 PM
act_arr_time,1214,11:01 AM,11:00 AM
act_arr_time,1218,06:43 PM,06:36 PM
act_arr_time,1219,07:25 PM,07:35 PM
act_arr_time,1221,06:15 PM,06:11 PM
act_arr_time,1222,06:19 AM,06:07 AM
act_arr_time,1223,11:12 AM,10:49 AM
act_arr_time,1224,09:32 AM,09:22 AM
act_arr_time,1226,09:28 AM,09:14 AM
act_arr_time,1228,09:43 AM,09:29 AM
act_arr_time,1229,10:30 PM,10:31 PM
act_arr_time,1230,05:17 PM,05:14 PM
act_arr_time,1233,11:21 AM,11:11 AM
act_arr_time,1234,06:55 AM,07:02 AM
act_arr_time,1237,06:28 PM,06:25 PM
act_arr_time,1240,01:27 PM,01:11 PM
act_arr_time,1242,09:45 AM,09:29 AM
act_arr_time,1243,07:39 PM,07:37 PM
act_arr_time,1248,04:09 PM,04:08 PM
act_arr_time,1250,09:05 AM,08:50 AM
act_arr_time,1251,05:05 PM,05:00 PM
act_arr_time,1254,11:56 AM,11:50 AM
act_arr_time,1255,03:30 PM,03:13 PM
act_arr_time,1256,01:30 PM,01:23 PM
act_arr_time,1257,03:21 PM,03:09 PM
act_arr_time,1260,01:15 PM,01:11 PM
act_arr_time,1263,02:46 PM,02:39 PM
act_arr_time,1266,10:36 AM,10:34 AM
act_arr_time,1268,08:53 PM,08:38 PM
act_arr_time,1269,03:16 PM,03:04 PM
act_arr_time,1273,07:51 AM,07:49 AM
act_arr_time,1274,09:31 AM,09:26 AM
act_arr_time,1275,07:55 PM,07:43 PM
act_arr_time,1276,11:06 AM,10:43 AM
act_arr_time,1277,06:38 PM,06:28 PM
act_arr_time,1279,09:53 PM,09:47 PM
act_arr_time,1281,10:47 AM,10:43 AM
act_arr_time,1282,03:04 PM,02:58 PM
act_arr_time,1283,04:23 PM,04:20 PM
act_arr_time,1286,05:50 AM,05:52 AM
act_arr_time,1287,12:29 AM,11:56 PM
act_arr_time,1288,12:15 AM,11:49 PM
act_arr_time,1289,11:50 PM,11:35 PM
act_arr_time,1290,10:04 AM,09:45 AM
act_arr_time,1291,11:44 AM,11:33 AM
act_arr_time,1293,03:50 PM,03:29 PM
act_arr_time,1296,05:11 AM,05:24 AM
act_arr_time,1300,09:20 PM,09:11 PM
act_arr_time,1304,03:43 PM,03:36 PM
act_arr_time,1305,05:43 PM,05:39 PM
act_arr_time,1306,11:06 AM,11:04 AM
act_arr_time,1307,01:43 PM,01:42 PM
act_arr_time,1308,11:01 AM,10:58 AM
act_arr_time,1310,03:13 PM,02:49 PM
act_arr_time,1312,06:43 PM,06:30 PM
act_arr_time,1313,08:06 AM,07:59 AM
act_arr_time,1314,06:15 PM,06:11 PM
act_arr_time,1315,02:27 PM,02:21 PM
act_arr_time,1317,05:38 PM,05:34 PM
act_arr_time,1318,12:50 PM,12:37 PM
act_arr_time,1321,06:19 AM,06:07 AM
act_arr_time,1322,11:12 AM,10:52 AM
act_arr_time,1323,03:14 PM,03:12 PM
act_arr_time,1324,09:32 AM,09:22 AM
act_arr_time,1326,09:28 AM,09:14 AM
act_arr_time,1333,11:21 AM,empty
act_arr_time,1334,06:55 AM,07:02 AM
act_arr_time,1343,07:39 PM,07:37 PM
act_arr_time,1350,09:05 AM,08:50 AM
act_arr_time,1354,11:56 AM,11:50 AM
act_arr_time,1355,03:30 PM,03:13 PM
act_arr_time,1360,01:15 PM,01:14 PM
act_arr_time,1366,10:36 AM,10:34 AM
act_arr_time,1368,08:53 PM,08:38 PM
act_arr_time,1372,07:51 AM,07:49 AM
act_arr_time,1373,09:31 AM,09:29 AM
act_arr_time,1375,06:38 PM,06:36 PM
act_arr_time,1379,10:47 AM,10:43 AM
act_arr_time,1384,05:50 AM,empty
act_arr_time,1385,12:29 AM,11:56 PM
act_arr_time,1386,12:15 AM,empty
act_arr_time,1387,11:50 PM,empty
act_arr_time,1388,10:04 AM,09:45 AM
act_arr_time,1389,11:44 AM,11:33 AM
act_arr_time,1390,03:50 PM,empty
act_arr_time,1393,05:11 AM,05:24 AM
act_arr_time,1397,09:20 PM,09:11 PM
act_arr_time,1401,03:43 PM,03:36 PM
act_arr_time,1402,05:43 PM,05:39 PM
act_arr_time,1404,01:43 PM,01:40 PM
act_arr_time,1405,11:01 AM,11:01aDec 1
act_arr_time,1409,06:43 PM,06:30 PM
act_arr_time,1410,08:06 AM,07:59 AM
act_arr_time,1412,06:15 PM,06:11 PM
act_arr_time,1413,02:27 PM,02:21 PM
act_arr_time,1416,05:38 PM,05:34 PM
act_arr_time,1417,12:50 PM,12:37 PM
act_arr_time,1420,06:19 AM,06:07 AM
act_arr_time,1421,11:12 AM,11:12aDec 1
act_arr_time,1423,04:09 PM,empty
act_arr_time,1425,03:43 PM,03:36 PM
act_arr_time,1446,07:51 AM,07:49 AM
act_arr_time,1447,03:43 PM,03:36 PM
act_arr_time,1449,05:43 PM,05:39 PM
act_arr_time,1450,06:38 PM,06:36 PM
act_arr_time,1455,10:36 AM,10:34 AM
act_arr_time,1460,12:29 AM,11:56 PM
act_arr_time,1461,08:06 AM,07:59 AM
act_arr_time,1462,12:15 AM,11:49 PM (Estimated runway)
act_arr_time,1463,06:15 PM,06:11 PM
act_arr_time,1464,11:44 AM,11:33 AM
act_arr_time,1467,05:38 PM,05:34 PM
act_arr_time,1474,09:20 PM,09:11 PM
act_arr_time,1475,06:19 AM,06:07 AM
act_arr_time,1483,06:43 PM,empty
act_arr_time,1484,11:44 AM,11:33 AM
act_arr_time,1485,11:12 AM,empty
act_arr_time,1488,09:32 AM,09:22 AM
act_arr_time,1490,09:28 AM,09:14 AM
act_arr_time,1492,09:43 AM,09:29 AM
act_arr_time,1493,10:30 PM,10:31 PM
act_arr_time,1494,05:17 PM,05:14 PM
act_arr_time,1497,11:21 AM,11:11 AM
act_arr_time,1498,06:55 AM,07:02 AM
act_arr_time,1501,06:28 PM,06:25 PM
act_arr_time,1504,01:27 PM,01:11 PM
act_arr_time,1506,09:45 AM,09:29 AM
act_arr_time,1507,07:39 PM,07:37 PM
act_arr_time,1512,04:09 PM,04:08 PM
act_arr_time,1514,09:05 AM,08:50 AM
act_arr_time,1515,05:05 PM,05:00 PM
act_arr_time,1518,11:56 AM,11:50 AM
act_arr_time,1519,03:30 PM,03:13 PM
act_arr_time,1520,01:30 PM,01:23 PM
act_arr_time,1521,03:21 PM,03:09 PM
act_arr_time,1524,01:15 PM,01:11 PM
act_arr_time,1527,02:46 PM,02:39 PM
act_arr_time,1530,10:36 AM,10:34 AM
act_arr_time,1532,08:53 PM,08:38 PM
act_arr_time,1533,03:16 PM,03:04 PM
act_arr_time,1537,07:51 AM,07:49 AM
act_arr_time,1538,09:31 AM,09:26 AM
act_arr_time,1539,07:55 PM,07:43 PM
act_arr_time,1540,11:06 AM,10:43 AM
act_arr_time,1541,06:38 PM,06:28 PM
act_arr_time,1543,09:53 PM,09:47 PM
act_arr_time,1545,10:47 AM,10:43 AM
act_arr_time,1546,03:04 PM,02:58 PM
act_arr_time,1547,04:23 PM,04:20 PM
act_arr_time,1550,05:50 AM,05:52 AM
act_arr_time,1551,12:29 AM,11:56 PM
act_arr_time,1552,12:15 AM,11:49 PM
act_arr_time,1553,11:50 PM,11:35 PM
act_arr_time,1554,10:04 AM,09:45 AM
act_arr_time,1555,11:44 AM,11:33 AM
act_arr_time,1557,03:50 PM,03:29 PM
act_arr_time,1560,05:11 AM,05:24 AM
act_arr_time,1564,09:20 PM,09:11 PM
act_arr_time,1568,03:43 PM,03:36 PM
act_arr_time,1569,05:43 PM,05:39 PM
act_arr_time,1570,11:06 AM,11:04 AM
act_arr_time,1571,01:43 PM,01:42 PM
act_arr_time,1572,11:01 AM,10:58 AM
act_arr_time,1574,03:13 PM,02:49 PM
act_arr_time,1576,06:43 PM,06:30 PM
act_arr_time,1577,08:06 AM,07:59 AM
act_arr_time,1578,06:15 PM,06:11 PM
act_arr_time,1579,02:27 PM,02:21 PM
act_arr_time,1581,05:38 PM,05:34 PM
act_arr_time,1582,12:50 PM,12:37 PM
act_arr_time,1585,06:19 AM,06:07 AM
act_arr_time,1586,11:12 AM,10:52 AM
act_arr_time,1587,03:14 PM,03:12 PM
act_arr_time,1592,05:17 PM,Contact Airline
act_arr_time,1593,11:21 AM,empty
act_arr_time,1594,06:55 AM,07:02 AM
act_arr_time,1601,09:05 AM,08:50 AM
act_arr_time,1604,08:06 AM,07:59 AM
act_arr_time,1608,01:15 PM,01:14 PM
act_arr_time,1610,02:27 PM,02:21 PM
act_arr_time,1611,07:51 AM,07:49 AM
act_arr_time,1612,09:31 AM,09:29 AM
act_arr_time,1616,10:47 AM,10:43 AM
act_arr_time,1617,08:53 PM,08:38 PM
act_arr_time,1618,12:29 AM,11:56 PM
act_arr_time,1619,12:15 AM,Dec 02 Not Available
act_arr_time,1620,11:50 PM,empty
act_arr_time,1621,10:04 AM,09:45 AM
act_arr_time,1622,11:44 AM,11:33 AM
act_arr_time,1624,03:50 PM,Not Available
act_arr_time,1626,05:11 AM,05:24 AM
act_arr_time,1627,09:20 PM,09:11 PM
act_arr_time,1628,05:43 PM,05:39 PM
act_arr_time,1630,01:43 PM,01:40 PM
act_arr_time,1632,11:12 AM,11:12aDec 1
act_arr_time,1635,06:15 PM,06:11 PM
act_arr_time,1638,09:32 AM,09:22 AM
act_arr_time,1639,07:51 AM,07:49 AM
act_arr_time,1640,09:31 AM,09:29 AM
act_arr_time,1641,03:43 PM,03:36 PM
act_arr_time,1643,09:53 PM,empty
act_arr_time,1645,03:13 PM,02:49 PM
act_arr_time,1646,08:53 PM,08:38 PM
act_arr_time,1647,08:06 AM,07:59 AM
act_arr_time,1650,06:15 PM,06:11 PM
act_arr_time,1651,05:50 AM,empty
act_arr_time,1655,12:50 PM,12:37 PM
act_arr_time,1656,05:11 AM,05:24 AM
act_arr_time,1662,09:32 AM,09:22 AM
act_arr_time,1663,09:28 AM,09:14 AM
act_arr_time,1666,10:30 PM,10:28 PM
act_arr_time,1667,06:55 AM,07:02 AM
act_arr_time,1670,09:45 AM,09:29 AM
act_arr_time,1671,07:39 PM,07:37 PM
act_arr_time,1672,01:27 PM,01:11 PM
act_arr_time,1673,04:09 PM,03:59 PM
act_arr_time,1675,09:05 AM,08:50 AM
act_arr_time,1676,05:05 PM,04:57 PM
act_arr_time,1677,11:01 AM,10:58 AM
act_arr_time,1678,11:56 AM,11:50 AM
act_arr_time,1679,08:06 AM,07:59 AM
act_arr_time,1680,03:30 PM,03:13 PM
act_arr_time,1683,03:21 PM,03:07 PM
act_arr_time,1685,01:15 PM,01:14 PM
act_arr_time,1686,08:03 PM,07:43 PM
act_arr_time,1687,11:06 AM,10:43 AM
act_arr_time,1689,02:27 PM,02:21 PM
act_arr_time,1690,02:46 PM,02:39 PM
act_arr_time,1691,03:33 PM,03:26 PM
act_arr_time,1692,10:36 AM,10:34 AM
act_arr_time,1694,08:53 PM,08:38 PM
act_arr_time,1695,03:16 PM,03:04 PM
act_arr_time,1697,12:09 PM,12:02 PM
act_arr_time,1698,07:51 AM,07:49 AM
act_arr_time,1699,09:31 AM,09:26 AM
act_arr_time,1700,07:55 PM,07:43 PM
act_arr_time,1701,06:38 PM,06:34 PM
act_arr_time,1702,09:53 PM,09:47 PM
act_arr_time,1703,03:04 PM,02:58 PM
act_arr_time,1704,04:23 PM,04:20 PM
act_arr_time,1705,04:17 PM,04:06 PM
act_arr_time,1706,12:29 AM,11:56 PM
act_arr_time,1707,12:15 AM,12:01 AM
act_arr_time,1708,11:50 PM,11:35 PM
act_arr_time,1709,10:04 AM,09:45 AM
act_arr_time,1710,11:44 AM,11:33 AM
act_arr_time,1711,03:50 PM,03:40 PM
act_arr_time,1712,05:11 AM,05:24 AM
act_arr_time,1714,09:20 PM,09:11 PM
act_arr_time,1715,03:43 PM,03:36 PM
act_arr_time,1716,05:43 PM,05:39 PM
act_arr_time,1717,11:06 AM,11:04 AM
act_arr_time,1718,01:43 PM,01:42 PM
act_arr_time,1719,03:13 PM,02:49 PM
act_arr_time,1720,06:43 PM,06:30 PM
act_arr_time,1721,06:15 PM,06:11 PM
act_arr_time,1722,03:14 PM,03:12 PM
act_arr_time,1723,05:38 PM,05:34 PM
act_arr_time,1724,12:50 PM,12:37 PM
act_arr_time,1725,06:36 PM,06:33 PM
act_arr_time,1726,06:19 AM,06:07 AM
act_arr_time,1727,11:12 AM,10:52 AM
act_arr_time,1735,01:15 PM,01:14 PM
act_arr_time,1740,06:38 PM,06:36 PM
act_arr_time,1745,12:29 AM,11:56 PM
act_arr_time,1748,05:11 AM,05:24 AM
act_arr_time,1756,05:38 PM,05:34 PM
act_arr_time,1759,09:32 AM,09:22 AM
act_arr_time,1761,09:28 AM,09:14 AM
act_arr_time,1769,06:55 AM,07:02 AM
act_arr_time,1778,07:39 PM,07:37 PM
act_arr_time,1785,09:05 AM,08:50 AM
act_arr_time,1790,03:30 PM,03:13 PM
act_arr_time,1795,01:15 PM,01:14 PM
act_arr_time,1801,10:36 AM,10:34 AM
act_arr_time,1803,08:53 PM,08:38 PM
act_arr_time,1807,07:51 AM,07:49 AM
act_arr_time,1808,09:31 AM,09:26 AM
act_arr_time,1810,06:38 PM,06:36 PM
act_arr_time,1819,05:50 AM,empty
act_arr_time,1820,12:29 AM,11:56 PM
act_arr_time,1821,12:15 AM,empty
act_arr_time,1822,11:50 PM,empty
act_arr_time,1823,10:04 AM,09:45 AM
act_arr_time,1824,11:44 AM,11:33 AM
act_arr_time,1826,03:50 PM,empty
act_arr_time,1829,05:11 AM,05:24 AM
act_arr_time,1833,09:20 PM,09:11 PM
act_arr_time,1837,03:43 PM,03:36 PM
act_arr_time,1838,05:43 PM,05:39 PM
act_arr_time,1840,01:43 PM,01:40 PM
act_arr_time,1841,11:01 AM,11:00 AM
act_arr_time,1845,06:43 PM,06:30 PM
act_arr_time,1846,08:06 AM,07:59 AM
act_arr_time,1848,06:15 PM,06:11 PM
act_arr_time,1849,02:27 PM,02:21 PM
act_arr_time,1852,05:38 PM,05:34 PM
act_arr_time,1853,12:50 PM,12:37 PM
act_arr_time,1856,06:19 AM,06:07 AM
act_arr_time,1859,09:32 AM,09:22 AM
act_arr_time,1861,09:28 AM,09:14 AM
act_arr_time,1869,06:55 AM,07:02 AM
act_arr_time,1877,07:39 PM,07:37 PM
act_arr_time,1883,09:05 AM,08:50 AM
act_arr_time,1887,11:01 AM,11:00 AM
act_arr_time,1889,08:06 AM,07:59 AM
act_arr_time,1890,03:30 PM,03:13 PM
act_arr_time,1894,01:15 PM,01:14 PM
act_arr_time,1896,02:27 PM,02:21 PM
act_arr_time,1900,10:36 AM,10:34 AM
act_arr_time,1902,08:53 PM,08:38 PM
act_arr_time,1907,07:51 AM,07:49 AM
act_arr_time,1908,09:31 AM,09:26 AM
act_arr_time,1911,06:38 PM,06:36 PM
act_arr_time,1919,05:50 AM,5:42 AM (Estimated runway)
act_arr_time,1920,12:29 AM,11:56 PM
act_arr_time,1921,12:15 AM,11:49 PM (Estimated runway)
act_arr_time,1922,11:50 PM,11:35 PM (Estimated runway)
act_arr_time,1924,10:04 AM,09:45 AM
act_arr_time,1925,11:44 AM,11:33 AM
act_arr_time,1929,05:11 AM,05:24 AM
act_arr_time,1932,09:20 PM,09:11 PM
act_arr_time,1935,03:43 PM,03:36 PM
act_arr_time,1936,05:43 PM,05:39 PM
act_arr_time,1938,01:43 PM,01:40 PM
act_arr_time,1942,06:43 PM,06:30 PM
act_arr_time,1943,06:15 PM,06:11 PM
act_arr_time,1946,05:38 PM,05:34 PM
act_arr_time,1947,12:50 PM,12:37 PM
act_arr_time,1949,06:19 AM,06:07 AM
act_arr_time,1951,09:32 AM,09:22 AM
act_arr_time,1953,09:28 AM,09:14 AM
act_arr_time,1961,06:55 AM,07:02 AM
act_arr_time,1964,06:28 PM,06:25 PM
act_arr_time,1965,09:14 AM,09:09 AM
act_arr_time,1967,01:27 PM,01:11 PM
act_arr_time,1970,07:39 PM,07:37 PM
act_arr_time,1974,04:47 PM,05:00 PM
act_arr_time,1977,09:05 AM,08:50 AM
act_arr_time,1978,05:05 PM,05:03 PM
act_arr_time,1981,11:56 AM,11:50 AM
act_arr_time,1982,03:30 PM,03:13 PM
act_arr_time,1987,01:15 PM,01:14 PM
act_arr_time,1992,03:33 PM,03:26 PM
act_arr_time,1993,10:36 AM,10:34 AM
act_arr_time,1995,08:53 PM,08:38 PM
act_arr_time,1999,07:51 AM,07:49 AM
act_arr_time,2000,09:31 AM,09:29 AM
act_arr_time,2001,07:55 PM,07:43 PM
act_arr_time,2002,06:38 PM,06:36 PM
act_arr_time,2004,09:53 PM,09:49 PM
act_arr_time,2009,02:50 PM,02:52 PM
act_arr_time,2011,05:50 AM,empty
act_arr_time,2012,12:29 AM,11:56 PM
act_arr_time,2013,12:15 AM,empty
act_arr_time,2014,11:50 PM,empty
act_arr_time,2015,10:04 AM,09:45 AM
act_arr_time,2016,11:44 AM,11:33 AM
act_arr_time,2018,03:50 PM,empty
act_arr_time,2021,05:11 AM,05:24 AM
act_arr_time,2025,09:20 PM,09:11 PM
act_arr_time,2029,03:43 PM,03:36 PM
act_arr_time,2030,05:43 PM,05:34 PM
act_arr_time,2032,01:43 PM,01:40 PM
act_arr_time,2033,11:01 AM,11:00 AM
act_arr_time,2035,03:13 PM,02:49 PM
act_arr_time,2037,06:43 PM,06:30 PM
act_arr_time,2038,08:06 AM,07:59 AM
act_arr_time,2040,06:15 PM,06:11 PM
act_arr_time,2041,02:27 PM,02:21 PM
act_arr_time,2044,05:38 PM,05:34 PM
act_arr_time,2045,12:50 PM,12:37 PM
act_arr_time,2048,06:19 AM,06:07 AM
act_arr_time,2051,09:32 AM,09:22 AM
act_arr_time,2053,09:28 AM,09:14 AM
act_arr_time,2061,06:55 AM,07:02 AM
act_arr_time,2070,07:39 PM,07:37 PM
act_arr_time,2077,09:05 AM,08:50 AM
act_arr_time,2082,03:30 PM,03:13 PM
act_arr_time,2087,01:15 PM,01:14 PM
act_arr_time,2093,10:36 AM,10:34 AM
act_arr_time,2095,08:53 PM,08:38 PM
act_arr_time,2099,07:51 AM,07:49 AM
act_arr_time,2100,09:31 AM,09:26 AM
act_arr_time,2102,06:38 PM,06:36 PM
act_arr_time,2111,05:50 AM,empty
act_arr_time,2112,12:29 AM,11:56 PM
act_arr_time,2113,12:15 AM,empty
act_arr_time,2114,11:50 PM,empty
act_arr_time,2115,10:04 AM,09:45 AM
act_arr_time,2116,11:44 AM,11:33 AM
act_arr_time,2118,03:50 PM,empty
act_arr_time,2121,05:11 AM,05:24 AM
act_arr_time,2125,09:20 PM,09:11 PM
act_arr_time,2129,03:43 PM,03:36 PM
act_arr_time,2130,05:43 PM,05:39 PM
act_arr_time,2132,01:43 PM,01:40 PM
act_arr_time,2133,11:01 AM,11:00 AM
act_arr_time,2137,06:43 PM,06:30 PM
act_arr_time,2138,08:06 AM,07:59 AM
act_arr_time,2140,06:15 PM,06:11 PM
act_arr_time,2141,02:27 PM,02:21 PM
act_arr_time,2144,05:38 PM,05:34 PM
act_arr_time,2145,12:50 PM,12:37 PM
act_arr_time,2148,06:19 AM,06:07 AM
act_arr_time,2153,12:15 AM,empty
act_arr_time,2156,09:32 AM,09:22 AM
act_arr_time,2158,09:28 AM,09:14 AM
act_arr_time,2166,06:55 AM,07:02 AM
act_arr_time,2169,06:28 PM,06:25 PM
act_arr_time,2170,09:14 AM,09:09 AM
act_arr_time,2172,01:27 PM,01:11 PM
act_arr_time,2175,07:39 PM,07:37 PM
act_arr_time,2179,04:47 PM,05:00 PM
act_arr_time,2182,09:05 AM,08:50 AM
act_arr_time,2183,05:05 PM,05:03 PM
act_arr_time,2186,11:56 AM,11:50 AM
act_arr_time,2187,03:30 PM,03:13 PM
act_arr_time,2192,01:15 PM,01:14 PM
act_arr_time,2197,03:33 PM,03:26 PM
act_arr_time,2198,10:36 AM,10:34 AM
act_arr_time,2200,08:53 PM,08:38 PM
act_arr_time,2204,07:51 AM,07:49 AM
act_arr_time,2205,09:31 AM,09:29 AM
act_arr_time,2206,07:55 PM,07:43 PM
act_arr_time,2207,06:38 PM,06:36 PM
act_arr_time,2209,09:53 PM,09:49 PM
act_arr_time,2214,02:50 PM,02:52 PM
act_arr_time,2216,05:50 AM,empty
act_arr_time,2217,12:29 AM,11:56 PM
act_arr_time,2218,12:15 AM,empty
act_arr_time,2220,10:04 AM,09:45 AM
act_arr_time,2221,11:44 AM,11:33 AM
act_arr_time,2223,03:50 PM,empty
act_arr_time,2226,05:11 AM,05:24 AM
act_arr_time,2230,09:20 PM,09:11 PM
act_arr_time,2234,03:43 PM,03:36 PM
act_arr_time,2235,05:43 PM,05:34 PM
act_arr_time,2237,01:43 PM,01:40 PM
act_arr_time,2238,11:01 AM,11:00 AM
act_arr_time,2240,03:13 PM,02:49 PM
act_arr_time,2242,06:43 PM,06:30 PM
act_arr_time,2243,08:06 AM,07:59 AM
act_arr_time,2245,06:15 PM,06:11 PM
act_arr_time,2246,02:27 PM,02:21 PM
act_arr_time,2249,05:38 PM,05:34 PM
act_arr_time,2250,12:50 PM,12:37 PM
act_arr_time,2253,06:19 AM,06:07 AM
act_arr_time,2256,09:32 AM,09:22 AM
act_arr_time,2257,09:28 AM,09:14 AM
act_arr_time,2260,10:30 PM,10:28 PM
act_arr_time,2261,06:55 AM,07:02 AM
act_arr_time,2264,09:45 AM,09:29 AM
act_arr_time,2265,07:39 PM,07:37 PM
act_arr_time,2266,01:27 PM,01:11 PM
act_arr_time,2267,04:09 PM,03:59 PM
act_arr_time,2269,09:05 AM,08:50 AM
act_arr_time,2270,05:05 PM,04:57 PM
act_arr_time,2271,11:01 AM,10:58 AM
act_arr_time,2272,11:56 AM,11:50 AM
act_arr_time,2273,08:06 AM,07:59 AM
act_arr_time,2274,03:30 PM,03:13 PM
act_arr_time,2277,03:21 PM,03:07 PM
act_arr_time,2279,01:15 PM,01:14 PM
act_arr_time,2280,08:03 PM,07:43 PM
act_arr_time,2281,11:06 AM,10:43 AM
act_arr_time,2283,02:27 PM,02:21 PM
act_arr_time,2284,02:46 PM,02:39 PM
act_arr_time,2285,03:33 PM,03:26 PM
act_arr_time,2286,10:36 AM,10:34 AM
act_arr_time,2288,08:53 PM,08:38 PM
act_arr_time,2289,03:16 PM,03:04 PM
act_arr_time,2291,12:09 PM,12:02 PM
act_arr_time,2292,07:51 AM,07:49 AM
act_arr_time,2293,09:31 AM,09:26 AM
act_arr_time,2294,07:55 PM,07:43 PM
act_arr_time,2295,06:38 PM,06:34 PM
act_arr_time,2296,09:53 PM,09:47 PM
act_arr_time,2297,03:04 PM,02:58 PM
act_arr_time,2298,04:23 PM,04:20 PM
act_arr_time,2299,04:17 PM,04:06 PM
act_arr_time,2300,12:29 AM,11:56 PM
act_arr_time,2301,12:15 AM,12:01 AM
act_arr_time,2302,11:50 PM,11:35 PM
act_arr_time,2303,10:04 AM,09:45 AM
act_arr_time,2304,11:44 AM,11:33 AM
act_arr_time,2305,03:50 PM,03:40 PM
act_arr_time,2306,05:11 AM,05:24 AM
act_arr_time,2308,09:20 PM,09:11 PM
act_arr_time,2309,03:43 PM,03:36 PM
act_arr_time,2310,05:43 PM,05:39 PM
act_arr_time,2311,11:06 AM,11:04 AM
act_arr_time,2312,01:43 PM,01:42 PM
act_arr_time,2313,03:13 PM,02:49 PM
act_arr_time,2314,06:43 PM,06:30 PM
act_arr_time,2315,06:15 PM,06:11 PM
act_arr_time,2316,03:14 PM,03:12 PM
act_arr_time,2317,05:38 PM,05:34 PM
act_arr_time,2318,12:50 PM,12:37 PM
act_arr_time,2319,06:36 PM,06:33 PM
act_arr_time,2320,06:19 AM,06:07 AM
act_arr_time,2321,11:12 AM,10:52 AM
act_arr_time,2322,09:32 AM,09:22 AM
act_arr_time,2323,09:28 AM,09:14 AM
act_arr_time,2329,06:55 AM,07:02 AM
act_arr_time,2332,07:39 PM,07:37 PM
act_arr_time,2335,09:05 AM,08:50 AM
act_arr_time,2337,11:01 AM,11:00 AM
act_arr_time,2339,08:06 AM,07:59 AM
act_arr_time,2340,03:30 PM,03:13 PM
act_arr_time,2343,01:15 PM,01:14 PM
act_arr_time,2345,02:27 PM,02:21 PM
act_arr_time,2347,10:36 AM,10:34 AM
act_arr_time,2348,08:53 PM,08:38 PM
act_arr_time,2351,07:51 AM,07:49 AM
act_arr_time,2352,09:31 AM,09:26 AM
act_arr_time,2353,06:38 PM,06:36 PM
act_arr_time,2356,05:50 AM,5:42 AM (Estimated runway)
act_arr_time,2357,12:29 AM,11:56 PM
act_arr_time,2359,11:50 PM,11:35 PM (Estimated runway)
act_arr_time,2360,10:04 AM,09:45 AM
act_arr_time,2361,11:44 AM,11:33 AM
act_arr_time,2363,03:50 PM,3:29 PM (Estimated runway)
act_arr_time,2364,03:43 PM,03:36 PM
act_arr_time,2365,05:43 PM,05:39 PM
act_arr_time,2367,01:43 PM,01:40 PM
act_arr_time,2369,06:43 PM,06:30 PM
act_arr_time,2370,06:15 PM,06:11 PM
act_arr_time,2372,05:38 PM,05:34 PM
act_arr_time,2373,12:50 PM,12:37 PM
act_arr_time,2375,06:19 AM,06:07 AM
